age,job,marital,education,default,balance,housing,loan,contact,day,month,duration,campaign,pdays,previous,poutcome,deposit
28,management,single,secondary,no,7635.0,yes,no,unknown,6,may,1297,3,-1,0,unknown,yes
30,management,single,secondary,no,463.5,yes,no,unknown,7,may,1574,2,-1,0,unknown,yes
32,management,single,primary,no,916.5,yes,no,unknown,8,may,541,3,-1,0,unknown,yes
37,management,single,secondary,no,571.5,yes,no,unknown,8,may,985,2,-1,0,unknown,yes
26,management,single,secondary,no,123.0,yes,no,unknown,9,may,654,1,-1,0,unknown,yes
38,management,single,tertiary,no,178.5,yes,no,unknown,13,may,568,4,-1,0,unknown,yes
31,management,single,tertiary,no,216.0,yes,no,unknown,16,may,676,1,-1,0,unknown,yes
26,management,single,secondary,no,369.0,yes,no,unknown,16,may,1143,3,-1,0,unknown,yes
37,management,single,secondary,no,1188.0,yes,no,unknown,16,may,1187,4,-1,0,unknown,yes
36,management,single,secondary,no,6657.0,yes,no,unknown,20,may,446,1,-1,0,unknown,yes
31,management,single,secondary,no,646.5,yes,yes,unknown,20,may,1045,1,-1,0,unknown,yes
37,management,single,secondary,no,1816.5,yes,no,unknown,21,may,795,1,-1,0,unknown,yes
36,management,single,primary,no,898.5,yes,no,unknown,21,may,649,2,-1,0,unknown,yes
31,management,single,tertiary,no,1237.5,yes,no,unknown,21,may,506,2,-1,0,unknown,yes
35,management,single,primary,no,1491.0,yes,no,unknown,23,may,1349,8,-1,0,unknown,yes
35,management,single,tertiary,no,2031.0,yes,no,unknown,23,may,736,2,-1,0,unknown,yes
33,management,single,secondary,no,2196.0,yes,no,unknown,23,may,588,3,-1,0,unknown,yes
31,management,single,secondary,no,4365.0,yes,no,unknown,23,may,1392,2,-1,0,unknown,yes
37,management,single,secondary,no,187.5,no,no,unknown,26,may,679,2,-1,0,unknown,yes
28,management,single,tertiary,no,0.0,yes,no,unknown,26,may,1560,2,-1,0,unknown,yes
37,management,single,secondary,no,474.0,yes,no,unknown,26,may,642,2,-1,0,unknown,yes
34,management,single,tertiary,no,3430.5,yes,no,unknown,26,may,895,4,-1,0,unknown,yes
26,management,single,secondary,no,1351.5,yes,no,unknown,26,may,764,2,-1,0,unknown,yes
29,management,single,tertiary,no,471.0,no,no,unknown,28,may,938,2,-1,0,unknown,yes
26,management,single,tertiary,no,10260.0,yes,no,unknown,28,may,1560,2,-1,0,unknown,yes
25,management,single,secondary,no,1863.0,yes,no,unknown,28,may,615,2,-1,0,unknown,yes
28,management,single,secondary,no,438.0,yes,no,unknown,28,may,507,1,-1,0,unknown,yes
34,management,single,tertiary,no,1587.0,yes,no,unknown,28,may,864,2,-1,0,unknown,yes
28,management,single,secondary,no,1423.5,yes,no,unknown,28,may,1730,1,-1,0,unknown,yes
38,management,single,secondary,no,28.5,yes,no,unknown,30,may,604,2,-1,0,unknown,yes
34,management,single,secondary,no,2176.5,yes,no,unknown,30,may,1097,15,-1,0,unknown,yes
35,management,single,secondary,no,1047.0,yes,yes,unknown,30,may,1343,3,-1,0,unknown,yes
29,management,single,tertiary,no,0.0,yes,no,unknown,30,may,539,12,-1,0,unknown,yes
39,management,single,tertiary,no,4144.5,yes,no,unknown,2,jun,526,2,-1,0,unknown,yes
36,management,single,secondary,no,4476.0,yes,no,unknown,2,jun,394,1,-1,0,unknown,yes
32,management,single,secondary,no,1044.0,yes,no,unknown,2,jun,815,1,-1,0,unknown,yes
36,management,single,tertiary,no,-117.0,yes,no,unknown,2,jun,1068,1,-1,0,unknown,yes
35,management,single,tertiary,no,1300.5,yes,no,unknown,2,jun,230,3,-1,0,unknown,yes
35,management,single,secondary,no,-130.5,yes,no,unknown,3,jun,1363,7,-1,0,unknown,yes
32,management,single,tertiary,no,9421.5,yes,no,unknown,3,jun,1336,4,-1,0,unknown,yes
27,management,single,tertiary,yes,-1069.5,yes,no,unknown,4,jun,525,2,-1,0,unknown,yes
30,management,single,tertiary,no,814.5,yes,yes,unknown,4,jun,1449,6,-1,0,unknown,yes
36,management,single,primary,no,604.5,yes,no,unknown,4,jun,920,1,-1,0,unknown,yes
35,management,single,secondary,no,655.5,yes,no,unknown,4,jun,908,1,-1,0,unknown,yes
26,management,single,secondary,no,1065.0,yes,yes,unknown,6,jun,1276,2,-1,0,unknown,yes
37,management,single,unknown,no,2262.0,no,yes,unknown,6,jun,381,2,-1,0,unknown,yes
38,management,single,tertiary,no,928.5,yes,no,unknown,6,jun,460,4,-1,0,unknown,yes
35,management,single,tertiary,no,102.0,no,no,unknown,6,jun,1085,1,-1,0,unknown,yes
38,management,single,primary,no,325.5,yes,no,unknown,9,jun,491,6,-1,0,unknown,yes
39,management,single,tertiary,no,-285.0,no,yes,unknown,11,jun,893,8,-1,0,unknown,yes
24,management,single,secondary,yes,-304.5,yes,no,unknown,12,jun,465,3,-1,0,unknown,yes
36,management,single,tertiary,no,4585.5,no,no,unknown,16,jun,2769,4,-1,0,unknown,yes
29,management,single,secondary,no,1362.0,yes,no,unknown,20,jun,1663,1,-1,0,unknown,yes
27,management,single,secondary,yes,-40.5,no,no,unknown,23,jun,498,2,-1,0,unknown,yes
25,management,single,primary,no,78.0,yes,no,unknown,24,jun,528,2,-1,0,unknown,yes
30,management,single,tertiary,no,789.0,yes,yes,unknown,26,jun,677,3,-1,0,unknown,yes
28,management,single,secondary,no,-10.5,no,yes,unknown,26,jun,3183,2,-1,0,unknown,yes
27,management,single,primary,no,-619.5,no,yes,unknown,27,jun,422,6,-1,0,unknown,yes
37,management,single,tertiary,no,0.0,no,no,unknown,1,jul,1135,2,-1,0,unknown,yes
29,management,single,secondary,no,126.0,no,yes,unknown,3,jul,587,3,-1,0,unknown,yes
33,management,single,secondary,no,171.0,no,yes,unknown,3,jul,676,1,-1,0,unknown,yes
31,management,single,tertiary,no,444.0,no,yes,cellular,8,jul,509,4,-1,0,unknown,yes
28,management,single,secondary,no,775.5,no,yes,cellular,8,jul,681,1,-1,0,unknown,yes
33,management,single,tertiary,no,55.5,no,yes,cellular,8,jul,1082,1,-1,0,unknown,yes
38,management,single,secondary,no,0.0,no,no,cellular,8,jul,635,1,-1,0,unknown,yes
29,management,single,tertiary,yes,0.0,no,yes,cellular,9,jul,426,3,-1,0,unknown,yes
31,management,single,tertiary,no,613.5,no,yes,cellular,9,jul,564,5,-1,0,unknown,yes
26,management,single,secondary,no,-43.5,yes,no,cellular,10,jul,998,4,-1,0,unknown,yes
34,management,single,secondary,no,-49.5,yes,yes,cellular,10,jul,961,1,-1,0,unknown,yes
30,management,single,secondary,no,7.5,no,yes,cellular,10,jul,829,5,-1,0,unknown,yes
29,management,single,tertiary,no,1474.5,yes,no,cellular,11,jul,963,2,-1,0,unknown,yes
35,management,single,secondary,no,3654.0,no,yes,cellular,14,jul,1397,3,-1,0,unknown,yes
38,management,single,secondary,no,1464.0,yes,no,cellular,14,jul,766,3,-1,0,unknown,yes
31,management,single,secondary,no,1759.5,yes,no,cellular,14,jul,444,3,-1,0,unknown,yes
34,management,single,primary,no,-163.5,yes,no,cellular,15,jul,860,4,-1,0,unknown,yes
37,management,single,tertiary,no,2662.5,no,no,cellular,15,jul,514,5,-1,0,unknown,yes
30,management,single,primary,no,0.0,no,no,cellular,15,jul,716,3,-1,0,unknown,yes
27,management,single,tertiary,no,226.5,yes,no,cellular,16,jul,496,1,-1,0,unknown,yes
39,management,single,tertiary,no,895.5,no,no,cellular,16,jul,686,6,-1,0,unknown,yes
35,management,single,tertiary,no,54.0,no,yes,cellular,16,jul,1656,5,-1,0,unknown,yes
35,management,single,primary,no,169.5,yes,no,cellular,17,jul,923,2,-1,0,unknown,yes
27,management,single,secondary,no,2730.0,yes,no,cellular,17,jul,1027,1,-1,0,unknown,yes
33,management,single,secondary,no,991.5,yes,no,cellular,18,jul,968,1,-1,0,unknown,yes
32,management,single,primary,no,153.0,yes,no,cellular,18,jul,560,1,-1,0,unknown,yes
31,management,single,secondary,no,0.0,yes,yes,cellular,18,jul,913,4,-1,0,unknown,yes
31,management,single,tertiary,no,487.5,yes,no,cellular,18,jul,1139,2,-1,0,unknown,yes
26,management,single,primary,no,613.5,yes,no,cellular,21,jul,577,2,-1,0,unknown,yes
34,management,single,secondary,no,-45.0,no,no,cellular,21,jul,1360,3,-1,0,unknown,yes
26,management,single,secondary,no,-568.5,yes,yes,cellular,22,jul,1237,7,-1,0,unknown,yes
25,management,single,unknown,no,523.5,yes,no,cellular,22,jul,1037,8,-1,0,unknown,yes
25,management,single,secondary,no,-370.5,yes,no,cellular,23,jul,633,1,-1,0,unknown,yes
27,management,single,secondary,no,-588.0,yes,no,cellular,23,jul,228,2,-1,0,unknown,yes
33,management,single,tertiary,no,592.5,yes,no,cellular,23,jul,1359,6,-1,0,unknown,yes
38,management,single,tertiary,no,0.0,no,no,cellular,23,jul,532,2,-1,0,unknown,yes
28,management,single,secondary,no,510.0,yes,no,cellular,24,jul,821,2,-1,0,unknown,yes
28,management,single,tertiary,no,745.5,yes,no,cellular,24,jul,1602,6,-1,0,unknown,yes
26,management,single,secondary,no,1411.5,no,yes,cellular,25,jul,784,1,-1,0,unknown,yes
37,management,single,secondary,no,1162.5,no,yes,cellular,25,jul,1000,1,-1,0,unknown,yes
30,management,single,tertiary,no,3.0,yes,yes,cellular,25,jul,1031,8,-1,0,unknown,yes
37,management,single,secondary,no,7536.0,no,yes,cellular,25,jul,661,4,-1,0,unknown,yes
31,management,single,tertiary,no,0.0,yes,yes,cellular,28,jul,664,8,-1,0,unknown,yes
34,management,single,secondary,no,4434.0,no,no,cellular,6,aug,835,2,-1,0,unknown,yes
35,management,single,tertiary,no,219.0,no,no,cellular,6,aug,720,2,-1,0,unknown,yes
36,management,single,tertiary,yes,54.0,no,no,cellular,6,aug,836,4,-1,0,unknown,yes
32,management,single,secondary,no,840.0,no,no,cellular,6,aug,1044,4,-1,0,unknown,yes
32,management,single,tertiary,no,2134.5,no,no,cellular,6,aug,1249,4,-1,0,unknown,yes
32,management,single,tertiary,no,6436.5,no,no,cellular,7,aug,1321,9,-1,0,unknown,yes
35,management,single,tertiary,no,123.0,no,no,cellular,8,aug,507,4,-1,0,unknown,yes
33,management,single,tertiary,no,1570.5,no,no,cellular,8,aug,512,4,-1,0,unknown,yes
35,management,single,tertiary,no,4435.5,yes,yes,cellular,8,aug,733,3,-1,0,unknown,yes
31,management,single,tertiary,no,3.0,no,no,cellular,8,aug,848,1,-1,0,unknown,yes
36,management,single,secondary,no,1.5,no,no,cellular,8,aug,1242,3,-1,0,unknown,yes
31,management,single,tertiary,no,2787.0,no,no,cellular,12,aug,453,3,-1,0,unknown,yes
35,management,single,secondary,no,-270.0,no,yes,cellular,13,aug,823,2,-1,0,unknown,yes
32,management,single,tertiary,no,51969.0,no,no,telephone,13,aug,618,9,-1,0,unknown,yes
31,management,single,tertiary,no,234.0,no,no,cellular,13,aug,657,7,-1,0,unknown,yes
34,management,single,tertiary,no,14740.5,yes,no,cellular,13,aug,871,4,-1,0,unknown,yes
34,management,single,secondary,no,24.0,no,no,cellular,13,aug,990,1,-1,0,unknown,yes
34,management,single,primary,no,4393.5,no,no,cellular,14,aug,518,2,-1,0,unknown,yes
32,management,single,secondary,no,0.0,no,no,cellular,18,aug,594,4,-1,0,unknown,yes
36,management,single,tertiary,no,4416.0,no,no,cellular,18,aug,882,8,-1,0,unknown,yes
33,management,single,tertiary,no,648.0,no,no,telephone,20,aug,588,6,-1,0,unknown,yes
33,management,single,primary,no,3081.0,no,no,cellular,25,aug,472,6,-1,0,unknown,yes
33,management,single,tertiary,no,3955.5,no,no,cellular,28,aug,583,17,-1,0,unknown,yes
39,management,single,tertiary,no,-25.5,yes,yes,cellular,28,aug,908,1,-1,0,unknown,yes
30,management,single,tertiary,no,2677.5,no,no,unknown,17,oct,235,1,-1,0,unknown,yes
30,management,single,secondary,no,2496.0,yes,no,telephone,20,oct,2016,1,-1,0,unknown,yes
33,management,single,secondary,no,5166.0,yes,no,telephone,21,oct,144,1,91,4,failure,yes
28,management,single,secondary,no,3526.5,no,no,telephone,22,oct,157,1,-1,0,unknown,yes
27,management,single,secondary,no,3493.5,no,no,telephone,27,oct,131,1,-1,0,unknown,yes
34,management,single,secondary,no,1518.0,yes,yes,telephone,28,oct,540,1,-1,0,unknown,yes
35,management,single,tertiary,no,0.0,yes,no,telephone,29,oct,171,1,-1,0,unknown,yes
38,management,single,secondary,no,3705.0,no,no,telephone,31,oct,227,1,-1,0,unknown,yes
39,management,single,secondary,no,1960.5,yes,no,telephone,31,oct,158,1,-1,0,unknown,yes
31,management,single,tertiary,no,1996.5,no,no,unknown,5,nov,268,1,-1,0,unknown,yes
37,management,single,secondary,no,2955.0,yes,no,telephone,5,nov,253,1,-1,0,unknown,yes
34,management,single,tertiary,no,1348.5,yes,no,unknown,12,nov,114,1,170,3,failure,yes
32,management,single,tertiary,no,1050.0,no,no,unknown,13,nov,90,1,-1,0,unknown,yes
35,management,single,secondary,no,190.5,yes,no,telephone,14,nov,162,1,-1,0,unknown,yes
30,management,single,secondary,no,1224.0,yes,no,unknown,14,nov,179,1,-1,0,unknown,yes
31,management,single,tertiary,no,1141.5,no,no,telephone,18,nov,514,2,-1,0,unknown,yes
31,management,single,secondary,no,28.5,yes,no,cellular,18,nov,1978,1,-1,0,unknown,yes
38,management,single,tertiary,no,4851.0,no,no,cellular,18,nov,578,2,-1,0,unknown,yes
30,management,single,tertiary,no,8341.5,yes,no,cellular,19,nov,511,1,-1,0,unknown,yes
35,management,single,tertiary,no,1288.5,yes,yes,cellular,19,nov,1554,1,-1,0,unknown,yes
32,management,single,secondary,no,3922.5,no,no,cellular,19,nov,853,1,-1,0,unknown,yes
32,management,single,tertiary,no,1873.5,yes,no,cellular,19,nov,472,1,-1,0,unknown,yes
38,management,single,primary,no,285.0,yes,no,telephone,19,nov,623,1,175,1,other,yes
32,management,single,tertiary,no,825.0,no,no,cellular,19,nov,337,1,-1,0,unknown,yes
30,management,single,secondary,no,19105.5,no,yes,cellular,19,nov,589,2,-1,0,unknown,yes
32,management,single,secondary,no,381.0,yes,no,cellular,19,nov,1720,3,-1,0,unknown,yes
32,management,single,tertiary,no,1417.5,no,no,cellular,20,nov,531,1,-1,0,unknown,yes
33,management,single,tertiary,no,10264.5,no,no,cellular,20,nov,755,1,100,10,other,yes
39,management,single,tertiary,no,10.5,yes,no,cellular,20,nov,931,4,-1,0,unknown,yes
30,management,single,secondary,no,2691.0,no,no,cellular,20,nov,1035,1,-1,0,unknown,yes
33,management,single,tertiary,no,5101.5,no,no,cellular,20,nov,253,1,-1,0,unknown,yes
31,management,single,secondary,no,471.0,yes,no,cellular,20,nov,1341,3,178,7,failure,yes
35,management,single,secondary,no,8458.5,yes,no,cellular,20,nov,945,2,-1,0,unknown,yes
36,management,single,tertiary,no,6103.5,no,no,cellular,21,nov,517,1,-1,0,unknown,yes
31,management,single,tertiary,no,3883.5,no,no,cellular,21,nov,614,1,-1,0,unknown,yes
39,management,single,tertiary,no,2952.0,no,no,cellular,21,nov,648,1,-1,0,unknown,yes
30,management,single,secondary,no,682.5,yes,no,cellular,21,nov,758,1,-1,0,unknown,yes
31,management,single,tertiary,no,6222.0,yes,no,cellular,21,nov,316,3,99,9,other,yes
33,management,single,tertiary,no,0.0,yes,no,cellular,21,nov,654,1,-1,0,unknown,yes
38,management,single,tertiary,no,5154.0,no,no,cellular,21,nov,663,4,-1,0,unknown,yes
34,management,single,tertiary,no,3949.5,yes,no,cellular,21,nov,705,6,-1,0,unknown,yes
26,management,single,tertiary,no,1221.0,no,no,cellular,28,jan,1387,1,-1,0,unknown,yes
32,management,single,secondary,no,810.0,no,yes,cellular,29,jan,750,1,-1,0,unknown,yes
39,management,single,tertiary,no,3154.5,no,no,cellular,2,feb,588,1,-1,0,unknown,yes
36,management,single,secondary,no,144.0,no,no,cellular,2,feb,302,1,-1,0,unknown,yes
26,management,single,secondary,no,0.0,no,no,cellular,2,feb,1223,2,-1,0,unknown,yes
37,management,single,tertiary,no,6133.5,yes,no,cellular,2,feb,289,2,174,4,other,yes
25,management,single,secondary,no,724.5,no,yes,cellular,3,feb,189,1,-1,0,unknown,yes
39,management,single,secondary,no,-171.0,yes,no,cellular,3,feb,372,1,-1,0,unknown,yes
28,management,single,tertiary,no,0.0,yes,no,cellular,4,feb,546,3,196,4,failure,yes
31,management,single,secondary,no,1821.0,no,no,cellular,4,feb,974,1,-1,0,unknown,yes
30,management,single,tertiary,no,3999.0,no,no,cellular,4,feb,467,1,-1,0,unknown,yes
29,management,single,tertiary,no,1045.5,no,no,cellular,4,feb,206,1,-1,0,unknown,yes
38,management,single,tertiary,no,6574.5,no,no,cellular,4,feb,1381,4,-1,0,unknown,yes
29,management,single,secondary,no,409.5,no,no,cellular,4,feb,2775,2,-1,0,unknown,yes
26,management,single,secondary,no,151.5,yes,no,cellular,5,feb,810,1,268,1,failure,yes
26,management,single,tertiary,no,1087.5,no,no,cellular,5,feb,1916,2,189,29,other,yes
32,management,single,tertiary,no,0.0,no,no,cellular,5,feb,550,4,-1,0,unknown,yes
31,management,single,tertiary,no,19285.5,yes,no,cellular,6,feb,158,1,92,1,success,yes
26,management,single,tertiary,no,1710.0,yes,no,cellular,6,feb,984,2,-1,0,unknown,yes
32,management,single,secondary,no,2818.5,no,no,cellular,6,feb,591,8,-1,0,unknown,yes
29,management,single,tertiary,no,1009.5,yes,no,cellular,9,feb,835,3,-1,0,unknown,yes
31,management,single,tertiary,no,559.5,no,no,cellular,10,feb,132,6,-1,0,unknown,yes
33,management,single,secondary,no,553.5,no,no,cellular,11,feb,446,1,-1,0,unknown,yes
26,management,single,tertiary,no,17793.0,no,no,cellular,13,feb,119,1,-1,0,unknown,yes
37,management,single,tertiary,no,190.5,yes,no,cellular,13,feb,71,1,-1,0,unknown,yes
37,management,single,secondary,no,2314.5,yes,no,cellular,16,feb,138,2,-1,0,unknown,yes
37,management,single,tertiary,no,8032.5,no,no,telephone,17,feb,466,4,-1,0,unknown,yes
39,management,single,secondary,no,3399.0,no,no,cellular,18,feb,208,4,-1,0,unknown,yes
26,management,single,tertiary,no,469.5,no,yes,cellular,26,feb,210,2,-1,0,unknown,yes
28,management,single,tertiary,no,3733.5,yes,no,telephone,27,feb,342,2,-1,0,unknown,yes
39,management,single,primary,no,871.5,yes,no,cellular,27,feb,233,1,270,1,other,yes
37,management,single,tertiary,no,823.5,no,no,cellular,2,mar,239,1,-1,0,unknown,yes
29,management,single,tertiary,no,138.0,no,no,cellular,2,mar,175,5,-1,0,unknown,yes
30,management,single,secondary,no,784.5,no,yes,cellular,3,mar,83,1,-1,0,unknown,yes
34,management,single,secondary,no,322.5,no,no,cellular,3,mar,350,3,-1,0,unknown,yes
37,management,single,tertiary,no,0.0,no,no,cellular,3,mar,426,1,-1,0,unknown,yes
33,management,single,tertiary,no,375.0,no,no,cellular,4,mar,377,6,-1,0,unknown,yes
29,management,single,secondary,no,3489.0,no,no,cellular,6,mar,195,1,-1,0,unknown,yes
36,management,single,tertiary,no,1216.5,no,no,cellular,6,mar,229,1,-1,0,unknown,yes
32,management,single,secondary,no,613.5,no,no,cellular,9,mar,217,2,-1,0,unknown,yes
35,management,single,tertiary,no,1006.5,yes,no,cellular,10,mar,112,1,-1,0,unknown,yes
24,management,single,tertiary,no,-91.5,no,no,cellular,11,mar,95,4,-1,0,unknown,yes
32,management,single,tertiary,no,13393.5,no,no,cellular,11,mar,126,1,-1,0,unknown,yes
31,management,single,tertiary,no,106.5,no,no,cellular,12,mar,119,1,-1,0,unknown,yes
36,management,single,tertiary,no,5110.5,no,no,cellular,16,mar,392,4,-1,0,unknown,yes
37,management,single,tertiary,no,1500.0,yes,no,cellular,17,mar,195,1,-1,0,unknown,yes
37,management,single,tertiary,no,2595.0,no,no,cellular,19,mar,167,1,-1,0,unknown,yes
26,management,single,tertiary,no,4179.0,no,no,cellular,23,mar,415,1,-1,0,unknown,yes
24,management,single,secondary,no,1875.0,no,no,cellular,25,mar,411,2,-1,0,unknown,yes
28,management,single,secondary,no,1915.5,no,no,cellular,26,mar,475,1,-1,0,unknown,yes
36,management,single,secondary,no,847.5,no,no,cellular,27,mar,300,1,-1,0,unknown,yes
23,management,single,tertiary,no,3214.5,no,no,cellular,30,mar,180,2,-1,0,unknown,yes
27,management,single,tertiary,no,1246.5,no,no,cellular,30,mar,1081,2,-1,0,unknown,yes
30,management,single,tertiary,no,466.5,no,no,cellular,31,mar,158,2,-1,0,unknown,yes
27,management,single,tertiary,no,589.5,no,no,cellular,1,apr,165,2,-1,0,unknown,yes
26,management,single,secondary,no,7507.5,no,yes,cellular,3,apr,117,1,-1,0,unknown,yes
26,management,single,secondary,no,5122.5,no,no,cellular,8,apr,209,1,-1,0,unknown,yes
30,management,single,secondary,no,3816.0,no,no,cellular,8,apr,108,2,-1,0,unknown,yes
27,management,single,secondary,no,1939.5,yes,no,cellular,8,apr,1665,3,-1,0,unknown,yes
38,management,single,tertiary,no,309.0,no,no,cellular,8,apr,350,2,-1,0,unknown,yes
30,management,single,secondary,no,4929.0,yes,no,cellular,9,apr,743,1,-1,0,unknown,yes
33,management,single,secondary,no,1078.5,yes,no,cellular,9,apr,448,2,316,6,failure,yes
30,management,single,tertiary,no,3816.0,no,no,cellular,9,apr,152,2,-1,0,unknown,yes
28,management,single,tertiary,no,343.5,yes,no,cellular,9,apr,1042,2,315,2,other,yes
35,management,single,tertiary,no,2398.5,yes,yes,cellular,13,apr,407,1,-1,0,unknown,yes
34,management,single,tertiary,no,1054.5,yes,no,cellular,14,apr,342,1,-1,0,unknown,yes
33,management,single,tertiary,no,0.0,yes,no,cellular,14,apr,535,3,328,1,failure,yes
36,management,single,secondary,no,-379.5,yes,no,cellular,14,apr,1073,1,-1,0,unknown,yes
30,management,single,tertiary,no,495.0,no,no,cellular,14,apr,111,1,-1,0,unknown,yes
32,management,single,secondary,yes,-79.5,yes,no,cellular,16,apr,648,1,272,1,other,yes
37,management,single,secondary,no,2643.0,no,no,cellular,16,apr,334,2,-1,0,unknown,yes
32,management,single,tertiary,no,441.0,yes,no,cellular,17,apr,1095,1,274,5,success,yes
30,management,single,secondary,no,103.5,yes,no,cellular,17,apr,997,1,-1,0,unknown,yes
39,management,single,tertiary,no,-4587.0,yes,yes,cellular,17,apr,882,3,-1,0,unknown,yes
35,management,single,tertiary,no,595.5,yes,no,cellular,17,apr,594,1,-1,0,unknown,yes
37,management,single,primary,no,4731.0,yes,no,cellular,17,apr,404,1,305,3,failure,yes
36,management,single,secondary,yes,-730.5,yes,no,cellular,17,apr,1080,1,-1,0,unknown,yes
39,management,single,tertiary,no,2286.0,no,no,cellular,20,apr,567,1,-1,0,unknown,yes
33,management,single,secondary,no,2952.0,yes,no,cellular,20,apr,1817,3,-1,0,unknown,yes
26,management,single,secondary,no,204.0,no,no,cellular,20,apr,120,1,-1,0,unknown,yes
37,management,single,secondary,no,0.0,yes,no,cellular,21,apr,146,4,-1,0,unknown,yes
35,management,single,tertiary,no,1056.0,no,no,cellular,21,apr,164,1,-1,0,unknown,yes
26,management,single,tertiary,no,1701.0,no,no,cellular,21,apr,464,4,-1,0,unknown,yes
30,management,single,unknown,no,9421.5,no,no,cellular,21,apr,149,2,-1,0,unknown,yes
31,management,single,tertiary,no,1014.0,yes,no,cellular,22,apr,124,2,343,2,other,yes
39,management,single,secondary,no,1098.0,no,no,cellular,23,apr,522,4,-1,0,unknown,yes
30,management,single,tertiary,no,597.0,no,no,cellular,24,apr,235,2,-1,0,unknown,yes
32,management,single,tertiary,no,4461.0,yes,no,cellular,24,apr,227,1,4,1,failure,yes
31,management,single,tertiary,no,1621.5,no,no,cellular,24,apr,202,5,261,2,failure,yes
35,management,single,secondary,no,223.5,yes,no,cellular,29,apr,507,3,349,1,other,yes
34,management,single,secondary,no,960.0,yes,no,cellular,29,apr,636,2,-1,0,unknown,yes
30,management,single,tertiary,no,79.5,no,no,cellular,29,apr,375,1,-1,0,unknown,yes
39,management,single,secondary,no,22.5,yes,no,cellular,30,apr,510,1,-1,0,unknown,yes
29,management,single,secondary,no,117.0,no,no,cellular,30,apr,239,1,-1,0,unknown,yes
31,management,single,tertiary,no,5073.0,no,no,cellular,30,apr,739,1,-1,0,unknown,yes
29,management,single,secondary,no,471.0,no,no,cellular,30,apr,465,1,-1,0,unknown,yes
34,management,single,secondary,no,2005.5,no,no,cellular,30,apr,442,1,-1,0,unknown,yes
33,management,single,tertiary,no,6601.5,no,no,cellular,30,apr,439,1,-1,0,unknown,yes
35,management,single,tertiary,no,1491.0,no,no,cellular,30,apr,400,1,87,2,failure,yes
38,management,single,tertiary,no,1651.5,no,no,cellular,30,apr,800,1,-1,0,unknown,yes
33,management,single,unknown,no,193.5,yes,yes,cellular,30,apr,482,1,161,1,failure,yes
33,management,single,tertiary,no,82.5,no,no,cellular,30,apr,526,2,87,3,failure,yes
26,management,single,secondary,no,382.5,no,no,cellular,30,apr,457,1,80,1,success,yes
26,management,single,tertiary,no,5266.5,no,no,cellular,30,apr,439,2,-1,0,unknown,yes
34,management,single,tertiary,no,8193.0,no,no,cellular,30,apr,430,1,-1,0,unknown,yes
31,management,single,secondary,no,271.5,no,no,cellular,30,apr,325,1,-1,0,unknown,yes
24,management,single,primary,no,711.0,no,no,cellular,30,apr,551,1,-1,0,unknown,yes
25,management,single,tertiary,no,328.5,no,no,cellular,30,apr,458,1,-1,0,unknown,yes
34,management,single,tertiary,no,27.0,yes,yes,cellular,30,apr,359,1,-1,0,unknown,yes
34,management,single,tertiary,no,1842.0,no,no,cellular,30,apr,580,2,84,8,success,yes
31,management,single,tertiary,no,2428.5,no,no,cellular,30,apr,327,2,-1,0,unknown,yes
39,management,single,tertiary,no,0.0,no,no,cellular,30,apr,342,3,22,3,other,yes
33,management,single,secondary,no,747.0,no,no,cellular,30,apr,301,1,-1,0,unknown,yes
33,management,single,tertiary,no,1050.0,no,no,cellular,30,apr,169,1,80,2,success,yes
31,management,single,tertiary,no,531.0,no,no,cellular,30,apr,502,1,9,2,success,yes
37,management,single,tertiary,no,4711.5,no,no,cellular,4,may,384,2,-1,0,unknown,yes
28,management,single,primary,no,354.0,no,no,cellular,4,may,193,1,87,3,failure,yes
33,management,single,tertiary,no,8155.5,no,no,cellular,4,may,267,1,91,1,failure,yes
36,management,single,tertiary,no,4831.5,no,no,cellular,4,may,322,11,-1,0,unknown,yes
33,management,single,secondary,no,3066.0,yes,no,cellular,4,may,532,3,-1,0,unknown,yes
36,management,single,secondary,no,282.0,yes,yes,cellular,4,may,1046,3,333,2,success,yes
30,management,single,tertiary,no,3999.0,no,no,cellular,4,may,781,3,89,1,success,yes
31,management,single,secondary,no,6273.0,yes,no,cellular,4,may,347,2,-1,0,unknown,yes
39,management,single,tertiary,no,3681.0,yes,no,cellular,4,may,716,3,263,2,failure,yes
35,management,single,secondary,no,282.0,yes,no,cellular,5,may,863,1,78,8,success,yes
39,management,single,tertiary,no,0.0,yes,no,cellular,5,may,811,2,-1,0,unknown,yes
33,management,single,tertiary,no,141.0,yes,no,cellular,5,may,955,2,-1,0,unknown,yes
30,management,single,secondary,no,-783.0,yes,yes,cellular,5,may,670,2,286,6,failure,yes
27,management,single,secondary,no,1065.0,yes,yes,cellular,6,may,653,1,334,2,success,yes
30,management,single,tertiary,no,622.5,yes,yes,cellular,6,may,984,1,343,4,failure,yes
34,management,single,tertiary,no,0.0,yes,no,cellular,6,may,611,1,183,1,failure,yes
29,management,single,secondary,no,399.0,yes,no,cellular,6,may,540,1,-1,0,unknown,yes
32,management,single,tertiary,no,3697.5,yes,yes,cellular,7,may,923,1,-1,0,unknown,yes
26,management,single,tertiary,no,171.0,yes,no,cellular,7,may,457,1,-1,0,unknown,yes
33,management,single,tertiary,no,712.5,yes,no,cellular,7,may,1046,1,-1,0,unknown,yes
31,management,single,secondary,no,0.0,yes,no,cellular,7,may,895,2,295,2,failure,yes
26,management,single,secondary,no,466.5,yes,no,cellular,7,may,798,2,-1,0,unknown,yes
23,management,single,tertiary,no,99.0,yes,no,cellular,7,may,1391,2,-1,0,unknown,yes
39,management,single,secondary,no,93.0,yes,no,cellular,7,may,877,3,-1,0,unknown,yes
23,management,single,secondary,no,6.0,yes,no,cellular,8,may,763,1,-1,0,unknown,yes
32,management,single,secondary,no,499.5,yes,no,cellular,8,may,501,2,-1,0,unknown,yes
33,management,single,tertiary,no,1336.5,no,no,cellular,8,may,398,2,-1,0,unknown,yes
36,management,single,tertiary,no,2100.0,yes,no,cellular,11,may,608,3,-1,0,unknown,yes
25,management,single,primary,no,559.5,yes,no,cellular,11,may,819,2,-1,0,unknown,yes
38,management,single,primary,no,298.5,yes,no,cellular,12,may,1203,1,306,1,failure,yes
37,management,single,primary,no,-159.0,yes,yes,cellular,12,may,690,1,-1,0,unknown,yes
36,management,single,primary,no,-462.0,yes,no,cellular,12,may,725,1,-1,0,unknown,yes
33,management,single,secondary,no,1860.0,yes,no,cellular,12,may,844,1,-1,0,unknown,yes
38,management,single,secondary,no,1342.5,yes,no,cellular,12,may,1531,1,-1,0,unknown,yes
36,management,single,secondary,no,717.0,yes,no,cellular,13,may,610,1,-1,0,unknown,yes
34,management,single,secondary,no,1633.5,yes,no,cellular,13,may,394,3,-1,0,unknown,yes
34,management,single,secondary,no,744.0,yes,no,cellular,13,may,333,1,-1,0,unknown,yes
33,management,single,tertiary,no,1596.0,yes,no,cellular,13,may,562,1,-1,0,unknown,yes
39,management,single,tertiary,no,445.5,yes,no,cellular,13,may,734,2,-1,0,unknown,yes
32,management,single,tertiary,no,4.5,yes,no,cellular,13,may,568,1,-1,0,unknown,yes
33,management,single,secondary,no,315.0,yes,no,cellular,13,may,1207,2,-1,0,unknown,yes
27,management,single,primary,no,397.5,yes,no,cellular,13,may,1119,2,-1,0,unknown,yes
34,management,single,tertiary,no,5731.5,yes,no,cellular,13,may,649,2,-1,0,unknown,yes
38,management,single,primary,no,0.0,yes,no,cellular,13,may,531,2,-1,0,unknown,yes
31,management,single,tertiary,no,26886.0,yes,no,cellular,14,may,745,1,174,3,failure,yes
39,management,single,tertiary,no,2607.0,yes,no,cellular,14,may,633,1,358,1,other,yes
32,management,single,secondary,no,1026.0,yes,no,cellular,14,may,607,3,-1,0,unknown,yes
36,management,single,tertiary,no,2031.0,yes,no,cellular,14,may,1723,1,356,2,success,yes
37,management,single,secondary,no,9133.5,yes,no,cellular,14,may,616,2,-1,0,unknown,yes
34,management,single,secondary,no,186.0,yes,no,telephone,14,may,604,4,366,2,other,yes
34,management,single,secondary,no,3.0,yes,no,cellular,15,may,153,2,-1,0,unknown,yes
30,management,single,secondary,no,210.0,yes,no,cellular,15,may,760,1,-1,0,unknown,yes
26,management,single,secondary,no,115.5,yes,no,cellular,15,may,619,1,340,4,failure,yes
35,management,single,secondary,no,801.0,no,no,cellular,15,may,669,1,312,3,failure,yes
31,management,single,secondary,no,1027.5,yes,no,cellular,15,may,552,1,329,3,failure,yes
23,management,single,secondary,no,1170.0,yes,no,cellular,15,may,416,1,-1,0,unknown,yes
34,management,single,secondary,no,43.5,yes,no,cellular,15,may,285,5,-1,0,unknown,yes
28,management,single,tertiary,no,33.0,yes,no,cellular,15,may,536,2,-1,0,unknown,yes
39,management,single,tertiary,yes,-258.0,yes,no,cellular,15,may,562,2,-1,0,unknown,yes
32,management,single,secondary,no,201.0,yes,yes,cellular,15,may,532,3,-1,0,unknown,yes
31,management,single,tertiary,no,4101.0,yes,no,cellular,15,may,858,3,-1,0,unknown,yes
37,management,single,primary,no,3180.0,yes,no,cellular,15,may,655,3,175,4,failure,yes
35,management,single,secondary,no,307.5,yes,yes,cellular,15,may,1313,7,312,1,failure,yes
34,management,single,tertiary,no,5614.5,yes,no,cellular,18,may,722,4,-1,0,unknown,yes
39,management,single,secondary,no,175.5,yes,no,cellular,18,may,1032,2,-1,0,unknown,yes
29,management,single,secondary,no,-739.5,yes,no,cellular,18,may,536,2,334,4,failure,yes
33,management,single,tertiary,no,93.0,yes,no,cellular,18,may,473,3,-1,0,unknown,yes
29,management,single,secondary,no,156.0,yes,no,cellular,18,may,903,4,-1,0,unknown,yes
27,management,single,secondary,no,769.5,yes,yes,cellular,18,may,351,1,-1,0,unknown,yes
30,management,single,secondary,no,8863.5,yes,no,cellular,18,may,420,2,-1,0,unknown,yes
28,management,single,secondary,no,528.0,yes,yes,cellular,18,may,431,1,-1,0,unknown,yes
29,management,single,tertiary,no,922.5,yes,no,cellular,18,may,373,1,-1,0,unknown,yes
27,management,single,unknown,no,613.5,yes,no,cellular,18,may,525,1,-1,0,unknown,yes
25,management,single,secondary,no,1678.5,yes,no,cellular,18,may,1063,1,-1,0,unknown,yes
38,management,single,tertiary,no,255.0,yes,no,cellular,18,may,442,1,-1,0,unknown,yes
26,management,single,primary,no,-1330.5,yes,no,cellular,18,may,827,2,-1,0,unknown,yes
25,management,single,primary,no,438.0,yes,yes,cellular,18,may,1027,2,-1,0,unknown,yes
34,management,single,primary,no,-1.5,yes,no,cellular,18,may,1057,6,355,1,other,yes
32,management,single,tertiary,no,2437.5,no,no,cellular,22,may,796,1,109,1,failure,yes
27,management,single,secondary,no,2965.5,yes,no,cellular,22,may,449,1,-1,0,unknown,yes
39,management,single,tertiary,no,0.0,yes,no,cellular,22,may,271,1,93,3,success,yes
26,management,single,secondary,no,930.0,no,no,cellular,22,may,223,1,94,1,success,yes
39,management,single,tertiary,no,460.5,no,no,cellular,22,may,182,2,-1,0,unknown,yes
29,management,single,tertiary,no,642.0,no,no,cellular,22,may,293,2,-1,0,unknown,yes
26,management,single,tertiary,no,850.5,no,no,cellular,25,may,421,1,-1,0,unknown,yes
28,management,single,tertiary,no,0.0,yes,no,cellular,25,may,269,1,40,2,failure,yes
32,management,single,tertiary,no,1057.5,yes,no,cellular,25,may,414,2,35,4,failure,yes
31,management,single,secondary,no,207.0,no,no,cellular,26,may,91,1,285,2,other,yes
25,management,single,tertiary,no,1975.5,no,no,cellular,26,may,176,1,-1,0,unknown,yes
25,management,single,tertiary,no,489.0,no,no,cellular,26,may,390,1,-1,0,unknown,yes
25,management,single,secondary,no,456.0,no,no,cellular,26,may,226,2,-1,0,unknown,yes
37,management,single,secondary,no,2950.5,no,no,cellular,27,may,242,1,212,1,success,yes
35,management,single,secondary,no,2052.0,no,no,cellular,27,may,329,1,41,2,other,yes
25,management,single,tertiary,no,1140.0,yes,no,cellular,27,may,223,3,89,2,failure,yes
38,management,single,secondary,no,105.0,no,no,cellular,1,jun,263,1,-1,0,unknown,yes
33,management,single,tertiary,no,1984.5,no,no,cellular,1,jun,327,1,-1,0,unknown,yes
34,management,single,unknown,no,1516.5,no,no,cellular,1,jun,253,1,-1,0,unknown,yes
27,management,single,tertiary,no,2760.0,no,no,cellular,1,jun,220,1,28,8,other,yes
26,management,single,tertiary,no,2434.5,no,no,cellular,2,jun,479,1,-1,0,unknown,yes
26,management,single,tertiary,no,469.5,no,yes,cellular,2,jun,199,1,96,2,success,yes
29,management,single,tertiary,no,460.5,yes,no,cellular,2,jun,690,1,-1,0,unknown,yes
33,management,single,secondary,no,1675.5,no,no,cellular,2,jun,417,1,-1,0,unknown,yes
35,management,single,tertiary,no,2031.0,no,no,cellular,2,jun,250,2,-1,0,unknown,yes
34,management,single,secondary,no,1467.0,no,no,cellular,3,jun,262,2,71,1,success,yes
32,management,single,secondary,no,613.5,no,no,cellular,3,jun,115,2,86,2,success,yes
39,management,single,tertiary,no,72.0,no,no,cellular,3,jun,539,1,-1,0,unknown,yes
26,management,single,tertiary,no,4179.0,no,no,cellular,3,jun,300,2,72,1,success,yes
32,management,single,secondary,no,1333.5,yes,no,cellular,3,jun,1076,2,85,3,other,yes
29,management,single,tertiary,no,858.0,no,no,cellular,4,jun,224,1,-1,0,unknown,yes
26,management,single,secondary,no,198.0,no,no,cellular,4,jun,217,1,-1,0,unknown,yes
33,management,single,tertiary,no,475.5,yes,no,cellular,4,jun,323,1,80,14,other,yes
28,management,single,secondary,no,2449.5,no,no,cellular,5,jun,275,1,-1,0,unknown,yes
35,management,single,secondary,no,1627.5,no,no,cellular,5,jun,199,1,86,7,success,yes
25,management,single,tertiary,no,63.0,yes,no,cellular,5,jun,149,1,94,1,success,yes
30,management,single,tertiary,no,0.0,yes,no,cellular,5,jun,159,2,-1,0,unknown,yes
30,management,single,tertiary,no,1738.5,no,no,telephone,5,jun,366,1,-1,0,unknown,yes
22,management,single,secondary,no,1023.0,no,no,cellular,5,jun,126,2,91,1,success,yes
31,management,single,tertiary,no,7807.5,no,no,cellular,9,jun,529,2,-1,0,unknown,yes
25,management,single,tertiary,no,18.0,no,no,cellular,12,jun,126,6,-1,0,unknown,yes
31,management,single,secondary,no,2664.0,no,no,cellular,15,jun,220,1,207,1,other,yes
26,management,single,secondary,no,2392.5,no,no,cellular,15,jun,155,1,105,1,failure,yes
27,management,single,tertiary,no,207.0,no,no,cellular,15,jun,89,2,-1,0,unknown,yes
34,management,single,tertiary,no,3561.0,yes,yes,cellular,18,jun,270,2,314,2,failure,yes
37,management,single,secondary,no,3091.5,yes,yes,cellular,22,jun,459,1,109,3,failure,yes
32,management,single,secondary,no,4321.5,no,no,cellular,2,jul,356,1,-1,0,unknown,yes
30,management,single,secondary,no,1395.0,no,no,cellular,2,jul,396,1,-1,0,unknown,yes
31,management,single,secondary,no,937.5,yes,no,cellular,2,jul,135,2,49,3,failure,yes
30,management,single,tertiary,no,495.0,no,no,cellular,3,jul,264,1,80,1,success,yes
32,management,single,secondary,no,76.5,yes,yes,cellular,7,jul,297,1,-1,0,unknown,yes
31,management,single,tertiary,no,1548.0,no,no,cellular,7,jul,284,1,-1,0,unknown,yes
31,management,single,secondary,no,303.0,yes,no,cellular,8,jul,167,1,62,1,failure,yes
38,management,single,unknown,no,0.0,no,no,cellular,8,jul,341,1,385,1,failure,yes
22,management,single,secondary,no,277.5,no,no,cellular,8,jul,153,1,-1,0,unknown,yes
33,management,single,tertiary,no,2548.5,no,no,cellular,4,aug,600,1,-1,0,unknown,yes
30,management,single,tertiary,no,3999.0,no,no,cellular,5,aug,475,2,93,4,success,yes
27,management,single,tertiary,no,10186.5,no,no,cellular,5,aug,179,2,69,26,other,yes
37,management,single,secondary,no,144.0,no,no,cellular,7,aug,155,1,99,2,success,yes
31,management,single,tertiary,no,16326.0,no,no,cellular,10,aug,294,3,98,2,success,yes
39,management,single,tertiary,no,5760.0,yes,no,cellular,11,aug,315,2,-1,0,unknown,yes
35,management,single,tertiary,no,529.5,no,no,cellular,12,aug,582,1,-1,0,unknown,yes
36,management,single,tertiary,no,5775.0,yes,no,cellular,12,aug,239,2,100,4,failure,yes
20,management,single,primary,no,10486.5,no,no,cellular,12,aug,178,2,-1,0,unknown,yes
36,management,single,tertiary,no,4480.5,yes,no,cellular,12,aug,307,1,-1,0,unknown,yes
35,management,single,unknown,no,927.0,no,no,cellular,12,aug,293,1,104,1,success,yes
31,management,single,secondary,no,52.5,no,no,cellular,13,aug,315,2,105,1,success,yes
36,management,single,primary,no,2259.0,no,no,cellular,14,aug,326,3,-1,0,unknown,yes
37,management,single,unknown,no,666.0,no,no,cellular,14,aug,137,1,102,5,success,yes
33,management,single,tertiary,no,2961.0,no,no,cellular,14,aug,498,2,191,1,failure,yes
39,management,single,tertiary,no,1413.0,yes,no,cellular,14,aug,880,3,267,1,other,yes
22,management,single,secondary,no,1422.0,no,no,telephone,18,aug,215,1,197,2,failure,yes
29,management,single,tertiary,no,3796.5,no,no,cellular,19,aug,634,1,-1,0,unknown,yes
38,management,single,secondary,no,15894.0,no,no,cellular,19,aug,195,1,197,4,other,yes
22,management,single,tertiary,no,1036.5,no,no,cellular,19,aug,338,1,-1,0,unknown,yes
25,management,single,tertiary,no,520.5,no,no,cellular,20,aug,267,1,-1,0,unknown,yes
37,management,single,tertiary,no,190.5,yes,no,cellular,25,aug,192,1,193,1,success,yes
36,management,single,tertiary,no,382.5,no,no,cellular,25,aug,242,6,95,4,success,yes
36,management,single,secondary,no,60.0,yes,no,cellular,27,aug,259,3,475,4,success,yes
33,management,single,tertiary,no,5533.5,no,no,cellular,27,aug,445,3,-1,0,unknown,yes
34,management,single,secondary,no,2196.0,yes,no,cellular,28,aug,207,3,130,5,other,yes
30,management,single,tertiary,no,10.5,yes,no,cellular,28,aug,173,1,164,4,other,yes
32,management,single,secondary,no,1492.5,no,no,cellular,3,sep,331,1,99,2,other,yes
36,management,single,secondary,no,78.0,yes,no,cellular,7,sep,351,1,95,6,success,yes
26,management,single,tertiary,no,1641.0,yes,no,cellular,8,sep,137,1,-1,0,unknown,yes
32,management,single,tertiary,no,4372.5,no,no,cellular,8,sep,519,1,131,2,failure,yes
25,management,single,unknown,no,720.0,no,no,cellular,8,sep,140,1,-1,0,unknown,yes
30,management,single,tertiary,no,220.5,no,no,cellular,9,sep,234,1,100,1,failure,yes
31,management,single,tertiary,no,18853.5,no,no,cellular,9,sep,344,1,295,1,failure,yes
32,management,single,secondary,no,832.5,yes,no,cellular,9,sep,344,1,-1,0,unknown,yes
28,management,single,secondary,no,391.5,yes,yes,cellular,9,sep,259,2,98,4,success,yes
34,management,single,secondary,no,393.0,no,no,cellular,15,sep,89,2,106,1,success,yes
29,management,single,tertiary,no,1311.0,yes,no,cellular,16,sep,152,1,103,1,success,yes
37,management,single,tertiary,no,1500.0,yes,no,cellular,22,sep,239,1,99,2,success,yes
34,management,single,tertiary,no,24.0,yes,no,telephone,29,sep,316,1,119,1,other,yes
26,management,single,secondary,no,198.0,no,no,cellular,1,oct,194,1,119,1,success,yes
30,management,single,secondary,no,237.0,no,no,cellular,6,oct,144,1,-1,0,unknown,yes
33,management,single,tertiary,no,8155.5,no,no,cellular,7,oct,201,1,58,3,failure,yes
36,management,single,tertiary,no,6894.0,yes,no,cellular,8,oct,234,2,175,2,success,yes
33,management,single,tertiary,no,2671.5,no,no,cellular,8,oct,611,2,183,1,success,yes
25,management,single,secondary,no,208.5,no,yes,cellular,12,oct,138,1,-1,0,unknown,yes
21,management,single,secondary,no,3732.0,no,no,cellular,12,oct,180,1,-1,0,unknown,yes
35,management,single,tertiary,no,1005.0,no,no,cellular,13,oct,301,2,-1,0,unknown,yes
22,management,single,secondary,no,193.5,no,no,cellular,16,oct,258,1,-1,0,unknown,yes
30,management,single,tertiary,no,11293.5,no,no,cellular,19,oct,328,1,-1,0,unknown,yes
39,management,single,tertiary,no,309.0,no,no,cellular,20,oct,148,2,195,2,success,yes
27,management,single,tertiary,no,1701.0,no,no,cellular,21,oct,825,1,183,4,success,yes
33,management,single,tertiary,no,10210.5,no,no,cellular,21,oct,512,2,184,1,success,yes
30,management,single,tertiary,no,616.5,no,no,cellular,22,oct,127,3,149,2,failure,yes
29,management,single,secondary,no,184.5,no,yes,cellular,22,oct,247,1,184,3,success,yes
29,management,single,tertiary,no,3267.0,no,no,cellular,22,oct,260,2,139,1,other,yes
33,management,single,secondary,no,3616.5,yes,no,cellular,23,oct,130,1,161,1,failure,yes
33,management,single,tertiary,no,8817.0,no,no,cellular,23,oct,438,1,430,2,failure,yes
28,management,single,unknown,no,0.0,yes,no,cellular,27,oct,96,1,267,1,failure,yes
22,management,single,secondary,no,34.5,no,no,cellular,27,oct,137,1,-1,0,unknown,yes
36,management,single,tertiary,no,193.5,no,no,cellular,27,oct,149,1,-1,0,unknown,yes
31,management,single,tertiary,no,121.5,yes,no,cellular,29,oct,164,2,-1,0,unknown,yes
26,management,single,secondary,no,66.0,no,no,cellular,30,oct,217,1,-1,0,unknown,yes
29,management,single,unknown,no,15498.0,no,no,cellular,2,nov,46,3,-1,0,unknown,yes
36,management,single,tertiary,no,93.0,yes,no,cellular,3,nov,566,1,182,7,failure,yes
33,management,single,secondary,no,2304.0,no,no,cellular,9,nov,262,1,94,2,success,yes
35,management,single,tertiary,no,1842.0,no,no,cellular,9,nov,696,2,88,12,failure,yes
20,management,single,unknown,no,1201.5,no,no,cellular,11,nov,244,2,-1,0,unknown,yes
36,management,single,secondary,no,5434.5,no,no,unknown,12,nov,71,1,378,1,success,yes
32,management,single,tertiary,no,1996.5,no,no,cellular,12,nov,126,1,92,5,failure,yes
23,management,single,secondary,no,1851.0,no,no,cellular,16,nov,250,1,-1,0,unknown,yes
37,management,single,tertiary,no,295.5,no,no,cellular,16,nov,175,1,200,1,success,yes
35,management,single,tertiary,no,4740.0,yes,no,cellular,16,nov,445,2,95,1,failure,yes
35,management,single,secondary,no,7383.0,yes,no,cellular,17,nov,393,4,201,17,other,yes
31,management,single,secondary,no,6297.0,no,no,cellular,25,nov,234,1,-1,0,unknown,yes
26,management,single,tertiary,no,966.0,no,no,cellular,2,dec,346,1,-1,0,unknown,yes
36,management,single,tertiary,no,7062.0,no,no,cellular,3,dec,284,1,171,1,failure,yes
28,management,single,secondary,no,508.5,no,no,cellular,3,dec,350,1,182,1,success,yes
28,management,single,unknown,no,117.0,no,no,cellular,4,dec,232,3,310,2,failure,yes
36,management,single,secondary,no,7081.5,no,no,cellular,9,dec,149,3,-1,0,unknown,yes
32,management,single,tertiary,no,1324.5,yes,no,cellular,10,dec,798,1,185,5,other,yes
29,management,single,tertiary,no,858.0,no,no,cellular,16,dec,314,1,195,1,success,yes
30,management,single,secondary,no,10657.5,no,no,cellular,22,dec,321,2,-1,0,unknown,yes
30,management,single,primary,no,7.5,no,no,cellular,23,dec,282,1,203,1,success,yes
33,management,single,tertiary,no,2712.0,no,no,cellular,28,dec,250,3,-1,0,unknown,yes
23,management,single,secondary,no,1305.0,no,no,cellular,29,dec,296,1,176,4,success,yes
35,management,single,secondary,no,1467.0,no,no,cellular,29,dec,1370,3,209,3,success,yes
25,management,single,secondary,no,208.5,no,yes,cellular,11,jan,202,1,91,1,success,yes
31,management,single,secondary,no,3816.0,no,no,cellular,12,jan,229,1,279,2,success,yes
24,management,single,secondary,no,4764.0,no,no,cellular,13,jan,108,2,-1,0,unknown,yes
36,management,single,unknown,no,1486.5,no,no,cellular,14,jan,589,2,-1,0,unknown,yes
32,management,single,secondary,no,549.0,no,no,cellular,14,jan,366,2,-1,0,unknown,yes
37,management,single,secondary,no,7204.5,no,no,cellular,15,jan,396,2,-1,0,unknown,yes
38,management,single,primary,no,10507.5,yes,no,cellular,25,jan,696,1,202,2,success,yes
39,management,single,secondary,no,0.0,no,no,cellular,27,jan,366,1,436,10,failure,yes
33,management,single,tertiary,no,2548.5,no,no,cellular,28,jan,202,1,83,3,success,yes
28,management,single,secondary,no,391.5,yes,yes,cellular,29,jan,254,3,142,6,success,yes
33,management,single,secondary,no,454.5,yes,no,cellular,3,feb,355,1,301,5,success,yes
35,management,single,secondary,no,1627.5,no,no,cellular,4,feb,195,6,97,12,other,yes
35,management,single,tertiary,no,622.5,no,no,cellular,4,feb,649,1,176,1,failure,yes
38,management,single,secondary,no,477.0,no,no,cellular,4,feb,383,1,181,5,failure,yes
22,management,single,secondary,no,324.0,no,no,cellular,8,feb,363,1,187,1,success,yes
35,management,single,tertiary,no,93.0,no,no,cellular,8,feb,469,2,185,2,failure,yes
33,management,single,secondary,no,2304.0,no,no,cellular,9,feb,359,1,92,3,success,yes
24,management,single,tertiary,no,352.5,no,no,cellular,9,feb,98,1,92,1,success,yes
18,management,single,unknown,no,162.0,no,no,cellular,9,feb,92,1,183,1,success,yes
35,management,single,secondary,no,-48.0,no,yes,cellular,9,feb,63,4,182,5,failure,yes
39,management,single,tertiary,no,258.0,yes,no,cellular,9,feb,125,2,183,2,failure,yes
28,management,single,secondary,no,91.5,yes,no,cellular,11,feb,253,1,174,4,success,yes
34,management,single,tertiary,no,19521.0,no,no,cellular,12,feb,637,1,183,1,success,yes
32,management,single,secondary,no,4906.5,no,no,cellular,12,feb,375,1,374,1,other,yes
32,management,single,tertiary,no,1357.5,no,no,cellular,12,feb,666,4,-1,0,unknown,yes
32,management,single,secondary,no,726.0,yes,no,cellular,15,feb,83,6,187,3,success,yes
37,management,single,tertiary,no,295.5,no,no,cellular,15,feb,531,1,91,2,success,yes
23,management,single,secondary,no,646.5,no,no,cellular,15,feb,201,3,186,2,success,yes
27,management,single,tertiary,no,-103.5,yes,no,cellular,15,feb,205,3,-1,0,unknown,yes
27,management,single,secondary,no,802.5,no,no,cellular,15,feb,171,1,91,2,success,yes
35,management,single,tertiary,no,1021.5,no,no,cellular,18,feb,737,1,561,2,success,yes
27,management,single,unknown,no,489.0,no,no,cellular,22,feb,326,1,-1,0,unknown,yes
37,management,single,tertiary,no,11430.0,no,no,telephone,23,feb,367,1,176,6,failure,yes
22,management,single,secondary,no,1422.0,no,no,telephone,25,feb,169,1,191,3,success,yes
25,management,single,secondary,no,231.0,no,no,cellular,3,mar,141,1,180,2,failure,yes
29,management,single,tertiary,no,3733.5,yes,no,cellular,3,mar,355,1,86,5,failure,yes
33,management,single,tertiary,no,3360.0,no,no,cellular,8,mar,264,2,278,1,success,yes
28,management,single,tertiary,no,2737.5,no,no,cellular,9,mar,236,1,-1,0,unknown,yes
33,management,single,tertiary,no,0.0,yes,no,cellular,9,mar,305,1,326,1,success,yes
36,management,single,secondary,no,7081.5,no,no,cellular,9,mar,288,2,90,3,success,yes
28,management,single,tertiary,no,280.5,no,no,cellular,9,mar,295,1,-1,0,unknown,yes
39,management,single,tertiary,no,741.0,no,no,cellular,10,mar,106,2,478,3,failure,yes
36,management,single,tertiary,no,742.5,no,no,cellular,12,mar,213,3,182,6,success,yes
38,management,single,unknown,no,114.0,no,no,cellular,16,mar,261,1,-1,0,unknown,yes
31,management,single,tertiary,no,5076.0,no,no,cellular,22,mar,247,3,187,3,success,yes
35,management,single,tertiary,no,8937.0,yes,no,cellular,22,mar,215,1,-1,0,unknown,yes
28,management,single,tertiary,no,1299.0,no,no,cellular,23,mar,191,2,-1,0,unknown,yes
37,management,single,secondary,no,4017.0,no,no,cellular,25,mar,156,1,-1,0,unknown,yes
39,management,single,tertiary,no,589.5,no,no,cellular,26,mar,281,1,-1,0,unknown,yes
24,management,single,secondary,no,6189.0,no,no,cellular,5,apr,907,4,185,7,failure,yes
39,management,single,tertiary,no,336.0,no,no,cellular,5,apr,208,1,-1,0,unknown,yes
32,management,single,secondary,no,1632.0,yes,no,cellular,6,apr,317,1,363,2,success,yes
27,management,single,tertiary,no,-100.5,yes,no,cellular,6,apr,604,3,236,2,failure,yes
35,management,single,tertiary,no,3969.0,no,no,cellular,14,apr,133,8,183,2,success,yes
36,management,single,primary,no,1765.5,no,no,cellular,15,apr,330,1,311,4,success,yes
39,management,single,secondary,no,904.5,no,yes,cellular,15,apr,214,1,-1,0,unknown,yes
22,management,single,primary,no,5208.0,no,no,cellular,19,apr,529,1,181,4,success,yes
38,management,single,secondary,no,0.0,yes,no,telephone,20,apr,162,1,181,5,success,yes
38,management,single,secondary,no,2566.5,no,no,cellular,20,apr,379,3,202,1,success,yes
25,management,single,unknown,no,1083.0,no,no,telephone,21,apr,623,2,-1,0,unknown,yes
29,management,single,tertiary,no,2167.5,no,no,cellular,26,apr,328,2,143,2,success,yes
30,management,single,tertiary,no,982.5,no,no,cellular,26,apr,212,1,202,2,success,yes
26,management,single,tertiary,no,115.5,no,no,cellular,26,apr,175,1,-1,0,unknown,yes
26,management,single,tertiary,no,2157.0,no,no,cellular,27,apr,321,1,449,1,other,yes
30,management,single,tertiary,no,1045.5,no,no,cellular,28,apr,545,2,181,8,success,yes
29,management,single,tertiary,no,4432.5,no,no,cellular,29,apr,226,2,-1,0,unknown,yes
37,management,single,secondary,no,847.5,no,no,cellular,29,apr,449,1,398,1,success,yes
30,management,single,tertiary,no,6492.0,no,no,cellular,30,apr,262,3,189,11,other,yes
28,management,single,tertiary,no,655.5,no,no,cellular,5,may,338,1,-1,0,unknown,yes
29,management,single,unknown,no,4393.5,no,no,cellular,5,may,232,1,89,4,other,yes
37,management,single,tertiary,no,132.0,no,no,cellular,6,may,195,1,90,3,other,yes
33,management,single,secondary,no,579.0,no,no,cellular,12,may,317,1,181,5,success,yes
32,management,single,secondary,no,1539.0,yes,no,cellular,13,may,289,1,-1,0,unknown,yes
28,management,single,secondary,no,3502.5,no,no,cellular,13,may,624,1,-1,0,unknown,yes
35,management,single,tertiary,no,12000.0,no,no,cellular,13,may,331,1,90,3,success,yes
37,management,single,tertiary,no,589.5,yes,no,cellular,14,may,567,3,275,4,failure,yes
34,management,single,secondary,no,1380.0,no,no,cellular,14,may,526,3,179,3,success,yes
24,management,single,tertiary,no,1.5,no,no,cellular,14,may,396,5,-1,0,unknown,yes
33,management,single,tertiary,no,3546.0,no,no,cellular,17,may,508,1,-1,0,unknown,yes
30,management,single,secondary,no,397.5,yes,no,cellular,25,may,681,1,181,2,success,yes
33,management,single,secondary,no,4321.5,no,no,cellular,26,may,289,1,328,1,success,yes
28,management,single,secondary,no,1113.0,no,no,cellular,26,may,236,1,-1,0,unknown,yes
39,management,single,secondary,no,397.5,yes,no,unknown,27,may,93,1,555,2,other,yes
33,management,single,tertiary,no,408.0,yes,no,cellular,1,jun,326,1,237,2,failure,yes
31,management,single,tertiary,no,772.5,no,no,cellular,1,jun,296,5,-1,0,unknown,yes
38,management,single,secondary,no,0.0,yes,no,cellular,8,jun,187,1,181,2,success,yes
31,management,single,tertiary,no,220.5,no,no,cellular,9,jun,163,2,92,3,success,yes
30,management,single,secondary,no,1198.5,no,no,unknown,13,jun,674,1,-1,0,unknown,yes
24,management,single,unknown,no,537.0,no,no,cellular,14,jun,245,1,384,1,other,yes
21,management,single,unknown,no,79.5,no,no,cellular,14,jun,270,1,-1,0,unknown,yes
27,management,single,unknown,no,1291.5,no,no,cellular,14,jun,212,4,-1,0,unknown,yes
32,management,single,tertiary,no,1057.5,no,no,cellular,17,jun,544,1,-1,0,unknown,yes
25,management,single,secondary,no,454.5,no,no,cellular,18,jun,252,1,92,1,success,yes
36,management,single,tertiary,no,807.0,no,no,cellular,23,jun,339,1,183,5,success,yes
37,management,single,tertiary,no,1782.0,no,no,cellular,24,jun,310,1,-1,0,unknown,yes
27,management,single,secondary,no,4717.5,no,no,cellular,25,jun,374,1,179,2,success,yes
38,management,single,tertiary,no,934.5,no,no,cellular,28,jun,297,4,144,4,other,yes
35,management,single,secondary,no,1467.0,no,no,cellular,29,jun,660,2,182,6,success,yes
39,management,single,tertiary,no,336.0,no,no,cellular,2,jul,194,2,88,1,success,yes
30,management,single,tertiary,no,0.0,yes,no,cellular,5,jul,140,1,424,8,success,yes
32,management,single,tertiary,no,934.5,no,no,cellular,6,jul,335,3,194,2,failure,yes
29,management,single,tertiary,no,753.0,no,no,cellular,8,jul,968,1,87,5,failure,yes
27,management,single,secondary,no,505.5,no,no,unknown,9,jul,23,1,-1,0,unknown,yes
31,management,single,tertiary,no,4360.5,yes,no,cellular,12,jul,248,1,194,3,failure,yes
36,management,single,unknown,no,93.0,no,no,cellular,13,jul,311,1,91,2,success,yes
23,management,single,secondary,no,1947.0,no,no,cellular,14,jul,603,1,-1,0,unknown,yes
34,management,single,tertiary,no,4099.5,no,no,cellular,14,jul,604,1,-1,0,unknown,yes
33,management,single,secondary,no,274.5,no,no,cellular,16,jul,457,2,182,3,other,yes
34,management,single,secondary,no,1209.0,no,no,cellular,19,jul,253,3,458,1,success,yes
32,management,single,tertiary,no,1143.0,no,no,cellular,19,jul,187,11,-1,0,unknown,yes
29,management,single,secondary,no,1915.5,no,no,cellular,20,jul,165,2,481,1,success,yes
35,management,single,secondary,no,481.5,no,no,cellular,21,jul,143,1,412,3,other,yes
27,management,single,tertiary,no,4282.5,no,no,cellular,22,jul,138,2,178,4,success,yes
38,management,single,tertiary,no,804.0,yes,no,cellular,22,jul,248,1,-1,0,unknown,yes
33,management,single,tertiary,no,219.0,no,no,cellular,23,jul,351,3,-1,0,unknown,yes
30,management,single,tertiary,no,4539.0,no,no,cellular,23,jul,251,1,535,1,failure,yes
29,management,single,tertiary,no,1477.5,yes,no,cellular,23,jul,396,2,-1,0,unknown,yes
37,management,single,secondary,no,2560.5,yes,no,cellular,26,jul,546,2,784,3,failure,yes
27,management,single,tertiary,no,466.5,no,no,cellular,28,jul,462,1,148,4,success,yes
32,management,single,tertiary,no,9207.0,no,no,cellular,29,jul,519,2,90,9,failure,yes
22,management,single,unknown,no,1848.0,no,no,cellular,30,jul,283,1,430,2,other,yes
34,management,single,tertiary,no,412.5,no,no,cellular,2,aug,196,2,455,23,other,yes
37,management,single,tertiary,no,93.0,yes,no,cellular,2,aug,428,2,272,8,success,yes
34,management,single,secondary,no,0.0,yes,no,cellular,3,aug,261,1,470,2,failure,yes
38,management,single,secondary,no,6025.5,no,no,cellular,4,aug,470,1,96,3,success,yes
29,management,single,tertiary,no,3294.0,no,no,cellular,5,aug,215,1,-1,0,unknown,yes
33,management,single,secondary,no,2304.0,no,no,cellular,6,aug,258,2,178,4,success,yes
37,management,single,secondary,no,847.5,no,no,cellular,6,aug,174,1,93,3,failure,yes
35,management,single,secondary,no,-48.0,no,yes,cellular,6,aug,366,2,178,9,success,yes
33,management,single,tertiary,no,2271.0,no,no,cellular,10,aug,447,1,728,2,failure,yes
24,management,single,secondary,no,2887.5,no,no,cellular,11,aug,1363,1,-1,0,unknown,yes
30,management,single,secondary,no,2668.5,no,no,cellular,11,aug,233,1,433,1,success,yes
34,management,single,secondary,no,480.0,yes,no,cellular,12,aug,352,1,828,2,failure,yes
39,management,single,secondary,no,2073.0,yes,no,cellular,12,aug,357,1,182,2,success,yes
35,management,single,tertiary,no,4327.5,no,no,cellular,13,aug,199,3,43,8,other,yes
33,management,single,secondary,no,726.0,yes,no,cellular,16,aug,205,3,182,9,success,yes
34,management,single,tertiary,no,937.5,no,yes,unknown,31,aug,34,1,-1,0,unknown,yes
34,management,single,tertiary,no,883.5,no,no,cellular,1,sep,300,1,44,3,other,yes
28,management,single,secondary,no,-69.0,yes,no,cellular,1,sep,199,1,92,14,success,yes
33,management,single,tertiary,no,408.0,yes,no,cellular,1,sep,293,2,92,3,success,yes
37,management,single,tertiary,no,10156.5,no,no,cellular,7,sep,337,1,186,1,success,yes
38,management,single,secondary,no,0.0,yes,no,cellular,8,sep,210,1,92,3,success,yes
39,management,single,tertiary,no,741.0,no,no,cellular,9,sep,216,1,183,5,success,yes
28,management,single,tertiary,no,2580.0,no,no,cellular,14,sep,230,1,91,4,success,yes
21,management,single,unknown,no,2259.0,no,no,cellular,14,sep,340,1,-1,0,unknown,yes
31,management,single,tertiary,no,7426.5,no,no,cellular,17,sep,285,3,81,3,failure,yes
37,management,single,tertiary,no,732.0,yes,no,cellular,17,sep,328,1,854,2,failure,yes
23,management,single,secondary,no,424.5,yes,no,cellular,22,sep,175,1,184,2,success,yes
25,management,single,tertiary,no,5853.0,no,no,cellular,23,sep,856,1,-1,0,unknown,yes
35,management,single,secondary,no,454.5,no,no,cellular,24,sep,173,2,190,10,other,yes
32,management,single,secondary,no,3139.5,no,no,cellular,24,sep,224,2,444,1,failure,yes
24,management,single,tertiary,no,589.5,no,no,cellular,27,sep,1298,1,-1,0,unknown,yes
28,management,single,tertiary,no,585.0,no,no,cellular,29,sep,845,1,232,4,success,yes
31,management,single,secondary,no,5266.5,no,no,cellular,6,oct,311,1,96,1,success,yes
26,management,single,tertiary,no,5199.0,no,no,cellular,6,oct,275,2,-1,0,unknown,yes
28,management,single,unknown,no,489.0,no,no,cellular,11,oct,450,1,231,1,success,yes
30,management,single,tertiary,no,753.0,no,no,cellular,11,oct,463,3,95,6,success,yes
27,management,single,tertiary,no,519.0,no,no,cellular,11,oct,212,1,-1,0,unknown,yes
26,management,single,secondary,no,3010.5,no,no,cellular,13,oct,194,1,92,5,success,yes
29,management,single,secondary,no,2887.5,no,no,cellular,21,oct,150,3,149,5,success,yes
34,management,single,secondary,no,1918.5,yes,no,cellular,21,oct,339,3,91,10,success,yes
38,management,single,tertiary,no,804.0,yes,no,cellular,22,oct,234,1,92,1,success,yes
25,management,single,secondary,no,1018.5,no,no,cellular,25,oct,297,5,94,6,other,yes
22,management,single,secondary,no,3732.0,no,no,cellular,8,nov,449,2,38,10,other,yes
29,management,single,tertiary,no,1147.5,no,no,cellular,16,nov,238,1,-1,0,unknown,yes
25,management,single,secondary,no,537.0,no,no,cellular,16,nov,330,1,-1,0,unknown,yes
23,management,single,tertiary,no,169.5,no,no,cellular,17,nov,266,1,-1,0,unknown,yes
25,management,single,secondary,no,757.5,no,yes,cellular,17,nov,386,2,-1,0,unknown,yes
28,management,single,secondary,no,100.5,no,no,cellular,20,aug,329,3,199,2,other,yes
27,management,single,tertiary,no,520.5,no,no,cellular,6,aug,385,4,-1,0,unknown,yes
22,management,single,secondary,no,5973.0,no,no,cellular,20,apr,206,1,-1,0,unknown,yes
28,management,single,tertiary,no,723.0,no,no,cellular,25,may,119,1,-1,0,unknown,yes
29,management,single,tertiary,no,76.5,yes,no,cellular,17,jul,1319,5,-1,0,unknown,yes
27,management,single,secondary,no,441.0,yes,yes,unknown,28,may,694,2,-1,0,unknown,yes
32,management,single,tertiary,no,910.5,yes,no,unknown,18,jun,1060,5,-1,0,unknown,yes
36,management,single,tertiary,no,564.0,no,no,cellular,16,sep,173,1,-1,0,unknown,yes
28,management,single,tertiary,no,5434.5,no,no,cellular,10,mar,261,1,-1,0,unknown,yes
34,management,single,tertiary,no,103.5,no,yes,cellular,4,aug,120,3,1,6,success,yes
30,management,single,tertiary,no,2682.0,no,no,cellular,4,aug,288,1,181,2,failure,yes
37,management,single,secondary,no,0.0,yes,no,cellular,2,jun,107,1,-1,0,unknown,yes
32,management,single,tertiary,no,61.5,no,no,cellular,21,aug,686,5,-1,0,unknown,yes
29,management,single,tertiary,no,357.0,no,no,cellular,25,may,344,2,88,1,failure,yes
25,management,single,tertiary,no,1846.5,no,no,cellular,31,aug,271,2,-1,0,unknown,yes
33,management,single,tertiary,no,2667.0,no,no,cellular,12,feb,388,1,-1,0,unknown,yes
35,management,single,secondary,no,3301.5,no,no,telephone,12,apr,350,1,-1,0,unknown,yes
34,management,single,secondary,no,0.0,yes,no,cellular,5,aug,231,2,2,3,success,yes
30,management,single,tertiary,no,4936.5,yes,no,unknown,19,may,1218,3,-1,0,unknown,yes
32,management,single,secondary,no,843.0,yes,no,unknown,30,may,722,3,-1,0,unknown,yes
33,management,single,tertiary,no,130.5,no,no,cellular,12,aug,978,1,-1,0,unknown,yes
30,management,single,tertiary,no,982.5,no,no,cellular,23,sep,272,4,184,1,success,yes
35,management,single,secondary,no,598.5,yes,no,cellular,13,may,496,2,345,3,failure,yes
29,management,single,tertiary,no,4935.0,no,no,cellular,23,mar,136,1,291,2,success,yes
22,management,single,secondary,no,49.5,no,no,cellular,12,feb,369,1,-1,0,unknown,yes
30,management,single,tertiary,no,0.0,yes,no,cellular,4,feb,730,2,-1,0,unknown,yes
21,management,single,secondary,no,3732.0,no,no,cellular,30,jun,258,6,169,3,success,yes
30,management,single,secondary,no,1897.5,yes,yes,unknown,26,may,414,2,-1,0,unknown,yes
33,management,single,tertiary,no,1224.0,yes,no,cellular,11,oct,383,2,503,2,failure,yes
28,management,single,tertiary,no,0.0,no,no,cellular,28,sep,294,2,105,7,other,yes
36,management,single,secondary,no,1299.0,yes,no,cellular,11,may,629,1,173,1,failure,yes
35,management,single,tertiary,no,11877.0,no,no,cellular,7,sep,497,1,-1,0,unknown,yes
27,management,single,secondary,no,3.0,yes,yes,cellular,6,may,554,2,356,1,failure,yes
36,management,single,secondary,no,4456.5,no,no,cellular,12,nov,247,1,97,8,failure,yes
27,management,single,secondary,no,319.5,no,no,cellular,27,mar,378,1,-1,0,unknown,yes
36,management,single,secondary,no,1546.5,no,no,cellular,17,jun,282,4,-1,0,unknown,yes
28,management,single,tertiary,no,3754.5,no,no,cellular,25,may,426,1,-1,0,unknown,yes
30,management,single,secondary,no,0.0,no,no,cellular,1,jun,318,1,-1,0,unknown,yes
29,management,single,tertiary,no,181.5,yes,no,unknown,30,may,1500,2,-1,0,unknown,yes
38,management,single,secondary,no,0.0,yes,no,cellular,21,oct,576,1,183,4,success,yes
35,management,single,secondary,no,282.0,yes,yes,unknown,5,jun,1865,2,-1,0,unknown,yes
28,management,single,secondary,no,2065.5,yes,no,cellular,14,may,688,2,-1,0,unknown,yes
35,management,single,tertiary,no,580.5,yes,no,cellular,8,may,1024,3,347,3,failure,yes
38,management,single,tertiary,no,577.5,yes,no,telephone,28,oct,154,1,-1,0,unknown,yes
38,management,single,tertiary,no,357.0,no,no,cellular,4,aug,139,1,92,3,failure,yes
31,management,single,tertiary,no,1996.5,no,no,cellular,30,apr,297,1,86,3,success,yes
35,management,single,tertiary,no,5316.0,yes,no,cellular,8,jun,380,1,-1,0,unknown,yes
34,management,single,tertiary,no,190.5,no,no,cellular,3,jun,117,1,-1,0,unknown,yes
35,management,single,tertiary,no,484.5,no,no,cellular,11,jan,261,2,-1,0,unknown,yes
28,management,single,primary,no,11188.5,yes,no,cellular,2,feb,981,5,269,2,failure,yes
25,management,single,secondary,no,6220.5,no,no,cellular,14,aug,211,3,-1,0,unknown,yes
26,management,single,tertiary,no,0.0,no,yes,telephone,1,jul,261,4,-1,0,unknown,yes
32,management,single,secondary,no,196.5,yes,no,cellular,22,jun,522,1,183,2,success,yes
28,management,single,tertiary,no,663.0,no,no,cellular,19,jun,474,3,95,3,other,yes
30,management,single,tertiary,no,925.5,no,no,cellular,27,feb,192,2,-1,0,unknown,yes
39,management,single,secondary,no,604.5,yes,no,cellular,7,may,1262,3,-1,0,unknown,yes
31,management,single,tertiary,no,196.5,no,no,cellular,18,feb,332,2,-1,0,unknown,yes
33,management,single,tertiary,no,2548.5,no,no,cellular,6,nov,178,2,94,1,success,yes
30,management,single,secondary,yes,-549.0,yes,no,cellular,18,jul,516,1,-1,0,unknown,yes
26,management,single,tertiary,no,7753.5,yes,no,cellular,25,may,397,1,35,2,failure,yes
30,management,single,secondary,no,1963.5,no,no,cellular,28,jan,622,1,-1,0,unknown,yes
36,management,single,tertiary,no,802.5,no,no,cellular,20,apr,150,2,-1,0,unknown,yes
35,management,single,tertiary,no,622.5,no,no,cellular,4,may,164,2,89,2,success,yes
32,management,single,secondary,no,52.5,no,no,cellular,17,dec,324,3,126,3,success,yes
29,management,single,secondary,no,459.0,yes,no,cellular,18,may,774,4,-1,0,unknown,yes
38,management,single,secondary,no,2217.0,no,no,cellular,12,aug,926,4,-1,0,unknown,yes
30,management,single,secondary,no,250.5,yes,no,cellular,10,jul,255,1,-1,0,unknown,yes
30,management,single,tertiary,no,457.5,no,no,cellular,4,feb,227,2,-1,0,unknown,yes
27,management,single,secondary,no,679.5,no,no,cellular,19,apr,142,2,-1,0,unknown,yes
33,management,single,secondary,no,2143.5,yes,no,cellular,31,aug,268,8,-1,0,unknown,yes
22,management,single,tertiary,no,1170.0,no,no,cellular,17,mar,272,3,-1,0,unknown,yes
36,management,single,secondary,no,327.0,yes,no,cellular,4,may,619,6,-1,0,unknown,yes
33,management,single,tertiary,no,1906.5,yes,no,cellular,15,apr,636,3,330,1,failure,yes
31,management,single,tertiary,no,954.0,yes,no,cellular,4,may,352,4,-1,0,unknown,yes
39,management,single,secondary,no,6151.5,yes,no,cellular,18,feb,146,2,264,1,other,yes
25,management,single,secondary,no,187.5,no,no,cellular,9,feb,215,1,92,2,success,yes
32,management,single,tertiary,no,3804.0,yes,no,cellular,26,aug,958,6,-1,0,unknown,yes
34,management,single,secondary,no,1614.0,no,no,cellular,12,may,152,1,182,6,success,yes
19,management,single,primary,no,912.0,no,no,cellular,12,may,236,1,180,2,success,yes
35,management,single,secondary,no,516.0,no,no,cellular,27,aug,519,16,-1,0,unknown,yes
39,management,single,secondary,no,2380.5,yes,no,cellular,2,jun,171,3,-1,0,unknown,yes
34,management,single,secondary,no,364.5,yes,no,cellular,18,may,507,1,-1,0,unknown,yes
26,management,single,tertiary,no,22741.5,no,no,cellular,2,feb,280,1,-1,0,unknown,yes
34,management,single,tertiary,no,2308.5,yes,no,cellular,15,jun,441,1,56,1,other,yes
28,management,single,secondary,no,8644.5,no,yes,cellular,5,mar,196,2,-1,0,unknown,yes
33,management,single,secondary,no,-400.5,yes,no,cellular,20,apr,1030,3,-1,0,unknown,yes
25,management,single,secondary,no,427.5,no,no,cellular,3,jul,658,3,-1,0,unknown,yes
31,management,single,secondary,no,1632.0,yes,no,cellular,8,apr,575,2,-1,0,unknown,yes
32,management,single,tertiary,no,1707.0,no,no,telephone,10,feb,402,3,-1,0,unknown,yes
31,management,single,tertiary,no,531.0,no,no,cellular,21,apr,242,2,-1,0,unknown,yes
34,management,single,tertiary,no,103.5,no,yes,cellular,3,aug,263,3,251,3,success,yes
27,management,single,secondary,no,1156.5,no,no,cellular,21,oct,181,1,302,3,other,yes
30,management,single,tertiary,no,1374.0,no,no,cellular,29,dec,449,2,-1,0,unknown,yes
39,management,single,secondary,no,577.5,no,no,cellular,13,oct,242,1,48,2,failure,yes
24,management,single,secondary,no,834.0,yes,no,cellular,8,feb,278,1,94,4,success,yes
26,management,single,tertiary,no,291.0,no,no,cellular,22,apr,407,2,-1,0,unknown,yes
36,management,single,tertiary,no,511.5,no,no,cellular,13,aug,282,1,-1,0,unknown,yes
37,management,single,tertiary,no,234.0,no,no,cellular,19,nov,366,3,-1,0,unknown,yes
37,management,single,tertiary,no,0.0,yes,no,cellular,23,jul,366,6,-1,0,unknown,yes
37,management,single,tertiary,no,153.0,yes,no,cellular,6,may,445,1,258,2,failure,yes
36,management,single,secondary,no,1867.5,yes,no,unknown,6,jun,1469,9,-1,0,unknown,yes
39,management,single,secondary,no,250.5,yes,yes,cellular,12,may,612,1,-1,0,unknown,yes
36,management,single,tertiary,no,937.5,yes,no,cellular,18,jul,1360,9,-1,0,unknown,yes
29,management,single,tertiary,no,336.0,yes,no,cellular,24,apr,65,2,81,3,failure,yes
33,management,single,secondary,no,0.0,no,no,cellular,29,jul,454,6,-1,0,unknown,yes
31,management,single,tertiary,no,681.0,no,no,cellular,30,apr,266,1,-1,0,unknown,yes
32,management,single,secondary,no,771.0,yes,no,cellular,11,jul,812,1,-1,0,unknown,yes
27,management,single,tertiary,no,850.5,no,no,cellular,25,nov,238,2,184,1,success,yes
37,management,single,tertiary,no,5334.0,no,no,cellular,9,nov,268,1,-1,0,unknown,yes
26,management,single,tertiary,no,5916.0,yes,no,cellular,14,may,974,2,-1,0,unknown,yes
35,management,single,tertiary,no,0.0,no,no,cellular,3,jul,704,1,-1,0,unknown,yes
35,management,single,tertiary,no,651.0,yes,no,cellular,13,aug,1314,2,-1,0,unknown,yes
30,management,single,secondary,no,5292.0,no,no,cellular,4,aug,250,1,92,2,failure,yes
39,management,single,primary,no,655.5,yes,no,unknown,27,oct,150,1,-1,0,unknown,yes
34,management,single,tertiary,no,4678.5,no,no,cellular,16,oct,306,1,-1,0,unknown,yes
35,management,single,secondary,no,126.0,yes,yes,cellular,6,may,954,1,-1,0,unknown,yes
29,management,single,secondary,no,142.5,no,yes,cellular,3,feb,172,3,-1,0,unknown,yes
39,management,single,primary,no,10507.5,yes,no,cellular,28,jul,429,2,184,3,success,yes
38,management,single,tertiary,no,907.5,no,no,telephone,18,jun,1603,10,-1,0,unknown,yes
27,management,single,tertiary,no,4171.5,yes,no,cellular,24,may,168,1,389,1,failure,yes
28,management,single,tertiary,no,4087.5,no,no,cellular,16,jun,292,1,504,1,failure,yes
37,management,single,secondary,no,6.0,no,no,cellular,11,aug,933,1,-1,0,unknown,yes
34,management,single,tertiary,no,7.5,no,no,cellular,18,aug,370,2,-1,0,unknown,yes
34,management,single,secondary,no,232.5,no,no,cellular,5,feb,696,2,-1,0,unknown,yes
32,management,single,tertiary,no,79.5,no,no,cellular,22,aug,671,2,-1,0,unknown,yes
29,management,single,primary,no,2061.0,no,no,cellular,17,nov,309,3,208,4,success,yes
25,management,single,tertiary,no,4.5,yes,yes,cellular,16,apr,1034,1,-1,0,unknown,yes
29,management,single,secondary,no,12.0,yes,yes,cellular,10,jul,627,1,-1,0,unknown,yes
34,management,single,secondary,no,574.5,yes,no,unknown,13,may,2231,1,-1,0,unknown,yes
32,management,single,unknown,no,3567.0,no,no,cellular,17,nov,1132,2,-1,0,unknown,yes
34,management,single,secondary,no,72.0,yes,no,cellular,7,may,1806,2,287,3,other,yes
31,management,single,tertiary,no,2485.5,yes,yes,cellular,28,jan,872,1,-1,0,unknown,yes
37,management,single,tertiary,no,108.0,yes,yes,cellular,20,apr,885,5,150,7,failure,yes
26,management,single,secondary,no,2167.5,no,no,telephone,23,oct,171,1,-1,0,unknown,yes
39,management,single,unknown,no,1771.5,yes,no,cellular,30,jul,650,2,-1,0,unknown,yes
26,management,single,tertiary,no,252.0,no,no,cellular,30,apr,394,1,-1,0,unknown,yes
36,management,single,secondary,no,7081.5,no,no,cellular,9,jun,150,1,92,5,success,yes
34,management,single,secondary,no,1627.5,no,no,cellular,11,mar,101,7,-1,0,unknown,yes
23,management,single,secondary,no,1191.0,no,no,cellular,26,jul,607,3,171,3,other,yes
32,management,single,secondary,no,709.5,no,yes,cellular,10,aug,1064,1,95,3,success,yes
34,management,single,tertiary,no,118.5,yes,no,cellular,5,aug,203,1,92,5,success,yes
25,management,single,secondary,no,10654.5,yes,no,cellular,28,may,188,3,10,1,failure,yes
30,management,single,tertiary,no,12802.5,no,no,cellular,18,jun,393,2,-1,0,unknown,yes
36,management,single,tertiary,no,1389.0,no,no,cellular,14,apr,216,1,-1,0,unknown,yes
33,management,single,primary,no,916.5,no,no,telephone,16,sep,390,2,-1,0,unknown,yes
25,management,single,secondary,no,2785.5,yes,no,cellular,12,oct,187,1,91,12,success,yes
33,management,single,secondary,no,493.5,no,no,cellular,6,sep,224,1,145,2,other,yes
35,management,single,tertiary,no,916.5,no,no,cellular,1,oct,305,2,121,1,success,yes
22,management,single,primary,no,5208.0,no,no,cellular,20,oct,332,1,183,3,failure,yes
30,management,single,tertiary,no,153.0,yes,no,cellular,18,dec,364,3,-1,0,unknown,yes
34,management,single,tertiary,no,-867.0,yes,no,cellular,18,may,767,2,-1,0,unknown,yes
27,management,single,tertiary,no,109.5,no,no,cellular,10,feb,159,1,-1,0,unknown,yes
32,management,single,secondary,no,724.5,no,no,cellular,8,aug,580,3,-1,0,unknown,yes
39,management,single,tertiary,no,7570.5,no,no,cellular,29,apr,218,4,-1,0,unknown,yes
37,management,single,secondary,no,199.5,yes,no,cellular,11,may,1388,2,-1,0,unknown,yes
31,management,single,tertiary,no,19285.5,yes,no,telephone,4,may,483,4,87,2,success,yes
35,management,single,unknown,no,3489.0,yes,yes,cellular,16,sep,319,1,-1,0,unknown,yes
38,management,single,tertiary,no,2982.0,no,no,cellular,27,mar,164,2,130,2,failure,yes
36,management,single,tertiary,no,231.0,no,no,cellular,26,aug,556,7,-1,0,unknown,yes
31,management,single,secondary,no,285.0,no,no,cellular,30,apr,514,1,-1,0,unknown,yes
34,management,single,secondary,no,1200.0,no,no,cellular,5,apr,144,1,-1,0,unknown,yes
36,management,single,tertiary,no,8937.0,yes,no,cellular,22,sep,155,1,184,1,success,yes
34,management,single,tertiary,no,4575.0,yes,no,cellular,13,may,469,1,-1,0,unknown,yes
32,management,single,tertiary,no,3.0,yes,no,cellular,11,sep,100,2,-1,0,unknown,yes
38,management,single,tertiary,no,156.0,yes,no,cellular,6,may,606,3,-1,0,unknown,yes
25,management,single,secondary,no,153.0,no,yes,cellular,8,jul,574,2,-1,0,unknown,yes
32,management,single,tertiary,no,333.0,no,yes,cellular,15,jul,820,4,-1,0,unknown,yes
37,management,single,secondary,no,1470.0,no,no,cellular,8,aug,1306,5,-1,0,unknown,yes
39,management,single,primary,no,105.0,no,no,unknown,8,may,813,1,-1,0,unknown,yes
29,management,single,secondary,no,5292.0,no,no,cellular,8,oct,137,1,-1,0,unknown,yes
33,management,single,secondary,no,228.0,yes,no,cellular,25,may,202,2,365,2,success,yes
30,management,single,secondary,no,726.0,yes,no,unknown,6,may,703,1,-1,0,unknown,yes
39,management,single,secondary,no,2380.5,yes,no,cellular,8,sep,108,2,98,3,success,yes
35,management,single,tertiary,no,742.5,no,no,cellular,30,apr,266,1,87,1,failure,yes
27,management,single,secondary,no,5688.0,no,no,cellular,22,apr,279,2,-1,0,unknown,yes
28,management,single,tertiary,no,238.5,no,no,cellular,16,nov,449,2,33,4,success,yes
38,management,single,secondary,no,385.5,yes,no,cellular,30,apr,435,1,-1,0,unknown,yes
37,management,single,tertiary,no,382.5,no,no,cellular,24,feb,562,2,183,10,success,yes
24,management,single,secondary,no,-583.5,yes,yes,unknown,4,jun,1242,1,-1,0,unknown,yes
36,management,single,tertiary,no,546.0,no,yes,cellular,31,aug,185,1,123,1,failure,yes
32,management,single,tertiary,no,8271.0,no,no,cellular,22,apr,319,1,182,1,success,yes
29,management,single,tertiary,no,682.5,no,no,telephone,27,may,214,2,36,1,success,yes
37,management,single,tertiary,no,0.0,no,no,cellular,16,jul,268,2,182,3,success,yes
39,management,single,tertiary,no,0.0,yes,no,cellular,18,feb,224,3,-1,0,unknown,yes
29,management,single,tertiary,no,397.5,no,no,cellular,22,may,491,1,-1,0,unknown,yes
24,management,single,secondary,no,3859.5,no,no,cellular,24,may,375,2,-1,0,unknown,yes
38,management,single,tertiary,no,37.5,yes,no,cellular,1,jun,232,2,-1,0,unknown,yes
37,management,single,tertiary,no,11916.0,no,no,cellular,21,nov,102,1,-1,0,unknown,no
35,management,single,secondary,no,520.5,no,no,unknown,20,jun,231,1,-1,0,unknown,no
29,management,single,secondary,no,1455.0,yes,no,cellular,13,may,240,1,-1,0,unknown,no
37,management,single,secondary,no,921.0,yes,no,unknown,20,may,185,1,-1,0,unknown,no
32,management,single,primary,no,-157.5,yes,yes,telephone,31,jul,454,19,-1,0,unknown,no
31,management,single,tertiary,no,126.0,no,no,cellular,6,aug,157,4,-1,0,unknown,no
33,management,single,primary,no,1401.0,yes,no,unknown,4,jun,244,2,-1,0,unknown,no
37,management,single,secondary,no,36.0,yes,no,cellular,13,aug,136,1,105,2,failure,no
32,management,single,tertiary,no,5542.5,yes,no,cellular,15,may,34,1,353,3,other,no
39,management,single,secondary,no,0.0,yes,no,unknown,6,may,262,1,-1,0,unknown,no
35,management,single,secondary,no,1716.0,no,no,cellular,20,aug,197,13,-1,0,unknown,no
31,management,single,tertiary,no,1701.0,no,no,cellular,6,feb,174,2,-1,0,unknown,no
34,management,single,tertiary,no,3070.5,yes,no,cellular,28,jul,57,5,-1,0,unknown,no
39,management,single,secondary,no,1.5,yes,no,unknown,26,may,506,2,-1,0,unknown,no
22,management,single,secondary,no,3243.0,no,no,telephone,2,feb,168,1,-1,0,unknown,no
31,management,single,secondary,no,505.5,no,no,unknown,12,may,51,1,-1,0,unknown,no
34,management,single,secondary,no,60.0,yes,no,cellular,17,jul,302,2,-1,0,unknown,no
28,management,single,secondary,no,184.5,yes,no,unknown,9,may,97,1,-1,0,unknown,no
35,management,single,secondary,no,1000.5,yes,no,cellular,14,may,10,5,324,27,other,no
32,management,single,secondary,no,924.0,yes,no,cellular,27,aug,118,7,-1,0,unknown,no
24,management,single,secondary,no,1948.5,yes,yes,cellular,18,may,113,2,-1,0,unknown,no
31,management,single,tertiary,no,-240.0,yes,no,unknown,28,may,202,2,-1,0,unknown,no
31,management,single,secondary,no,133.5,no,no,unknown,7,may,297,3,-1,0,unknown,no
25,management,single,tertiary,no,739.5,yes,no,unknown,4,jun,301,1,-1,0,unknown,no
35,management,single,tertiary,no,1767.0,yes,yes,cellular,15,apr,220,2,183,5,failure,no
34,management,single,tertiary,no,1122.0,yes,yes,cellular,6,may,161,1,-1,0,unknown,no
33,management,single,secondary,no,288.0,no,no,cellular,24,jul,255,1,-1,0,unknown,no
37,management,single,tertiary,no,-736.5,yes,no,cellular,5,feb,80,2,-1,0,unknown,no
27,management,single,secondary,no,414.0,yes,no,unknown,19,may,311,2,-1,0,unknown,no
39,management,single,secondary,no,4123.5,yes,no,cellular,19,nov,128,1,-1,0,unknown,no
29,management,single,tertiary,no,1827.0,no,no,cellular,30,jan,258,2,-1,0,unknown,no
32,management,single,tertiary,no,0.0,yes,no,cellular,20,apr,415,2,-1,0,unknown,no
30,management,single,tertiary,no,486.0,no,no,cellular,25,aug,585,4,-1,0,unknown,no
30,management,single,secondary,no,190.5,yes,no,cellular,18,may,16,6,368,1,other,no
36,management,single,primary,no,334.5,yes,no,unknown,14,jul,12,3,-1,0,unknown,no
35,management,single,secondary,no,0.0,yes,no,cellular,6,apr,139,1,-1,0,unknown,no
34,management,single,secondary,no,-385.5,yes,no,cellular,15,may,160,1,368,4,failure,no
38,management,single,secondary,no,52.5,yes,no,unknown,28,may,130,2,-1,0,unknown,no
30,management,single,secondary,no,1092.0,yes,no,cellular,5,feb,393,1,261,1,other,no
37,management,single,tertiary,no,0.0,no,no,unknown,6,jun,143,1,-1,0,unknown,no
29,management,single,secondary,no,9643.5,yes,yes,cellular,14,may,535,1,352,2,failure,no
34,management,single,tertiary,no,606.0,yes,no,cellular,5,feb,10,6,-1,0,unknown,no
38,management,single,secondary,no,4003.5,yes,no,cellular,20,apr,208,2,-1,0,unknown,no
37,management,single,unknown,no,1072.5,yes,no,unknown,20,may,247,2,-1,0,unknown,no
35,management,single,secondary,no,1011.0,yes,no,unknown,30,may,274,2,-1,0,unknown,no
33,management,single,tertiary,no,468.0,no,no,cellular,11,aug,271,1,369,3,failure,no
35,management,single,secondary,no,213.0,yes,no,cellular,7,may,266,2,168,1,failure,no
24,management,single,unknown,no,1173.0,no,no,cellular,4,may,12,7,91,1,other,no
31,management,single,primary,no,82.5,yes,yes,cellular,17,apr,340,2,-1,0,unknown,no
36,management,single,primary,no,3264.0,yes,no,unknown,28,may,52,2,-1,0,unknown,no
39,management,single,secondary,no,2082.0,yes,no,cellular,15,jul,150,5,-1,0,unknown,no
30,management,single,secondary,no,421.5,no,no,cellular,12,aug,105,2,-1,0,unknown,no
30,management,single,primary,no,1548.0,yes,no,unknown,29,may,52,5,-1,0,unknown,no
34,management,single,secondary,no,118.5,yes,no,unknown,23,may,83,1,-1,0,unknown,no
31,management,single,secondary,no,1807.5,yes,no,cellular,16,apr,462,1,328,2,other,no
39,management,single,secondary,no,334.5,no,no,cellular,4,feb,277,1,-1,0,unknown,no
33,management,single,tertiary,no,1885.5,yes,no,cellular,22,jul,66,1,-1,0,unknown,no
39,management,single,secondary,no,2104.5,no,no,cellular,11,may,214,8,326,2,failure,no
35,management,single,secondary,no,0.0,no,no,cellular,25,aug,124,4,-1,0,unknown,no
38,management,single,secondary,no,259.5,yes,no,unknown,20,may,130,2,-1,0,unknown,no
39,management,single,unknown,no,0.0,yes,no,cellular,11,may,62,1,-1,0,unknown,no
32,management,single,tertiary,no,1701.0,no,no,cellular,28,aug,85,4,-1,0,unknown,no
37,management,single,secondary,no,358.5,yes,no,unknown,23,may,140,2,-1,0,unknown,no
35,management,single,tertiary,no,0.0,no,no,cellular,18,aug,276,5,-1,0,unknown,no
39,management,single,tertiary,no,1258.5,no,yes,cellular,11,oct,365,2,774,11,failure,no
33,management,single,tertiary,no,864.0,no,no,cellular,25,may,220,1,111,2,other,no
32,management,single,tertiary,no,211.5,yes,no,cellular,4,may,78,3,89,9,success,no
33,management,single,tertiary,no,12034.5,no,no,cellular,30,nov,107,1,105,3,failure,no
28,management,single,tertiary,no,387.0,no,yes,cellular,17,apr,93,1,-1,0,unknown,no
35,management,single,secondary,no,0.0,yes,no,cellular,30,jul,251,3,-1,0,unknown,no
35,management,single,tertiary,no,3729.0,yes,no,cellular,25,may,265,1,-1,0,unknown,no
33,management,single,tertiary,no,460.5,no,no,unknown,16,may,806,4,-1,0,unknown,no
31,management,single,tertiary,no,-327.0,yes,no,unknown,2,jun,227,15,-1,0,unknown,no
28,management,single,tertiary,no,112.5,yes,yes,cellular,5,may,233,2,-1,0,unknown,no
31,management,single,secondary,no,9561.0,yes,no,unknown,23,may,922,2,-1,0,unknown,no
36,management,single,primary,no,5929.5,yes,no,cellular,19,nov,277,1,-1,0,unknown,no
38,management,single,tertiary,no,8148.0,yes,yes,cellular,17,apr,707,1,149,2,failure,no
38,management,single,secondary,no,871.5,yes,no,unknown,6,may,79,1,-1,0,unknown,no
32,management,single,secondary,no,-48.0,yes,no,cellular,12,may,145,1,-1,0,unknown,no
37,management,single,tertiary,no,879.0,yes,no,cellular,11,jul,141,2,-1,0,unknown,no
31,management,single,secondary,no,30.0,no,no,telephone,18,nov,52,1,-1,0,unknown,no
34,management,single,secondary,no,6093.0,yes,yes,cellular,15,may,29,1,-1,0,unknown,no
38,management,single,primary,no,262.5,no,no,unknown,17,jun,132,2,-1,0,unknown,no
32,management,single,primary,no,2023.5,yes,no,cellular,7,aug,132,2,-1,0,unknown,no
29,management,single,primary,no,37.5,yes,no,unknown,4,jun,188,2,-1,0,unknown,no
31,management,single,secondary,no,939.0,yes,no,unknown,21,may,211,1,-1,0,unknown,no
37,management,single,tertiary,no,247.5,no,no,cellular,24,aug,315,1,83,1,other,no
28,management,single,primary,no,-82.5,yes,no,unknown,7,may,361,2,-1,0,unknown,no
27,management,single,secondary,no,31.5,yes,no,cellular,18,may,336,1,356,1,failure,no
33,management,single,primary,no,10356.0,no,no,telephone,20,nov,114,2,-1,0,unknown,no
31,management,single,tertiary,no,249.0,no,no,cellular,25,aug,392,6,-1,0,unknown,no
34,management,single,secondary,no,0.0,no,no,cellular,28,aug,195,6,-1,0,unknown,no
37,management,single,tertiary,no,900.0,yes,no,cellular,17,nov,116,2,196,1,failure,no
33,management,single,unknown,no,3982.5,yes,no,cellular,21,nov,195,1,-1,0,unknown,no
25,management,single,secondary,no,-375.0,yes,no,unknown,13,may,456,1,-1,0,unknown,no
34,management,single,secondary,no,3892.5,yes,yes,cellular,17,apr,126,1,336,2,other,no
38,management,single,secondary,no,1195.5,yes,no,cellular,20,apr,62,4,-1,0,unknown,no
39,management,single,secondary,no,4570.5,yes,no,cellular,11,may,279,1,370,2,failure,no
38,management,single,secondary,no,669.0,yes,no,unknown,18,jun,373,4,-1,0,unknown,no
35,management,single,secondary,no,294.0,yes,no,cellular,21,nov,318,1,-1,0,unknown,no
30,management,single,secondary,no,784.5,no,yes,cellular,12,jun,136,3,101,1,success,no
34,management,single,secondary,no,-414.0,yes,no,unknown,29,may,175,3,-1,0,unknown,no
31,management,single,tertiary,no,4474.5,yes,no,cellular,2,jul,153,1,-1,0,unknown,no
34,management,single,tertiary,no,256.5,yes,no,cellular,7,may,191,1,294,1,failure,no
36,management,single,tertiary,no,0.0,yes,no,unknown,27,may,145,2,-1,0,unknown,no
33,management,single,tertiary,no,682.5,yes,yes,unknown,29,may,122,10,-1,0,unknown,no
36,management,single,secondary,no,11254.5,yes,no,unknown,4,jun,25,1,-1,0,unknown,no
31,management,single,secondary,no,795.0,no,yes,cellular,18,nov,251,2,-1,0,unknown,no
36,management,single,tertiary,no,4050.0,no,no,cellular,4,feb,99,3,-1,0,unknown,no
30,management,single,secondary,no,639.0,yes,no,telephone,17,nov,127,4,111,6,failure,no
35,management,single,tertiary,no,157.5,yes,no,cellular,6,may,36,1,365,3,failure,no
31,management,single,secondary,no,304.5,no,yes,cellular,19,nov,177,1,-1,0,unknown,no
32,management,single,tertiary,no,5775.0,yes,no,cellular,20,apr,63,4,-1,0,unknown,no
28,management,single,secondary,no,-289.5,no,no,cellular,18,jul,580,7,-1,0,unknown,no
39,management,single,tertiary,no,0.0,yes,yes,cellular,17,jul,301,1,-1,0,unknown,no
33,management,single,secondary,no,897.0,yes,no,unknown,28,may,189,1,-1,0,unknown,no
30,management,single,tertiary,no,39.0,yes,no,cellular,16,apr,62,1,323,1,failure,no
26,management,single,secondary,no,1179.0,yes,yes,unknown,14,may,103,5,-1,0,unknown,no
37,management,single,secondary,no,2541.0,yes,yes,cellular,29,jan,404,2,251,6,failure,no
39,management,single,tertiary,no,1983.0,yes,no,cellular,24,sep,157,3,486,1,other,no
36,management,single,secondary,yes,0.0,no,yes,cellular,26,aug,109,14,-1,0,unknown,no
33,management,single,secondary,yes,3.0,no,no,unknown,23,may,74,4,-1,0,unknown,no
30,management,single,tertiary,no,828.0,yes,no,cellular,5,aug,648,2,-1,0,unknown,no
36,management,single,secondary,no,2983.5,no,no,unknown,17,jun,344,2,-1,0,unknown,no
34,management,single,secondary,no,897.0,yes,no,cellular,17,apr,365,1,324,1,failure,no
24,management,single,secondary,no,16.5,yes,no,unknown,27,jun,114,4,-1,0,unknown,no
37,management,single,secondary,no,10071.0,yes,no,unknown,23,may,90,1,-1,0,unknown,no
35,management,single,primary,no,934.5,yes,no,cellular,6,may,97,2,-1,0,unknown,no
28,management,single,tertiary,no,3459.0,no,no,cellular,29,oct,140,2,-1,0,unknown,no
32,management,single,secondary,no,18.0,no,no,cellular,7,aug,173,2,-1,0,unknown,no
34,management,single,unknown,no,586.5,yes,yes,unknown,23,may,34,2,-1,0,unknown,no
36,management,single,tertiary,no,1363.5,yes,yes,cellular,25,jul,250,3,-1,0,unknown,no
34,management,single,tertiary,no,625.5,yes,no,cellular,18,nov,138,1,-1,0,unknown,no
29,management,single,tertiary,no,1365.0,yes,no,cellular,11,may,278,1,-1,0,unknown,no
28,management,single,secondary,no,-1491.0,yes,yes,cellular,18,jul,174,2,-1,0,unknown,no
35,management,single,secondary,no,1228.5,yes,no,telephone,14,jul,102,14,-1,0,unknown,no
26,management,single,secondary,no,-18.0,yes,no,unknown,4,jun,98,1,-1,0,unknown,no
30,management,single,secondary,no,279.0,yes,no,cellular,13,may,390,1,-1,0,unknown,no
31,management,single,tertiary,no,26886.0,yes,no,cellular,21,nov,608,3,-1,0,unknown,no
32,management,single,primary,no,582.0,yes,no,cellular,15,apr,171,2,-1,0,unknown,no
37,management,single,secondary,no,1171.5,no,no,cellular,20,aug,75,1,-1,0,unknown,no
30,management,single,primary,no,277.5,no,no,unknown,26,jun,11,1,-1,0,unknown,no
33,management,single,secondary,no,8713.5,yes,no,cellular,22,aug,219,4,-1,0,unknown,no
32,management,single,secondary,no,1345.5,yes,no,cellular,7,apr,293,3,322,2,failure,no
34,management,single,tertiary,no,4546.5,no,no,cellular,14,aug,94,6,-1,0,unknown,no
24,management,single,tertiary,no,1711.5,yes,no,unknown,23,may,230,1,-1,0,unknown,no
29,management,single,tertiary,no,12.0,no,yes,cellular,2,mar,107,1,-1,0,unknown,no
38,management,single,secondary,no,70.5,yes,yes,cellular,31,jul,50,11,-1,0,unknown,no
29,management,single,tertiary,no,243.0,no,yes,cellular,25,jul,324,1,-1,0,unknown,no
27,management,single,secondary,no,1231.5,yes,yes,unknown,16,sep,23,1,778,41,other,no
25,management,single,secondary,no,1908.0,yes,no,cellular,24,jul,342,2,-1,0,unknown,no
26,management,single,secondary,no,1671.0,no,no,cellular,9,feb,44,2,-1,0,unknown,no
38,management,single,secondary,no,847.5,no,no,cellular,20,aug,93,2,-1,0,unknown,no
38,management,single,tertiary,no,2556.0,no,no,cellular,1,sep,222,1,-1,0,unknown,no
31,management,single,primary,no,1611.0,yes,no,unknown,23,may,1438,2,-1,0,unknown,no
30,management,single,secondary,no,213.0,yes,no,unknown,20,may,350,4,-1,0,unknown,no
37,management,single,secondary,no,1215.0,yes,no,cellular,8,apr,376,1,295,1,failure,no
36,management,single,tertiary,no,2406.0,yes,no,unknown,11,jun,47,3,-1,0,unknown,no
39,management,single,secondary,no,598.5,yes,yes,cellular,14,aug,133,2,-1,0,unknown,no
33,management,single,secondary,no,4606.5,yes,yes,cellular,21,jul,323,1,-1,0,unknown,no
38,management,single,secondary,no,4497.0,yes,no,unknown,11,jun,91,1,-1,0,unknown,no
35,management,single,secondary,no,373.5,no,no,cellular,21,aug,205,8,-1,0,unknown,no
29,management,single,secondary,no,5691.0,no,no,cellular,30,apr,249,1,-1,0,unknown,no
23,management,single,unknown,no,847.5,no,no,cellular,28,may,162,7,-1,0,unknown,no
28,management,single,secondary,no,7.5,yes,no,cellular,18,jul,121,1,-1,0,unknown,no
23,management,single,secondary,no,13824.0,no,no,cellular,5,jun,471,2,-1,0,unknown,no
30,management,single,secondary,no,3826.5,yes,no,unknown,5,jun,142,2,-1,0,unknown,no
29,management,single,secondary,no,-225.0,yes,no,unknown,6,may,328,1,-1,0,unknown,no
31,management,single,secondary,no,435.0,yes,no,cellular,13,apr,230,1,-1,0,unknown,no
34,management,single,tertiary,no,2028.0,no,no,cellular,8,aug,265,2,-1,0,unknown,no
37,management,single,secondary,no,1401.0,yes,no,unknown,16,may,242,3,-1,0,unknown,no
34,management,single,secondary,no,657.0,yes,yes,cellular,9,apr,272,1,323,1,failure,no
31,management,single,secondary,no,0.0,yes,no,cellular,29,jan,224,2,-1,0,unknown,no
38,management,single,secondary,no,-550.5,yes,yes,cellular,12,may,354,1,-1,0,unknown,no
27,management,single,secondary,no,888.0,yes,yes,cellular,5,feb,466,3,-1,0,unknown,no
32,management,single,secondary,no,906.0,no,no,cellular,30,jan,410,2,196,2,other,no
32,management,single,primary,no,2277.0,yes,no,telephone,6,feb,35,3,-1,0,unknown,no
31,management,single,secondary,no,802.5,no,no,unknown,9,may,249,3,-1,0,unknown,no
31,management,single,secondary,no,49.5,yes,no,unknown,15,may,214,4,-1,0,unknown,no
36,management,single,tertiary,no,1990.5,no,no,cellular,29,oct,174,2,-1,0,unknown,no
18,management,single,secondary,no,7.5,no,no,cellular,24,aug,143,2,-1,0,unknown,no
35,management,single,tertiary,no,7906.5,yes,no,cellular,14,apr,119,2,-1,0,unknown,no
31,management,single,tertiary,no,5871.0,no,yes,cellular,29,jan,266,1,-1,0,unknown,no
39,management,single,tertiary,no,0.0,yes,no,cellular,12,may,561,4,369,3,failure,no
36,management,single,tertiary,no,6582.0,no,no,cellular,8,aug,52,3,-1,0,unknown,no
38,management,single,secondary,no,1831.5,yes,yes,cellular,18,aug,73,7,-1,0,unknown,no
35,management,single,secondary,no,0.0,no,no,cellular,14,jul,125,2,-1,0,unknown,no
34,management,single,secondary,no,2052.0,yes,no,cellular,18,nov,252,2,-1,0,unknown,no
36,management,single,secondary,no,-52.5,no,no,cellular,30,jan,339,3,-1,0,unknown,no
34,management,single,tertiary,no,16.5,yes,no,cellular,17,jul,654,1,-1,0,unknown,no
31,management,single,secondary,no,552.0,yes,no,cellular,5,may,414,5,361,3,other,no
29,management,single,tertiary,no,-16.5,yes,no,cellular,14,may,164,2,-1,0,unknown,no
36,management,single,tertiary,no,-820.5,yes,no,cellular,30,apr,267,1,259,2,failure,no
39,management,single,tertiary,no,843.0,no,no,cellular,13,sep,303,2,-1,0,unknown,no
38,management,single,secondary,no,0.0,yes,no,unknown,27,may,166,2,-1,0,unknown,no
33,management,single,secondary,no,2605.5,no,no,cellular,30,apr,524,2,-1,0,unknown,no
30,management,single,secondary,no,81.0,no,no,cellular,11,aug,194,2,-1,0,unknown,no
34,management,single,tertiary,no,276.0,yes,no,cellular,30,jul,87,3,-1,0,unknown,no
38,management,single,primary,no,6888.0,yes,no,cellular,12,may,360,1,-1,0,unknown,no
28,management,single,primary,no,646.5,yes,no,cellular,13,may,68,2,363,2,failure,no
27,management,single,secondary,no,52.5,no,no,cellular,4,jul,255,1,-1,0,unknown,no
25,management,single,secondary,no,144.0,yes,no,unknown,9,may,176,2,-1,0,unknown,no
33,management,single,tertiary,no,235.5,yes,no,unknown,26,may,897,5,-1,0,unknown,no
27,management,single,secondary,no,334.5,yes,yes,cellular,13,may,297,2,-1,0,unknown,no
23,management,single,secondary,no,-1173.0,yes,yes,unknown,19,jun,197,10,-1,0,unknown,no
33,management,single,tertiary,no,1860.0,yes,no,cellular,4,feb,505,2,260,1,other,no
36,management,single,secondary,no,286.5,yes,no,cellular,25,jul,18,7,-1,0,unknown,no
36,management,single,secondary,no,0.0,yes,no,cellular,21,nov,139,2,-1,0,unknown,no
34,management,single,secondary,no,132.0,yes,no,unknown,27,may,169,2,-1,0,unknown,no
32,management,single,tertiary,no,1405.5,no,no,cellular,26,may,61,1,190,1,failure,no
38,management,single,secondary,no,5397.0,no,no,unknown,6,jun,154,1,-1,0,unknown,no
32,management,single,secondary,no,-450.0,no,no,cellular,28,aug,226,9,-1,0,unknown,no
36,management,single,tertiary,no,22395.0,no,no,cellular,23,jul,190,1,-1,0,unknown,no
28,management,single,tertiary,no,5599.5,yes,no,cellular,21,aug,419,5,91,7,success,no
25,management,single,secondary,no,1137.0,yes,no,unknown,28,may,504,3,-1,0,unknown,no
31,management,single,tertiary,no,384.0,yes,no,cellular,7,jul,28,24,-1,0,unknown,no
38,management,single,secondary,no,0.0,yes,no,cellular,20,apr,84,1,-1,0,unknown,no
39,management,single,primary,no,1107.0,yes,yes,cellular,18,jul,215,3,-1,0,unknown,no
37,management,single,secondary,no,8929.5,no,no,cellular,5,aug,1113,1,-1,0,unknown,no
30,management,single,tertiary,no,9588.0,yes,no,cellular,5,may,335,1,-1,0,unknown,no
31,management,single,secondary,no,163.5,yes,no,unknown,21,may,419,1,-1,0,unknown,no
23,management,single,secondary,no,141.0,yes,no,unknown,5,may,193,1,-1,0,unknown,no
38,management,single,tertiary,no,190.5,yes,no,cellular,14,oct,113,1,50,2,success,no
34,management,single,secondary,no,118.5,no,yes,cellular,20,nov,104,1,-1,0,unknown,no
27,management,single,secondary,no,360.0,yes,no,cellular,18,may,166,4,-1,0,unknown,no
26,management,single,tertiary,no,1029.0,yes,no,unknown,30,may,98,2,-1,0,unknown,no
35,management,single,secondary,no,223.5,yes,no,cellular,29,jan,99,1,245,2,failure,no
39,management,single,tertiary,no,17649.0,yes,no,cellular,14,aug,313,4,102,5,failure,no
31,management,single,secondary,no,205.5,no,no,cellular,27,aug,27,14,-1,0,unknown,no
27,management,single,secondary,no,24.0,yes,no,cellular,3,feb,54,3,-1,0,unknown,no
35,management,single,tertiary,no,1524.0,yes,no,cellular,17,jul,294,2,-1,0,unknown,no
30,management,single,secondary,no,-150.0,yes,yes,cellular,15,may,292,1,-1,0,unknown,no
30,management,single,tertiary,no,4314.0,no,no,cellular,6,aug,103,4,-1,0,unknown,no
29,management,single,secondary,no,366.0,yes,no,cellular,15,may,19,2,-1,0,unknown,no
26,management,single,secondary,no,1068.0,yes,no,unknown,6,may,232,1,-1,0,unknown,no
32,management,single,secondary,no,-516.0,no,yes,cellular,4,feb,44,1,-1,0,unknown,no
32,management,single,secondary,no,17146.5,no,no,cellular,12,aug,141,5,-1,0,unknown,no
31,management,single,secondary,no,273.0,no,no,cellular,20,aug,231,2,-1,0,unknown,no
32,management,single,secondary,no,30016.5,no,no,cellular,20,apr,234,1,-1,0,unknown,no
31,management,single,secondary,no,238.5,yes,no,cellular,21,nov,66,1,182,1,failure,no
30,management,single,secondary,no,-1131.0,yes,yes,unknown,26,may,974,1,-1,0,unknown,no
36,management,single,secondary,no,1488.0,no,no,unknown,6,jun,351,1,-1,0,unknown,no
22,management,single,secondary,no,96.0,no,no,cellular,4,jun,112,1,-1,0,unknown,no
39,management,single,secondary,no,141.0,yes,yes,cellular,19,nov,181,1,-1,0,unknown,no
34,management,single,tertiary,no,0.0,yes,yes,cellular,26,may,197,2,98,1,other,no
35,management,single,primary,no,3735.0,yes,no,cellular,18,may,170,1,180,3,failure,no
26,management,single,secondary,no,276.0,no,no,cellular,3,feb,110,2,6,1,other,no
33,management,single,secondary,yes,108.0,yes,no,unknown,6,may,623,1,-1,0,unknown,no
38,management,single,primary,no,0.0,yes,no,cellular,7,may,350,2,-1,0,unknown,no
30,management,single,tertiary,no,847.5,yes,no,cellular,26,oct,104,1,-1,0,unknown,no
23,management,single,secondary,no,897.0,no,no,cellular,30,apr,166,1,-1,0,unknown,no
33,management,single,tertiary,no,8461.5,no,no,cellular,18,aug,168,2,-1,0,unknown,no
38,management,single,secondary,no,1395.0,yes,no,cellular,5,may,46,1,-1,0,unknown,no
34,management,single,secondary,no,436.5,no,no,cellular,7,aug,91,2,-1,0,unknown,no
34,management,single,tertiary,no,1182.0,yes,no,cellular,5,feb,269,1,-1,0,unknown,no
30,management,single,secondary,no,783.0,no,no,cellular,6,feb,197,3,-1,0,unknown,no
38,management,single,tertiary,no,1017.0,no,yes,cellular,18,nov,82,2,152,1,failure,no
21,management,single,tertiary,no,1887.0,no,no,cellular,7,jul,404,1,-1,0,unknown,no
36,management,single,tertiary,no,498.0,yes,no,cellular,22,may,566,7,-1,0,unknown,no
30,management,single,secondary,no,4053.0,yes,no,cellular,24,jul,129,2,-1,0,unknown,no
28,management,single,secondary,no,1659.0,yes,no,cellular,17,apr,73,2,-1,0,unknown,no
33,management,single,unknown,no,3481.5,no,no,cellular,15,apr,699,2,381,2,failure,no
37,management,single,secondary,no,-88.5,yes,no,cellular,22,jul,70,1,-1,0,unknown,no
35,management,single,primary,no,31.5,yes,no,unknown,27,may,129,1,-1,0,unknown,no
36,management,single,tertiary,no,6.0,no,yes,cellular,29,jul,261,6,-1,0,unknown,no
33,management,single,secondary,no,45.0,yes,no,telephone,5,may,125,2,-1,0,unknown,no
33,management,single,tertiary,no,3540.0,yes,no,cellular,20,nov,268,1,-1,0,unknown,no
31,management,single,secondary,no,1923.0,no,no,cellular,12,may,144,1,460,2,failure,no
33,management,single,tertiary,no,7914.0,no,no,cellular,4,nov,572,1,-1,0,unknown,no
36,management,single,tertiary,no,1633.5,yes,no,unknown,30,may,126,1,-1,0,unknown,no
29,management,single,primary,no,816.0,no,yes,cellular,21,jul,121,4,-1,0,unknown,no
36,management,single,tertiary,no,12846.0,yes,no,unknown,23,may,125,1,-1,0,unknown,no
31,management,single,tertiary,no,1390.5,no,no,cellular,18,aug,100,4,-1,0,unknown,no
36,management,single,secondary,no,2695.5,yes,yes,cellular,17,nov,166,1,181,2,failure,no
33,management,single,secondary,no,23011.5,no,no,cellular,20,apr,335,1,334,3,failure,no
34,management,single,tertiary,no,555.0,no,no,cellular,11,aug,116,2,-1,0,unknown,no
28,management,single,tertiary,no,699.0,yes,no,cellular,23,jul,170,2,-1,0,unknown,no
36,management,single,secondary,no,1765.5,yes,yes,cellular,3,feb,50,5,-1,0,unknown,no
27,management,single,tertiary,no,669.0,no,no,cellular,23,jun,205,3,-1,0,unknown,no
29,management,single,secondary,no,378.0,yes,no,cellular,15,may,1223,3,371,1,failure,no
25,management,single,tertiary,no,3210.0,no,no,cellular,1,oct,81,1,-1,0,unknown,no
38,management,single,secondary,no,13314.0,no,no,cellular,19,nov,636,1,-1,0,unknown,no
35,management,single,secondary,no,5781.0,yes,no,cellular,5,may,131,1,-1,0,unknown,no
33,management,single,tertiary,no,231.0,no,no,cellular,18,mar,159,2,-1,0,unknown,no
34,management,single,tertiary,no,2958.0,yes,no,cellular,23,jul,61,2,-1,0,unknown,no
33,management,single,secondary,no,5248.5,yes,no,cellular,11,may,143,3,356,1,other,no
39,management,single,tertiary,no,567.0,yes,yes,unknown,5,may,127,2,-1,0,unknown,no
26,management,single,secondary,no,1282.5,yes,no,unknown,28,may,87,2,-1,0,unknown,no
36,management,single,primary,no,0.0,no,no,telephone,4,jul,304,3,-1,0,unknown,no
28,management,single,secondary,no,1857.0,yes,no,unknown,14,may,246,1,-1,0,unknown,no
39,management,single,secondary,no,1572.0,yes,yes,cellular,8,apr,201,2,-1,0,unknown,no
30,management,single,secondary,no,402.0,no,no,unknown,24,jul,86,1,-1,0,unknown,no
32,management,single,secondary,no,2416.5,yes,yes,unknown,13,may,93,1,-1,0,unknown,no
31,management,single,secondary,no,16180.5,yes,no,unknown,4,jun,135,2,-1,0,unknown,no
34,management,single,secondary,no,100.5,yes,no,unknown,6,may,90,1,-1,0,unknown,no
31,management,single,tertiary,no,492.0,yes,no,cellular,14,may,414,1,175,1,failure,no
31,management,single,tertiary,no,706.5,no,no,cellular,29,aug,153,2,-1,0,unknown,no
31,management,single,primary,no,-1272.0,yes,no,unknown,23,may,559,3,-1,0,unknown,no
30,management,single,secondary,no,291.0,no,yes,cellular,27,aug,60,3,-1,0,unknown,no
36,management,single,tertiary,no,973.5,no,no,cellular,16,jul,237,2,91,1,failure,no
33,management,single,secondary,no,67.5,no,no,unknown,20,jun,13,12,-1,0,unknown,no
31,management,single,secondary,no,60.0,no,no,cellular,7,aug,123,2,-1,0,unknown,no
34,management,single,tertiary,no,0.0,yes,no,cellular,17,apr,158,2,-1,0,unknown,no
33,management,single,secondary,no,0.0,yes,yes,cellular,31,jul,16,43,-1,0,unknown,no
31,management,single,secondary,no,835.5,yes,yes,unknown,27,may,185,1,-1,0,unknown,no
32,management,single,tertiary,no,-574.5,yes,no,unknown,27,may,241,1,-1,0,unknown,no
33,management,single,tertiary,no,703.5,no,no,cellular,26,aug,158,9,-1,0,unknown,no
30,management,single,tertiary,no,3.0,no,no,cellular,23,mar,269,1,-1,0,unknown,no
39,management,single,tertiary,no,3289.5,yes,yes,unknown,2,jun,550,3,-1,0,unknown,no
26,management,single,secondary,no,126.0,yes,no,cellular,29,jul,70,3,-1,0,unknown,no
34,management,single,tertiary,no,835.5,yes,no,cellular,16,jul,513,1,-1,0,unknown,no
29,management,single,secondary,no,2092.5,yes,no,unknown,26,may,61,1,-1,0,unknown,no
31,management,single,secondary,no,913.5,yes,no,cellular,14,apr,1126,1,335,1,failure,no
29,management,single,secondary,no,2784.0,yes,yes,cellular,18,may,134,1,-1,0,unknown,no
31,management,single,secondary,no,333.0,yes,no,cellular,13,may,168,2,-1,0,unknown,no
34,management,single,secondary,no,865.5,no,no,unknown,14,may,337,1,-1,0,unknown,no
20,management,single,tertiary,no,4146.0,yes,no,unknown,29,may,139,2,-1,0,unknown,no
34,management,single,secondary,no,607.5,yes,no,unknown,21,may,103,1,-1,0,unknown,no
37,management,single,primary,no,133.5,no,yes,telephone,8,jul,336,4,-1,0,unknown,no
31,management,single,tertiary,no,7426.5,no,no,cellular,28,jun,150,3,-1,0,unknown,no
25,management,single,secondary,no,981.0,no,no,cellular,8,apr,216,1,-1,0,unknown,no
30,management,single,secondary,no,687.0,no,no,cellular,20,nov,51,7,-1,0,unknown,no
37,management,single,secondary,yes,562.5,no,no,unknown,9,jun,223,2,-1,0,unknown,no
36,management,single,tertiary,no,199.5,yes,no,unknown,9,may,117,1,-1,0,unknown,no
31,management,single,secondary,no,942.0,yes,no,unknown,12,may,1083,2,-1,0,unknown,no
28,management,single,primary,no,381.0,yes,no,cellular,20,apr,149,2,-1,0,unknown,no
36,management,single,primary,no,613.5,yes,no,unknown,11,jun,81,3,-1,0,unknown,no
36,management,single,secondary,no,819.0,no,no,cellular,9,feb,297,3,-1,0,unknown,no
32,management,single,tertiary,no,1054.5,yes,no,cellular,3,feb,489,2,271,2,success,no
36,management,single,secondary,no,648.0,yes,no,cellular,11,may,61,3,255,2,failure,no
39,management,single,primary,no,1149.0,yes,no,unknown,3,jun,350,3,-1,0,unknown,no
34,management,single,secondary,no,1858.5,yes,no,unknown,23,may,164,1,-1,0,unknown,no
29,management,single,secondary,no,1383.0,yes,no,cellular,18,may,72,1,-1,0,unknown,no
37,management,single,secondary,no,216.0,yes,no,cellular,20,apr,724,2,-1,0,unknown,no
35,management,single,secondary,no,0.0,yes,no,cellular,20,apr,18,5,-1,0,unknown,no
34,management,single,secondary,no,1921.5,no,no,cellular,5,feb,237,1,-1,0,unknown,no
30,management,single,tertiary,no,333.0,yes,no,cellular,12,aug,112,4,-1,0,unknown,no
37,management,single,tertiary,no,1755.0,yes,yes,cellular,18,may,106,1,-1,0,unknown,no
29,management,single,secondary,yes,-595.5,yes,no,unknown,28,may,114,1,-1,0,unknown,no
33,management,single,secondary,no,1615.5,yes,no,cellular,18,may,432,3,374,3,other,no
34,management,single,secondary,no,-472.5,yes,no,unknown,8,may,56,2,-1,0,unknown,no
34,management,single,unknown,no,852.0,yes,no,cellular,25,jul,256,1,-1,0,unknown,no
34,management,single,tertiary,no,1135.5,no,no,cellular,18,aug,37,4,-1,0,unknown,no
32,management,single,secondary,no,100.5,no,no,cellular,5,aug,153,1,-1,0,unknown,no
34,management,single,secondary,no,261.0,no,no,telephone,11,may,259,4,-1,0,unknown,no
31,management,single,secondary,no,169.5,yes,no,cellular,18,nov,474,3,-1,0,unknown,no
35,management,single,secondary,no,273.0,yes,no,unknown,3,jun,117,1,-1,0,unknown,no
38,management,single,unknown,no,859.5,yes,no,unknown,6,may,87,1,-1,0,unknown,no
31,management,single,tertiary,no,2362.5,no,no,cellular,12,aug,178,4,-1,0,unknown,no
31,management,single,secondary,no,-712.5,yes,no,telephone,12,may,232,3,-1,0,unknown,no
32,management,single,tertiary,no,192.0,yes,no,cellular,28,jul,320,3,-1,0,unknown,no
31,management,single,tertiary,no,1755.0,no,no,cellular,20,aug,200,4,-1,0,unknown,no
37,management,single,tertiary,no,-85.5,yes,no,cellular,31,jul,37,20,-1,0,unknown,no
31,management,single,tertiary,no,0.0,no,no,cellular,25,aug,11,16,-1,0,unknown,no
35,management,single,tertiary,no,49.5,no,no,cellular,29,aug,300,2,-1,0,unknown,no
25,management,single,unknown,no,3754.5,no,no,cellular,26,feb,100,2,-1,0,unknown,no
37,management,single,tertiary,no,589.5,yes,no,cellular,12,aug,62,2,104,2,success,no
26,management,single,secondary,no,835.5,yes,yes,unknown,27,may,282,2,-1,0,unknown,no
33,management,single,secondary,no,0.0,yes,no,cellular,17,nov,78,1,-1,0,unknown,no
35,management,single,tertiary,no,163.5,no,yes,cellular,21,aug,257,2,-1,0,unknown,no
37,management,single,secondary,no,1216.5,yes,yes,cellular,6,apr,185,3,-1,0,unknown,no
33,management,single,tertiary,no,807.0,yes,no,unknown,29,may,359,2,-1,0,unknown,no
26,management,single,secondary,no,313.5,yes,no,cellular,22,jul,319,2,-1,0,unknown,no
31,management,single,secondary,no,4.5,no,no,cellular,20,jul,91,2,-1,0,unknown,no
38,management,single,secondary,no,489.0,yes,no,cellular,17,apr,69,2,-1,0,unknown,no
36,management,single,secondary,no,11254.5,yes,no,telephone,5,may,193,1,335,1,failure,no
32,management,single,tertiary,no,408.0,yes,no,cellular,7,oct,73,2,-1,0,unknown,no
29,management,single,tertiary,no,250.5,yes,yes,cellular,13,oct,357,2,237,2,failure,no
37,management,single,primary,no,2694.0,yes,yes,cellular,17,apr,232,2,-1,0,unknown,no
28,management,single,secondary,no,889.5,yes,no,unknown,19,jun,202,1,-1,0,unknown,no
27,management,single,secondary,no,1314.0,yes,no,cellular,18,may,268,1,355,1,failure,no
31,management,single,tertiary,no,247.5,no,no,cellular,15,may,218,4,-1,0,unknown,no
34,management,single,secondary,no,58.5,no,no,cellular,18,jul,138,3,-1,0,unknown,no
32,management,single,tertiary,no,1180.5,yes,no,cellular,11,aug,72,2,-1,0,unknown,no
31,management,single,secondary,no,1596.0,no,no,telephone,20,nov,60,1,-1,0,unknown,no
33,management,single,tertiary,no,909.0,yes,no,cellular,2,feb,194,1,-1,0,unknown,no
39,management,single,primary,yes,-441.0,yes,no,unknown,5,jun,181,2,-1,0,unknown,no
29,management,single,tertiary,no,3727.5,no,no,telephone,24,jul,48,6,-1,0,unknown,no
29,management,single,secondary,no,313.5,no,no,cellular,5,feb,605,2,-1,0,unknown,no
33,management,single,tertiary,no,106.5,no,no,cellular,16,nov,136,1,287,1,failure,no
27,management,single,secondary,no,726.0,yes,no,cellular,15,apr,309,2,-1,0,unknown,no
33,management,single,tertiary,no,0.0,no,no,cellular,29,aug,60,2,-1,0,unknown,no
31,management,single,secondary,no,1833.0,yes,no,cellular,20,apr,186,3,-1,0,unknown,no
27,management,single,secondary,no,0.0,yes,no,cellular,17,jul,444,6,-1,0,unknown,no
33,management,single,tertiary,no,553.5,no,no,cellular,25,aug,143,10,-1,0,unknown,no
30,management,single,secondary,no,2265.0,yes,no,cellular,18,nov,191,1,-1,0,unknown,no
26,management,single,secondary,no,1116.0,no,no,cellular,15,apr,609,1,-1,0,unknown,no
35,management,single,secondary,no,0.0,no,no,cellular,30,jul,186,6,-1,0,unknown,no
39,management,single,secondary,no,3966.0,no,no,cellular,19,aug,192,7,-1,0,unknown,no
34,management,single,unknown,no,6079.5,yes,no,unknown,23,may,123,2,-1,0,unknown,no
30,management,single,primary,no,4096.5,yes,no,cellular,14,apr,314,1,-1,0,unknown,no
25,management,single,secondary,no,114.0,no,yes,cellular,28,jul,50,4,-1,0,unknown,no
36,management,single,primary,no,1018.5,yes,yes,cellular,13,may,115,1,-1,0,unknown,no
28,management,single,secondary,no,1422.0,yes,no,unknown,9,may,455,1,-1,0,unknown,no
23,management,single,secondary,no,0.0,yes,no,cellular,8,may,6,5,350,2,failure,no
35,management,single,secondary,no,547.5,yes,no,unknown,8,may,256,2,-1,0,unknown,no
31,management,single,primary,no,-681.0,yes,yes,unknown,28,may,861,2,-1,0,unknown,no
26,management,single,secondary,no,-721.5,yes,yes,cellular,6,may,595,5,-1,0,unknown,no
32,management,single,secondary,no,334.5,yes,yes,unknown,27,may,236,4,-1,0,unknown,no
35,management,single,tertiary,no,2061.0,yes,no,cellular,15,may,319,1,-1,0,unknown,no
29,management,single,secondary,no,439.5,yes,no,unknown,28,may,188,2,-1,0,unknown,no
34,management,single,secondary,no,844.5,yes,yes,cellular,29,aug,32,15,-1,0,unknown,no
39,management,single,secondary,no,1.5,no,yes,cellular,7,jul,281,1,-1,0,unknown,no
32,management,single,secondary,no,0.0,no,yes,cellular,11,jul,333,2,-1,0,unknown,no
34,management,single,tertiary,no,43.5,yes,no,cellular,13,may,248,2,-1,0,unknown,no
34,management,single,tertiary,no,-438.0,yes,no,cellular,19,aug,181,6,-1,0,unknown,no
26,management,single,secondary,no,594.0,yes,no,unknown,28,may,302,1,-1,0,unknown,no
34,management,single,tertiary,no,624.0,no,no,cellular,14,aug,1217,4,-1,0,unknown,no
34,management,single,tertiary,no,11403.0,no,no,cellular,20,nov,222,1,-1,0,unknown,no
34,management,single,secondary,no,444.0,no,no,cellular,20,nov,68,1,136,4,failure,no
31,management,single,secondary,no,-490.5,yes,no,unknown,28,may,408,1,-1,0,unknown,no
32,management,single,secondary,no,301.5,yes,no,unknown,18,jun,110,2,-1,0,unknown,no
36,management,single,tertiary,no,-949.5,yes,no,cellular,17,jul,106,1,-1,0,unknown,no
34,management,single,secondary,no,726.0,no,no,unknown,9,may,84,4,-1,0,unknown,no
33,management,single,secondary,no,10.5,yes,no,unknown,20,may,217,1,-1,0,unknown,no
35,management,single,tertiary,no,1125.0,yes,no,cellular,18,aug,233,12,-1,0,unknown,no
31,management,single,primary,no,0.0,yes,yes,unknown,12,may,59,4,-1,0,unknown,no
26,management,single,secondary,no,4870.5,no,no,telephone,6,feb,341,3,-1,0,unknown,no
28,management,single,tertiary,no,955.5,yes,no,cellular,4,feb,324,1,-1,0,unknown,no
38,management,single,tertiary,no,3126.0,yes,no,cellular,16,apr,71,2,330,2,failure,no
28,management,single,secondary,no,2601.0,yes,no,unknown,3,jun,161,3,-1,0,unknown,no
31,management,single,secondary,no,553.5,yes,yes,unknown,14,may,89,2,-1,0,unknown,no
32,management,single,tertiary,no,1383.0,no,no,cellular,18,oct,338,2,-1,0,unknown,no
35,management,single,unknown,no,1692.0,yes,no,unknown,4,jun,457,1,-1,0,unknown,no
37,management,single,tertiary,no,532.5,no,no,cellular,4,aug,340,1,-1,0,unknown,no
37,management,single,primary,no,0.0,no,no,unknown,7,may,112,4,-1,0,unknown,no
30,management,single,secondary,no,279.0,yes,no,cellular,20,nov,235,3,-1,0,unknown,no
27,management,single,secondary,no,130.5,no,no,telephone,10,jul,245,1,-1,0,unknown,no
34,management,single,tertiary,no,4006.5,no,no,cellular,19,aug,119,9,-1,0,unknown,no
26,management,single,secondary,no,367.5,yes,no,unknown,28,may,146,2,-1,0,unknown,no
29,management,single,secondary,no,741.0,yes,no,unknown,26,may,341,2,-1,0,unknown,no
34,management,single,tertiary,no,3832.5,yes,no,cellular,26,may,129,2,-1,0,unknown,no
35,management,single,tertiary,no,1693.5,yes,no,cellular,21,nov,64,2,184,2,failure,no
25,management,single,secondary,no,1342.5,yes,no,unknown,3,jun,167,1,-1,0,unknown,no
27,management,single,secondary,no,756.0,yes,no,cellular,18,may,106,5,362,8,other,no
29,management,single,tertiary,no,2349.0,yes,no,unknown,4,jun,233,1,-1,0,unknown,no
39,management,single,tertiary,no,0.0,no,no,unknown,27,may,205,8,-1,0,unknown,no
31,management,single,primary,no,294.0,no,no,cellular,7,aug,248,1,-1,0,unknown,no
36,management,single,secondary,no,307.5,yes,no,telephone,18,nov,176,4,-1,0,unknown,no
37,management,single,tertiary,no,-97.5,no,no,cellular,21,jul,226,1,-1,0,unknown,no
34,management,single,secondary,no,390.0,yes,no,cellular,17,apr,20,2,238,2,failure,no
39,management,single,secondary,no,7083.0,yes,no,unknown,17,jun,483,1,-1,0,unknown,no
31,management,single,secondary,no,243.0,yes,no,unknown,28,may,247,1,-1,0,unknown,no
33,management,single,tertiary,no,9207.0,yes,no,unknown,20,may,369,1,-1,0,unknown,no
39,management,single,secondary,no,124.5,yes,no,cellular,30,jul,69,6,-1,0,unknown,no
31,management,single,secondary,no,645.0,yes,no,cellular,15,apr,103,2,-1,0,unknown,no
26,management,single,secondary,no,415.5,no,no,unknown,14,may,514,2,-1,0,unknown,no
31,management,single,tertiary,no,0.0,yes,yes,cellular,14,may,117,3,352,3,failure,no
35,management,single,secondary,no,730.5,yes,no,unknown,15,may,117,1,-1,0,unknown,no
32,management,single,tertiary,no,20566.5,yes,no,cellular,14,may,638,1,175,3,success,no
37,management,single,tertiary,no,4312.5,no,no,cellular,20,nov,110,2,-1,0,unknown,no
35,management,single,tertiary,no,3459.0,no,no,cellular,18,aug,86,7,-1,0,unknown,no
29,management,single,tertiary,no,0.0,yes,yes,cellular,15,jul,218,1,-1,0,unknown,no
38,management,single,secondary,no,165.0,no,no,cellular,25,may,167,1,-1,0,unknown,no
32,management,single,tertiary,no,589.5,no,no,cellular,28,jan,458,2,-1,0,unknown,no
38,management,single,tertiary,no,1470.0,no,no,unknown,3,jun,662,5,-1,0,unknown,no
27,management,single,tertiary,no,4590.0,no,no,cellular,30,jan,533,1,-1,0,unknown,no
36,management,single,secondary,no,240.0,yes,no,unknown,26,may,142,1,-1,0,unknown,no
37,management,single,secondary,no,763.5,yes,no,cellular,20,apr,172,1,-1,0,unknown,no
26,management,single,primary,no,153.0,yes,no,unknown,16,may,46,1,-1,0,unknown,no
31,management,single,secondary,no,3132.0,no,no,cellular,9,feb,15,14,-1,0,unknown,no
30,management,single,secondary,no,0.0,yes,no,cellular,7,jul,161,2,-1,0,unknown,no
39,management,single,secondary,no,0.0,yes,yes,cellular,30,apr,85,1,-1,0,unknown,no
33,management,single,secondary,no,555.0,yes,no,cellular,8,apr,249,1,-1,0,unknown,no
29,management,single,tertiary,no,3625.5,yes,no,cellular,7,may,126,2,-1,0,unknown,no
39,management,single,primary,no,666.0,yes,no,cellular,8,may,374,2,-1,0,unknown,no
36,management,single,secondary,no,283.5,yes,no,cellular,22,jul,632,1,-1,0,unknown,no
36,management,single,secondary,no,3834.0,yes,no,cellular,13,apr,342,1,-1,0,unknown,no
37,management,single,secondary,no,1924.5,yes,no,unknown,20,may,209,1,-1,0,unknown,no
33,management,single,secondary,no,1158.0,yes,no,cellular,29,jan,323,2,259,3,success,no
29,management,single,secondary,no,219.0,yes,no,unknown,19,may,104,2,-1,0,unknown,no
36,management,single,secondary,no,658.5,yes,no,telephone,6,feb,18,6,-1,0,unknown,no
36,management,single,primary,no,1306.5,yes,yes,telephone,18,nov,2,1,-1,0,unknown,no
32,management,single,tertiary,no,15.0,yes,no,unknown,2,jun,658,2,-1,0,unknown,no
38,management,single,tertiary,no,6439.5,yes,no,cellular,6,may,92,2,250,2,failure,no
26,management,single,secondary,no,49.5,no,no,cellular,23,jul,91,7,-1,0,unknown,no
34,management,single,tertiary,no,267.0,yes,no,cellular,18,nov,85,1,-1,0,unknown,no
24,management,single,primary,no,0.0,no,no,unknown,5,jun,25,26,-1,0,unknown,no
33,management,single,tertiary,no,34.5,no,no,cellular,20,aug,216,3,-1,0,unknown,no
27,management,single,secondary,no,2892.0,no,yes,cellular,15,jul,513,5,-1,0,unknown,no
32,management,single,secondary,no,2445.0,yes,no,cellular,30,jan,122,1,-1,0,unknown,no
36,management,single,secondary,no,2685.0,yes,no,cellular,16,apr,386,2,-1,0,unknown,no
34,management,single,secondary,yes,-1117.5,yes,yes,cellular,11,jul,131,2,-1,0,unknown,no
34,management,single,secondary,no,-84.0,yes,no,unknown,19,may,248,3,-1,0,unknown,no
37,management,single,tertiary,no,334.5,yes,no,unknown,28,may,25,1,-1,0,unknown,no
31,management,single,secondary,no,5046.0,yes,no,cellular,20,nov,290,1,-1,0,unknown,no
31,management,single,tertiary,no,0.0,no,no,cellular,19,aug,155,4,-1,0,unknown,no
34,management,single,tertiary,no,151.5,no,no,cellular,8,aug,472,2,-1,0,unknown,no
32,management,single,secondary,no,1444.5,no,no,cellular,28,aug,15,13,-1,0,unknown,no
31,management,single,tertiary,no,621.0,no,no,cellular,14,aug,169,5,-1,0,unknown,no
29,management,single,secondary,no,2988.0,no,no,cellular,12,apr,119,2,-1,0,unknown,no
32,management,single,secondary,no,898.5,no,no,cellular,19,nov,79,1,-1,0,unknown,no
36,management,single,tertiary,no,856.5,yes,yes,cellular,31,jul,46,3,-1,0,unknown,no
26,management,single,tertiary,no,232.5,yes,no,cellular,27,may,74,4,43,5,other,no
38,management,single,tertiary,no,6468.0,no,no,cellular,15,may,67,4,175,6,failure,no
36,management,single,tertiary,no,402.0,no,no,cellular,29,aug,54,12,-1,0,unknown,no
35,management,single,tertiary,no,547.5,no,no,cellular,21,nov,168,2,-1,0,unknown,no
34,management,single,secondary,no,978.0,yes,yes,cellular,18,jul,50,4,-1,0,unknown,no
33,management,single,secondary,no,396.0,no,no,cellular,28,aug,180,4,-1,0,unknown,no
38,management,single,primary,no,1002.0,no,no,unknown,8,may,238,1,-1,0,unknown,no
33,management,single,secondary,no,1054.5,no,no,cellular,18,nov,160,2,-1,0,unknown,no
33,management,single,tertiary,no,199.5,yes,no,unknown,26,may,308,4,-1,0,unknown,no
30,management,single,tertiary,no,415.5,yes,no,cellular,8,may,166,1,42,1,other,no
34,management,single,secondary,no,298.5,yes,no,unknown,8,may,627,3,-1,0,unknown,no
39,management,single,tertiary,no,655.5,no,no,telephone,27,may,186,2,-1,0,unknown,no
31,management,single,tertiary,no,0.0,yes,no,cellular,4,may,108,2,167,1,failure,no
39,management,single,secondary,no,-466.5,yes,no,cellular,6,may,55,2,345,2,other,no
29,management,single,tertiary,no,11748.0,yes,no,unknown,27,may,304,2,-1,0,unknown,no
24,management,single,secondary,no,258.0,no,no,cellular,3,feb,114,1,-1,0,unknown,no
30,management,single,secondary,no,1696.5,yes,yes,cellular,18,nov,189,1,144,5,failure,no
34,management,single,primary,no,637.5,yes,no,cellular,16,jul,1389,7,-1,0,unknown,no
33,management,single,tertiary,no,0.0,no,no,cellular,27,aug,191,4,-1,0,unknown,no
38,management,single,primary,no,2230.5,no,no,unknown,9,jun,332,2,-1,0,unknown,no
22,management,single,unknown,no,4975.5,no,no,cellular,10,aug,148,1,-1,0,unknown,no
32,management,single,tertiary,no,1092.0,yes,no,unknown,21,may,125,1,-1,0,unknown,no
32,management,single,tertiary,no,0.0,no,no,cellular,28,aug,23,12,-1,0,unknown,no
34,management,single,tertiary,no,0.0,no,no,cellular,29,aug,120,2,-1,0,unknown,no
38,management,single,primary,no,0.0,no,no,cellular,28,jul,33,3,-1,0,unknown,no
33,management,single,tertiary,no,1792.5,yes,no,telephone,13,may,355,4,-1,0,unknown,no
27,management,single,primary,no,5932.5,yes,no,unknown,28,may,205,3,-1,0,unknown,no
36,management,single,tertiary,no,0.0,yes,no,cellular,8,may,52,1,-1,0,unknown,no
38,management,single,primary,no,5877.0,no,no,cellular,27,aug,101,3,-1,0,unknown,no
31,management,single,secondary,no,382.5,yes,yes,cellular,18,may,295,1,-1,0,unknown,no
33,management,single,secondary,no,202.5,yes,no,cellular,17,apr,114,1,345,2,failure,no
31,management,single,tertiary,no,8536.5,yes,no,cellular,21,nov,37,2,123,1,failure,no
35,management,single,tertiary,no,6522.0,yes,no,cellular,2,apr,1074,3,217,8,failure,no
29,management,single,secondary,no,8644.5,no,yes,cellular,5,jun,271,2,92,2,success,no
39,management,single,tertiary,no,2481.0,no,yes,cellular,21,nov,151,1,-1,0,unknown,no
32,management,single,tertiary,no,423.0,no,no,cellular,22,aug,92,2,-1,0,unknown,no
33,management,single,tertiary,no,811.5,yes,yes,unknown,21,may,572,1,-1,0,unknown,no
32,management,single,secondary,no,-48.0,no,no,cellular,29,jan,320,1,185,5,other,no
34,management,single,tertiary,no,0.0,yes,no,unknown,20,may,150,1,-1,0,unknown,no
35,management,single,primary,no,3060.0,no,no,cellular,21,nov,258,1,157,4,failure,no
31,management,single,tertiary,no,454.5,yes,no,unknown,14,may,143,1,-1,0,unknown,no
34,management,single,secondary,no,-466.5,yes,no,unknown,27,may,305,2,-1,0,unknown,no
34,management,single,primary,no,5802.0,yes,no,cellular,18,may,134,1,350,1,failure,no
34,management,single,secondary,no,390.0,no,no,cellular,28,jan,50,1,-1,0,unknown,no
36,management,single,secondary,no,1566.0,yes,no,cellular,20,aug,15,19,-1,0,unknown,no
32,management,single,tertiary,no,2454.0,yes,no,cellular,18,nov,124,1,-1,0,unknown,no
35,management,single,tertiary,no,0.0,yes,no,cellular,5,may,310,1,-1,0,unknown,no
30,management,single,secondary,no,576.0,no,no,cellular,25,aug,73,3,-1,0,unknown,no
35,management,single,tertiary,no,888.0,no,yes,unknown,14,may,192,1,-1,0,unknown,no
32,management,single,tertiary,no,1906.5,yes,no,unknown,20,may,51,1,-1,0,unknown,no
28,management,single,tertiary,no,1656.0,yes,no,cellular,28,jul,73,7,-1,0,unknown,no
31,management,single,secondary,no,34.5,no,no,cellular,21,nov,116,1,-1,0,unknown,no
28,management,single,secondary,no,1705.5,no,no,cellular,6,feb,129,4,211,3,other,no
38,management,single,secondary,no,-60.0,yes,no,unknown,23,may,227,1,-1,0,unknown,no
34,management,single,secondary,no,-468.0,yes,no,unknown,9,may,232,1,-1,0,unknown,no
31,management,single,secondary,no,5310.0,yes,no,cellular,21,nov,441,1,-1,0,unknown,no
34,management,single,secondary,no,700.5,yes,no,cellular,13,may,195,2,357,2,failure,no
37,management,single,secondary,no,0.0,yes,no,cellular,22,jul,185,1,-1,0,unknown,no
28,management,single,secondary,no,5725.5,yes,no,cellular,4,may,528,3,-1,0,unknown,no
36,management,single,tertiary,no,1663.5,no,no,cellular,13,aug,328,2,-1,0,unknown,no
26,management,single,secondary,no,595.5,no,no,cellular,29,jan,268,1,-1,0,unknown,no
30,management,single,secondary,no,151.5,yes,no,cellular,19,nov,85,2,-1,0,unknown,no
33,management,single,unknown,no,8953.5,no,no,cellular,30,apr,110,1,83,7,failure,no
32,management,single,secondary,no,1554.0,yes,yes,unknown,30,may,62,2,-1,0,unknown,no
24,management,single,secondary,no,129.0,no,no,unknown,2,jun,1075,2,-1,0,unknown,no
26,management,single,tertiary,no,288.0,yes,no,unknown,15,may,477,1,-1,0,unknown,no
38,management,single,secondary,no,3012.0,yes,no,cellular,18,nov,354,1,-1,0,unknown,no
31,management,single,tertiary,no,2233.5,yes,no,cellular,3,feb,678,1,-1,0,unknown,no
29,management,single,secondary,no,85.5,yes,no,telephone,21,jul,342,9,-1,0,unknown,no
27,management,single,tertiary,no,4656.0,yes,no,unknown,28,may,160,2,-1,0,unknown,no
35,management,single,tertiary,no,972.0,no,no,cellular,30,jul,674,2,-1,0,unknown,no
36,management,single,secondary,no,15061.5,yes,no,cellular,20,nov,91,2,184,1,other,no
33,management,single,tertiary,no,1725.0,yes,no,telephone,12,may,109,2,-1,0,unknown,no
30,management,single,tertiary,no,11767.5,yes,no,unknown,3,jun,59,1,-1,0,unknown,no
37,management,single,primary,no,235.5,yes,no,unknown,30,may,833,8,-1,0,unknown,no
34,management,single,secondary,no,642.0,yes,no,cellular,7,apr,221,2,267,3,other,no
39,management,single,tertiary,yes,1.5,yes,yes,unknown,29,may,102,1,-1,0,unknown,no
32,management,single,tertiary,no,4521.0,yes,no,cellular,7,may,291,2,-1,0,unknown,no
36,management,single,tertiary,no,1885.5,no,no,cellular,8,feb,108,9,101,1,other,no
30,management,single,secondary,no,877.5,no,yes,cellular,2,feb,7,6,-1,0,unknown,no
38,management,single,secondary,no,4011.0,yes,no,unknown,19,jun,163,2,-1,0,unknown,no
35,management,single,secondary,no,109.5,yes,no,unknown,28,may,79,2,-1,0,unknown,no
37,management,single,primary,no,0.0,yes,no,unknown,6,may,76,4,-1,0,unknown,no
29,management,single,tertiary,no,859.5,yes,yes,unknown,16,jun,190,4,-1,0,unknown,no
39,management,single,unknown,no,112.5,no,no,unknown,6,jun,26,1,-1,0,unknown,no
36,management,single,tertiary,no,3489.0,yes,no,cellular,20,nov,7,5,-1,0,unknown,no
34,management,single,primary,no,-117.0,yes,no,unknown,9,may,198,1,-1,0,unknown,no
31,management,single,secondary,no,6157.5,no,no,cellular,30,apr,264,1,-1,0,unknown,no
30,management,single,secondary,no,2712.0,yes,no,cellular,18,may,83,2,-1,0,unknown,no
25,management,single,tertiary,no,2403.0,yes,no,cellular,26,may,154,1,-1,0,unknown,no
36,management,single,secondary,no,126.0,yes,no,unknown,20,may,67,1,-1,0,unknown,no
31,management,single,tertiary,no,777.0,yes,no,cellular,18,may,399,1,-1,0,unknown,no
32,management,single,secondary,no,2215.5,yes,no,cellular,18,nov,111,1,-1,0,unknown,no
38,management,single,secondary,no,-595.5,yes,yes,cellular,21,jul,91,9,-1,0,unknown,no
30,management,single,secondary,no,885.0,no,no,cellular,11,aug,443,3,-1,0,unknown,no
38,management,single,tertiary,no,0.0,no,no,cellular,28,aug,77,18,-1,0,unknown,no
34,management,single,secondary,no,8596.5,yes,no,cellular,21,jul,101,3,-1,0,unknown,no
29,management,single,secondary,no,463.5,yes,no,unknown,13,may,214,1,-1,0,unknown,no
34,management,single,tertiary,no,0.0,yes,no,unknown,21,may,759,1,-1,0,unknown,no
39,management,single,secondary,no,0.0,no,no,cellular,21,nov,108,7,-1,0,unknown,no
33,management,single,tertiary,no,841.5,no,no,cellular,7,apr,104,1,-1,0,unknown,no
39,management,single,tertiary,no,4891.5,yes,no,unknown,9,jun,150,17,-1,0,unknown,no
33,management,single,secondary,no,555.0,yes,no,cellular,11,aug,145,4,-1,0,unknown,no
29,management,single,secondary,no,0.0,yes,no,unknown,9,may,121,1,-1,0,unknown,no
34,management,single,tertiary,no,94.5,no,no,cellular,18,nov,83,1,102,2,failure,no
36,management,single,secondary,no,627.0,yes,yes,cellular,13,may,132,2,-1,0,unknown,no
31,management,single,secondary,no,13176.0,yes,no,unknown,21,may,63,2,-1,0,unknown,no
31,management,single,secondary,no,2955.0,no,no,telephone,17,apr,284,3,-1,0,unknown,no
26,management,single,tertiary,no,1765.5,no,no,cellular,19,oct,116,1,-1,0,unknown,no
31,management,single,tertiary,no,789.0,no,no,cellular,26,aug,130,13,-1,0,unknown,no
33,management,single,tertiary,no,0.0,yes,yes,cellular,14,may,83,2,-1,0,unknown,no
32,management,single,secondary,no,547.5,yes,no,cellular,30,jan,210,3,-1,0,unknown,no
37,management,single,secondary,no,2323.5,yes,no,unknown,20,jun,161,7,-1,0,unknown,no
35,management,single,tertiary,no,9.0,yes,no,cellular,18,nov,47,1,-1,0,unknown,no
27,management,single,unknown,no,702.0,no,no,cellular,4,feb,270,2,-1,0,unknown,no
30,management,single,secondary,no,0.0,yes,no,unknown,26,may,30,1,-1,0,unknown,no
36,management,single,secondary,no,708.0,yes,no,unknown,19,jun,1017,1,-1,0,unknown,no
32,management,single,tertiary,yes,6.0,no,no,cellular,29,jan,181,1,-1,0,unknown,no
35,management,single,secondary,no,3376.5,no,no,cellular,19,aug,151,8,-1,0,unknown,no
39,management,single,primary,no,3690.0,no,no,cellular,11,jul,194,3,-1,0,unknown,no
34,management,single,secondary,no,51.0,no,no,cellular,30,jan,379,1,-1,0,unknown,no
36,management,single,secondary,no,1921.5,no,no,telephone,24,jul,119,2,-1,0,unknown,no
25,management,single,primary,no,-433.5,yes,no,telephone,13,may,56,2,-1,0,unknown,no
29,management,single,secondary,no,13.5,no,yes,cellular,8,jul,202,2,-1,0,unknown,no
32,management,single,secondary,no,465.0,yes,no,unknown,6,may,144,1,-1,0,unknown,no
32,management,single,tertiary,no,1461.0,yes,no,unknown,3,jun,228,1,-1,0,unknown,no
37,management,single,secondary,no,513.0,yes,no,cellular,12,may,340,2,175,1,failure,no
29,management,single,secondary,no,0.0,no,no,cellular,6,feb,437,2,-1,0,unknown,no
35,management,single,secondary,no,-732.0,yes,no,unknown,2,jun,97,4,-1,0,unknown,no
26,management,single,secondary,no,987.0,no,yes,telephone,23,jul,34,4,-1,0,unknown,no
27,management,single,tertiary,yes,0.0,no,yes,cellular,8,jul,46,1,-1,0,unknown,no
28,management,single,secondary,no,184.5,yes,no,cellular,6,may,115,1,359,3,failure,no
35,management,single,primary,no,1116.0,yes,no,cellular,7,apr,1096,1,-1,0,unknown,no
31,management,single,tertiary,no,-259.5,yes,no,unknown,6,may,396,2,-1,0,unknown,no
35,management,single,secondary,no,1858.5,yes,no,cellular,5,may,60,2,347,1,failure,no
39,management,single,primary,no,51.0,yes,no,cellular,14,jul,377,3,-1,0,unknown,no
31,management,single,primary,no,438.0,yes,yes,unknown,30,may,30,18,-1,0,unknown,no
29,management,single,secondary,no,-747.0,yes,no,cellular,2,feb,99,3,227,14,failure,no
35,management,single,secondary,no,100.5,no,no,unknown,20,may,60,6,-1,0,unknown,no
37,management,single,tertiary,no,7524.0,no,no,cellular,8,aug,119,1,-1,0,unknown,no
34,management,single,secondary,no,816.0,yes,no,unknown,27,may,257,2,-1,0,unknown,no
37,management,single,secondary,no,2736.0,yes,no,cellular,3,jul,112,2,324,2,other,no
36,management,single,secondary,no,0.0,yes,yes,cellular,15,jul,201,4,-1,0,unknown,no
35,management,single,secondary,no,213.0,yes,no,cellular,20,nov,315,2,196,4,failure,no
30,management,single,secondary,no,202.5,no,no,cellular,14,aug,112,2,-1,0,unknown,no
35,management,single,secondary,no,1.5,yes,no,cellular,28,jul,173,8,-1,0,unknown,no
33,management,single,secondary,no,87.0,no,no,unknown,16,may,144,2,-1,0,unknown,no
35,management,single,secondary,no,0.0,no,no,unknown,9,jun,115,4,-1,0,unknown,no
37,management,single,secondary,no,0.0,yes,yes,cellular,15,jul,101,3,-1,0,unknown,no
35,management,single,secondary,no,1462.5,yes,no,cellular,16,jul,102,1,-1,0,unknown,no
32,management,single,tertiary,no,93.0,yes,no,telephone,13,nov,45,1,-1,0,unknown,no
30,management,single,secondary,no,1387.5,no,no,cellular,20,nov,240,1,-1,0,unknown,no
35,management,single,secondary,no,180.0,yes,no,unknown,28,may,245,2,-1,0,unknown,no
37,management,single,secondary,no,432.0,yes,no,cellular,5,may,159,6,-1,0,unknown,no
28,management,single,secondary,no,238.5,yes,no,telephone,12,may,345,2,-1,0,unknown,no
35,management,single,tertiary,no,456.0,yes,no,cellular,19,nov,274,2,-1,0,unknown,no
30,management,single,secondary,no,1948.5,no,no,cellular,14,aug,515,2,-1,0,unknown,no
36,management,single,secondary,no,805.5,no,yes,cellular,7,jul,206,6,-1,0,unknown,no
28,management,single,secondary,no,1062.0,yes,no,unknown,6,jun,339,5,-1,0,unknown,no
31,management,single,secondary,no,1006.5,yes,no,unknown,7,may,193,3,-1,0,unknown,no
30,management,single,secondary,no,729.0,no,no,cellular,28,jan,335,3,-1,0,unknown,no
31,management,single,secondary,no,-621.0,yes,no,cellular,6,may,1369,3,-1,0,unknown,no
34,management,single,secondary,no,1212.0,yes,yes,cellular,17,jul,20,3,-1,0,unknown,no
31,management,single,secondary,no,594.0,yes,no,unknown,19,may,104,1,-1,0,unknown,no
33,management,single,tertiary,no,465.0,no,no,cellular,29,aug,179,2,-1,0,unknown,no
33,management,single,secondary,no,0.0,yes,yes,cellular,28,jul,83,12,-1,0,unknown,no
35,management,single,secondary,no,1360.5,no,yes,unknown,2,jul,97,4,-1,0,unknown,no
28,management,single,secondary,no,0.0,no,yes,cellular,31,jul,11,21,-1,0,unknown,no
34,management,single,unknown,no,3481.5,no,no,cellular,9,nov,600,2,99,5,failure,no
38,management,single,secondary,no,30.0,no,no,cellular,2,feb,147,1,-1,0,unknown,no
30,management,single,secondary,no,58.5,yes,no,cellular,28,jul,101,3,-1,0,unknown,no
39,management,single,primary,no,498.0,yes,no,unknown,8,may,277,3,-1,0,unknown,no
36,management,single,secondary,no,165.0,yes,no,telephone,4,feb,185,1,-1,0,unknown,no
34,management,single,primary,no,664.5,no,no,cellular,30,jan,10,1,2,1,other,no
39,management,single,secondary,no,31392.0,no,no,cellular,14,may,1166,1,352,1,other,no
32,management,single,secondary,no,480.0,yes,yes,cellular,3,feb,22,4,-1,0,unknown,no
27,management,single,secondary,no,187.5,no,no,cellular,21,jul,104,1,288,8,failure,no
27,management,single,secondary,no,475.5,yes,no,unknown,20,may,16,10,-1,0,unknown,no
31,management,single,primary,no,3553.5,yes,no,cellular,18,may,87,1,-1,0,unknown,no
36,management,single,tertiary,no,187.5,yes,no,unknown,26,may,172,1,-1,0,unknown,no
32,management,single,primary,no,76.5,yes,no,cellular,12,may,324,1,-1,0,unknown,no
37,management,single,secondary,no,391.5,no,no,cellular,29,aug,301,4,-1,0,unknown,no
32,management,single,unknown,no,153.0,yes,no,unknown,21,may,12,11,-1,0,unknown,no
27,management,single,secondary,no,34.5,no,no,cellular,26,feb,590,2,-1,0,unknown,no
37,management,single,tertiary,no,15403.5,yes,no,cellular,18,may,28,2,-1,0,unknown,no
32,management,single,secondary,no,2994.0,yes,no,cellular,18,nov,271,1,-1,0,unknown,no
38,management,single,secondary,no,-523.5,yes,no,cellular,20,apr,111,2,328,5,failure,no
38,management,single,tertiary,no,3744.0,no,no,unknown,17,jun,193,1,-1,0,unknown,no
39,management,single,secondary,no,1755.0,no,no,unknown,6,jun,383,1,-1,0,unknown,no
32,management,single,secondary,no,348.0,no,no,unknown,13,dec,232,1,-1,0,unknown,no
33,management,single,tertiary,no,1300.5,yes,no,cellular,14,apr,247,1,-1,0,unknown,no
31,management,single,secondary,no,-633.0,yes,no,cellular,18,may,64,2,329,15,other,no
25,management,single,secondary,no,126.0,yes,no,cellular,18,may,6,2,-1,0,unknown,no
33,management,single,primary,no,1387.5,no,no,cellular,20,nov,884,3,-1,0,unknown,no
29,management,single,secondary,no,0.0,yes,no,cellular,11,may,116,6,-1,0,unknown,no
38,management,single,secondary,no,1.5,yes,no,cellular,21,nov,57,5,199,1,success,no
39,management,single,secondary,no,6471.0,yes,no,cellular,20,nov,141,4,-1,0,unknown,no
31,management,single,tertiary,no,126.0,no,yes,unknown,1,jul,143,1,-1,0,unknown,no
21,management,single,unknown,no,300.0,no,no,unknown,1,jun,8,1,-1,0,unknown,no
32,management,single,secondary,no,-409.5,yes,no,cellular,5,may,64,1,-1,0,unknown,no
25,management,single,tertiary,no,735.0,no,no,cellular,7,sep,394,1,-1,0,unknown,no
28,management,single,secondary,no,6.0,yes,no,unknown,27,jun,133,5,-1,0,unknown,no
33,management,single,secondary,no,2778.0,no,no,telephone,25,feb,371,1,204,3,other,no
20,management,single,primary,no,0.0,no,no,cellular,1,feb,143,5,91,8,failure,no
31,management,single,secondary,no,757.5,no,no,cellular,11,jul,773,3,-1,0,unknown,no
27,management,single,tertiary,no,17793.0,no,no,telephone,25,may,281,5,101,1,success,no
38,management,single,secondary,no,-1143.0,yes,yes,unknown,30,may,408,2,-1,0,unknown,no
36,management,single,secondary,no,2017.5,yes,no,unknown,30,may,231,3,-1,0,unknown,no
29,management,single,unknown,no,100.5,no,no,cellular,28,jan,330,2,-1,0,unknown,no
36,management,single,secondary,no,-309.0,yes,no,unknown,8,may,177,2,-1,0,unknown,no
29,management,single,secondary,no,-19.5,yes,no,cellular,14,may,512,3,-1,0,unknown,no
33,management,single,tertiary,no,4000.5,yes,no,cellular,18,may,57,1,180,3,failure,no
29,management,single,primary,no,387.0,yes,no,unknown,26,may,130,1,-1,0,unknown,no
31,management,single,tertiary,no,3576.0,yes,no,cellular,14,apr,608,2,-1,0,unknown,no
29,management,single,secondary,no,460.5,yes,no,cellular,3,feb,216,1,-1,0,unknown,no
34,management,single,tertiary,no,268.5,yes,no,cellular,20,nov,184,1,-1,0,unknown,no
28,management,single,secondary,no,9498.0,yes,no,telephone,7,may,149,1,343,4,failure,no
34,management,single,secondary,no,-676.5,yes,yes,cellular,23,jul,498,1,-1,0,unknown,no
37,management,single,primary,no,5275.5,yes,no,unknown,23,may,445,1,-1,0,unknown,no
33,management,single,tertiary,no,966.0,no,no,cellular,11,aug,99,2,-1,0,unknown,no
34,management,single,secondary,no,3096.0,yes,no,unknown,26,may,165,2,-1,0,unknown,no
30,management,single,secondary,no,192.0,yes,no,unknown,14,may,273,1,-1,0,unknown,no
31,management,single,secondary,no,1294.5,yes,no,cellular,3,feb,146,1,263,5,success,no
39,management,single,secondary,no,301.5,no,yes,unknown,6,jun,148,4,-1,0,unknown,no
36,management,single,unknown,no,2722.5,no,no,unknown,5,jun,387,1,-1,0,unknown,no
33,management,single,secondary,no,1380.0,no,no,cellular,13,aug,111,1,105,1,success,no
38,management,single,unknown,no,2023.5,yes,no,unknown,6,may,100,1,-1,0,unknown,no
37,management,single,primary,no,360.0,yes,no,cellular,11,may,259,1,370,2,other,no
27,management,single,unknown,no,4794.0,no,no,cellular,9,feb,10,2,-1,0,unknown,no
39,management,single,secondary,no,238.5,no,no,cellular,19,nov,177,1,-1,0,unknown,no
33,management,single,tertiary,no,444.0,no,no,cellular,16,jul,90,2,-1,0,unknown,no
31,management,single,secondary,no,-1080.0,yes,yes,unknown,15,may,112,2,-1,0,unknown,no
27,management,single,secondary,no,-88.5,no,yes,cellular,8,jul,154,3,-1,0,unknown,no
36,management,single,secondary,no,0.0,yes,yes,cellular,11,may,94,1,-1,0,unknown,no
39,management,single,secondary,no,424.5,yes,no,unknown,26,may,126,2,-1,0,unknown,no
36,management,single,primary,no,1459.5,yes,yes,unknown,23,may,293,1,-1,0,unknown,no
28,management,single,primary,no,172.5,yes,no,unknown,28,may,78,4,-1,0,unknown,no
27,management,single,tertiary,no,1705.5,yes,no,cellular,8,may,26,1,-1,0,unknown,no
38,management,single,tertiary,no,13003.5,yes,no,telephone,20,apr,5,3,150,6,failure,no
32,management,single,tertiary,no,1615.5,no,no,cellular,5,aug,200,1,717,4,failure,no
28,management,single,secondary,no,1516.5,yes,no,cellular,20,apr,204,3,-1,0,unknown,no
38,management,single,primary,no,1071.0,yes,no,unknown,29,may,225,3,-1,0,unknown,no
36,management,single,secondary,no,-22.5,yes,no,unknown,6,may,341,3,-1,0,unknown,no
26,management,single,tertiary,no,961.5,yes,no,cellular,15,may,55,1,368,1,failure,no
33,management,single,secondary,no,303.0,yes,no,cellular,17,apr,377,1,-1,0,unknown,no
31,management,single,secondary,no,1411.5,yes,no,cellular,8,apr,213,4,-1,0,unknown,no
35,management,single,tertiary,no,1030.5,yes,no,unknown,30,may,166,2,-1,0,unknown,no
29,management,single,secondary,no,-847.5,yes,no,unknown,18,jun,164,3,-1,0,unknown,no
33,management,single,secondary,no,720.0,yes,no,cellular,30,jan,272,1,270,1,other,no
31,management,single,secondary,no,-67.5,no,no,unknown,7,may,246,2,-1,0,unknown,no
35,management,single,secondary,no,615.0,yes,no,cellular,20,nov,67,2,-1,0,unknown,no
33,management,single,secondary,no,592.5,yes,no,unknown,2,jun,122,1,-1,0,unknown,no
30,management,single,primary,no,592.5,no,no,cellular,21,nov,429,1,-1,0,unknown,no
29,management,single,secondary,no,-1365.0,yes,no,cellular,21,jul,260,1,-1,0,unknown,no
32,management,single,secondary,no,64.5,yes,no,unknown,21,may,173,2,-1,0,unknown,no
34,management,single,tertiary,no,96.0,yes,no,cellular,28,jul,76,2,-1,0,unknown,no
39,management,single,tertiary,no,463.5,no,no,cellular,26,aug,94,14,-1,0,unknown,no
32,management,single,tertiary,no,153.0,no,no,cellular,22,aug,398,5,-1,0,unknown,no
37,management,single,secondary,no,33.0,yes,no,cellular,7,may,28,2,289,5,failure,no
27,management,single,secondary,no,8344.5,yes,no,unknown,30,may,435,2,-1,0,unknown,no
31,management,single,secondary,no,655.5,yes,yes,unknown,4,jun,173,14,-1,0,unknown,no
31,management,single,secondary,no,627.0,yes,yes,cellular,9,jul,219,1,-1,0,unknown,no
32,management,single,tertiary,no,25.5,no,no,cellular,22,aug,72,4,-1,0,unknown,no
36,management,single,secondary,no,1078.5,yes,no,unknown,13,may,1052,1,-1,0,unknown,no
37,management,single,primary,no,0.0,yes,no,unknown,26,may,24,1,-1,0,unknown,no
33,management,single,secondary,no,1701.0,yes,no,unknown,23,may,304,2,-1,0,unknown,no
29,management,single,secondary,no,22.5,no,no,cellular,3,jun,136,1,-1,0,unknown,no
30,management,single,tertiary,no,2454.0,no,no,unknown,6,jun,301,2,-1,0,unknown,no
28,management,single,secondary,no,6430.5,no,no,cellular,30,apr,171,1,-1,0,unknown,no
33,management,single,tertiary,no,4951.5,yes,no,cellular,2,nov,131,2,171,2,failure,no
35,management,single,secondary,no,16.5,yes,no,cellular,23,jul,103,4,-1,0,unknown,no
31,management,single,tertiary,no,75.0,no,no,cellular,19,aug,37,5,-1,0,unknown,no
25,management,single,secondary,no,703.5,no,no,cellular,24,feb,524,1,187,2,success,no
35,management,single,tertiary,no,1165.5,no,yes,cellular,28,may,85,1,-1,0,unknown,no
36,management,single,secondary,no,-589.5,no,no,telephone,14,aug,119,4,-1,0,unknown,no
33,management,single,tertiary,no,5002.5,no,no,cellular,15,jun,92,1,301,6,failure,no
35,management,single,tertiary,no,6.0,yes,no,cellular,14,may,88,1,-1,0,unknown,no
33,management,single,secondary,no,12.0,no,no,cellular,29,aug,462,2,-1,0,unknown,no
30,management,single,tertiary,no,4705.5,yes,no,cellular,31,jul,368,7,-1,0,unknown,no
28,management,single,secondary,no,682.5,yes,no,cellular,11,jul,166,1,-1,0,unknown,no
30,management,single,tertiary,no,9928.5,yes,no,cellular,21,aug,239,8,-1,0,unknown,no
27,management,single,tertiary,no,414.0,no,no,unknown,16,may,218,2,-1,0,unknown,no
27,management,single,secondary,no,1264.5,no,no,cellular,12,jul,123,2,185,1,success,no
32,management,single,primary,no,0.0,yes,yes,cellular,8,may,82,2,361,4,failure,no
29,management,single,secondary,no,390.0,yes,no,cellular,4,feb,453,2,273,2,failure,no
36,management,single,tertiary,no,0.0,no,no,unknown,2,jun,87,3,-1,0,unknown,no
28,management,single,secondary,no,1383.0,yes,no,cellular,7,apr,304,1,-1,0,unknown,no
39,management,single,secondary,no,139.5,yes,no,cellular,11,may,72,4,-1,0,unknown,no
39,management,single,unknown,no,694.5,yes,no,cellular,18,may,169,1,-1,0,unknown,no
35,management,single,tertiary,no,216.0,yes,yes,cellular,4,feb,202,4,113,20,failure,no
37,management,single,secondary,no,15697.5,no,no,unknown,17,jun,144,6,-1,0,unknown,no
34,management,single,tertiary,no,556.5,no,no,unknown,20,may,77,1,-1,0,unknown,no
35,management,single,tertiary,no,0.0,yes,no,unknown,2,jun,184,1,-1,0,unknown,no
31,management,single,tertiary,no,418.5,yes,no,unknown,13,may,198,1,-1,0,unknown,no
33,management,single,secondary,no,361.5,no,no,cellular,22,jul,490,1,-1,0,unknown,no
36,management,single,secondary,no,333.0,yes,no,unknown,23,may,188,1,-1,0,unknown,no
32,management,single,secondary,no,2097.0,yes,yes,cellular,15,may,233,1,-1,0,unknown,no
25,management,single,tertiary,no,1773.0,yes,no,unknown,26,may,141,2,-1,0,unknown,no
39,management,single,tertiary,no,559.5,no,no,cellular,26,aug,148,4,-1,0,unknown,no
28,management,single,secondary,no,255.0,yes,yes,unknown,21,may,492,1,-1,0,unknown,no
30,management,single,tertiary,no,2076.0,yes,no,telephone,14,aug,60,2,-1,0,unknown,no
31,management,single,tertiary,no,27.0,no,no,cellular,8,aug,82,2,-1,0,unknown,no
32,management,single,secondary,no,550.5,yes,no,cellular,11,may,214,2,276,3,failure,no
23,management,single,secondary,no,805.5,yes,no,cellular,7,may,172,1,353,2,other,no
32,management,single,tertiary,no,2524.5,yes,yes,cellular,20,apr,72,2,-1,0,unknown,no
33,management,single,tertiary,no,574.5,yes,no,cellular,9,jul,125,1,-1,0,unknown,no
26,management,single,tertiary,no,4767.0,no,no,cellular,2,jun,64,1,-1,0,unknown,no
26,management,single,tertiary,no,2580.0,no,no,cellular,3,feb,383,1,-1,0,unknown,no
38,management,single,secondary,no,0.0,yes,no,telephone,16,jul,284,8,-1,0,unknown,no
33,management,single,tertiary,no,7311.0,no,no,telephone,22,feb,363,2,-1,0,unknown,no
33,management,single,secondary,no,265.5,yes,no,cellular,11,may,100,1,-1,0,unknown,no
31,management,single,tertiary,no,688.5,no,no,cellular,28,aug,13,14,-1,0,unknown,no
31,management,single,tertiary,no,910.5,no,no,cellular,27,aug,200,5,-1,0,unknown,no
32,management,single,tertiary,no,2949.0,no,no,cellular,18,aug,176,3,-1,0,unknown,no
37,management,single,secondary,no,544.5,yes,no,cellular,21,nov,39,4,182,3,failure,no
38,management,single,secondary,no,610.5,yes,yes,cellular,19,aug,89,1,-1,0,unknown,no
39,management,single,tertiary,no,0.0,no,no,cellular,29,aug,94,2,-1,0,unknown,no
39,management,single,secondary,no,2935.5,yes,yes,cellular,20,nov,47,1,-1,0,unknown,no
33,management,single,secondary,no,0.0,yes,yes,cellular,19,nov,163,2,-1,0,unknown,no
36,management,single,primary,no,25.5,yes,no,cellular,16,jul,329,1,-1,0,unknown,no
31,management,single,secondary,no,649.5,no,no,cellular,11,aug,1504,2,-1,0,unknown,no
37,management,single,secondary,no,1078.5,yes,no,cellular,13,may,118,1,365,1,failure,no
29,management,single,secondary,no,1891.5,no,no,cellular,5,feb,605,1,-1,0,unknown,no
35,management,single,tertiary,no,7414.5,yes,no,cellular,18,nov,295,1,124,2,failure,no
34,management,single,secondary,no,996.0,yes,yes,cellular,11,may,88,2,343,2,other,no
35,management,single,tertiary,no,4320.0,no,no,cellular,29,jan,42,1,-1,0,unknown,no
35,management,single,tertiary,no,1156.5,yes,yes,cellular,18,aug,221,5,-1,0,unknown,no
33,management,single,secondary,no,519.0,yes,yes,cellular,24,jul,379,1,-1,0,unknown,no
29,management,single,tertiary,no,1410.0,yes,no,cellular,15,may,757,1,330,1,failure,no
29,management,single,primary,no,-352.5,yes,no,cellular,22,jul,189,1,-1,0,unknown,no
39,management,single,secondary,no,213.0,no,yes,cellular,14,jul,424,4,-1,0,unknown,no
28,management,single,secondary,no,4.5,yes,no,cellular,14,sep,112,2,24,2,other,no
39,management,single,tertiary,no,1134.0,yes,no,unknown,2,jun,268,1,-1,0,unknown,no
32,management,single,secondary,no,7494.0,yes,no,unknown,20,may,205,2,-1,0,unknown,no
35,management,single,secondary,no,111.0,no,no,cellular,23,jul,248,2,-1,0,unknown,no
37,management,single,tertiary,no,39.0,no,no,cellular,17,jun,151,7,62,4,failure,no
35,management,single,primary,no,6478.5,no,no,cellular,16,apr,266,1,-1,0,unknown,no
25,management,single,primary,no,-331.5,yes,no,unknown,23,may,250,1,-1,0,unknown,no
31,management,single,secondary,no,81.0,yes,no,cellular,21,nov,226,1,-1,0,unknown,no
30,management,single,tertiary,no,244.5,yes,no,cellular,18,may,149,1,362,8,other,no
37,management,single,secondary,no,265.5,yes,no,cellular,16,jul,464,3,-1,0,unknown,no
24,management,single,secondary,no,739.5,yes,no,cellular,13,may,85,4,358,1,other,no
34,management,single,secondary,no,0.0,yes,no,cellular,5,may,150,1,-1,0,unknown,no
32,management,single,secondary,no,9325.5,yes,yes,cellular,18,nov,486,2,181,2,failure,no
38,management,single,secondary,no,274.5,yes,no,cellular,16,apr,256,3,339,2,failure,no
30,management,single,tertiary,no,171.0,no,no,cellular,14,aug,65,4,-1,0,unknown,no
31,management,single,secondary,no,2674.5,yes,yes,cellular,6,may,219,1,-1,0,unknown,no
32,management,single,secondary,no,21.0,no,no,cellular,19,aug,144,3,136,1,other,no
37,management,single,tertiary,no,4008.0,yes,no,cellular,11,aug,549,1,-1,0,unknown,no
30,management,single,secondary,no,555.0,yes,no,unknown,15,may,160,1,-1,0,unknown,no
38,management,single,tertiary,no,10254.0,yes,no,unknown,29,may,374,4,-1,0,unknown,no
33,management,single,tertiary,no,412.5,no,no,cellular,18,nov,348,1,-1,0,unknown,no
32,management,single,tertiary,no,13975.5,no,no,cellular,2,nov,92,3,-1,0,unknown,no
36,management,single,secondary,no,172.5,no,no,cellular,4,may,134,3,91,1,failure,no
33,management,single,secondary,no,604.5,yes,no,unknown,20,may,274,2,-1,0,unknown,no
31,management,single,secondary,no,47802.0,no,no,telephone,14,aug,34,6,-1,0,unknown,no
33,management,single,tertiary,no,51.0,no,no,cellular,28,aug,13,30,-1,0,unknown,no
28,management,single,primary,no,-294.0,no,no,cellular,7,jul,209,1,-1,0,unknown,no
33,management,single,secondary,no,589.5,yes,no,unknown,28,may,383,1,-1,0,unknown,no
28,management,single,secondary,no,-277.5,yes,yes,unknown,13,may,170,1,-1,0,unknown,no
32,management,single,secondary,no,1395.0,yes,no,unknown,21,may,122,1,-1,0,unknown,no
38,management,single,primary,no,-262.5,yes,no,telephone,21,jul,86,9,-1,0,unknown,no
32,management,single,secondary,no,3834.0,no,no,cellular,6,aug,269,3,-1,0,unknown,no
39,management,single,secondary,no,-2176.5,yes,yes,cellular,30,jul,65,5,-1,0,unknown,no
35,management,single,tertiary,no,4752.0,no,no,cellular,22,aug,24,30,-1,0,unknown,no
30,management,single,secondary,no,1516.5,yes,no,unknown,16,may,109,1,-1,0,unknown,no
28,management,single,secondary,no,112.5,no,no,unknown,1,jun,7,1,-1,0,unknown,no
36,management,single,unknown,no,1083.0,yes,no,unknown,20,may,268,2,-1,0,unknown,no
31,management,single,tertiary,yes,36.0,no,no,cellular,21,aug,246,2,-1,0,unknown,no
33,management,single,primary,no,-198.0,yes,yes,cellular,18,may,170,6,-1,0,unknown,no
25,management,single,secondary,no,15.0,yes,no,cellular,7,may,51,1,294,1,failure,no
34,management,single,secondary,no,300.0,yes,no,unknown,26,may,155,6,-1,0,unknown,no
25,management,single,secondary,no,259.5,yes,no,cellular,15,may,186,2,-1,0,unknown,no
26,management,single,secondary,no,796.5,yes,yes,cellular,6,feb,184,1,-1,0,unknown,no
37,management,single,secondary,yes,0.0,yes,no,cellular,17,jul,158,1,-1,0,unknown,no
34,management,single,secondary,no,6.0,yes,no,cellular,2,feb,105,2,263,1,failure,no
39,management,single,secondary,no,0.0,no,yes,unknown,19,jun,142,1,-1,0,unknown,no
33,management,single,secondary,no,205.5,yes,no,cellular,15,jul,136,3,-1,0,unknown,no
31,management,single,secondary,no,652.5,yes,no,unknown,21,may,204,1,-1,0,unknown,no
35,management,single,unknown,no,1089.0,yes,no,cellular,5,may,163,1,-1,0,unknown,no
28,management,single,secondary,no,3000.0,no,no,telephone,3,feb,226,2,-1,0,unknown,no
25,management,single,secondary,no,298.5,no,no,cellular,16,aug,111,2,95,3,other,no
33,management,single,tertiary,no,876.0,yes,no,cellular,7,aug,269,3,-1,0,unknown,no
27,management,single,tertiary,no,585.0,no,no,cellular,28,oct,190,1,82,1,success,no
34,management,single,tertiary,no,1015.5,no,no,cellular,9,feb,37,2,-1,0,unknown,no
31,management,single,secondary,no,0.0,no,no,cellular,22,sep,173,1,-1,0,unknown,no
30,management,single,secondary,no,1456.5,yes,no,cellular,17,apr,283,1,317,2,other,no
32,management,single,secondary,no,1645.5,yes,no,unknown,12,may,298,2,-1,0,unknown,no
37,management,single,secondary,no,142.5,no,no,cellular,6,feb,454,3,-1,0,unknown,no
39,management,single,tertiary,no,-1461.0,no,yes,cellular,13,aug,130,4,-1,0,unknown,no
35,management,single,secondary,yes,1581.0,yes,yes,cellular,21,nov,106,1,-1,0,unknown,no
31,management,single,tertiary,no,0.0,yes,no,cellular,8,sep,76,1,-1,0,unknown,no
32,management,single,secondary,no,195.0,yes,no,cellular,6,may,302,2,-1,0,unknown,no
38,management,single,secondary,no,283.5,yes,yes,cellular,21,jul,105,2,-1,0,unknown,no
30,management,single,secondary,yes,34.5,no,yes,cellular,4,feb,149,2,-1,0,unknown,no
32,management,single,secondary,no,43.5,no,no,cellular,19,aug,156,2,-1,0,unknown,no
