age,job,marital,education,default,balance,housing,loan,contact,day,month,duration,campaign,pdays,previous,poutcome,deposit
56,admin.,married,secondary,no,45,no,no,unknown,5,may,1467,1,-1,0,unknown,yes
54,admin.,married,tertiary,no,184,no,no,unknown,5,may,673,2,-1,0,unknown,yes
42,management,single,tertiary,no,0,yes,yes,unknown,5,may,562,2,-1,0,unknown,yes
56,management,married,tertiary,no,830,yes,yes,unknown,6,may,1201,1,-1,0,unknown,yes
60,retired,divorced,secondary,no,545,yes,no,unknown,6,may,1030,1,-1,0,unknown,yes
28,services,single,secondary,no,5090,yes,no,unknown,6,may,1297,3,-1,0,unknown,yes
30,blue-collar,married,secondary,no,309,yes,no,unknown,7,may,1574,2,-1,0,unknown,yes
46,blue-collar,single,tertiary,no,460,yes,no,unknown,7,may,1102,2,-1,0,unknown,yes
32,blue-collar,single,primary,no,611,yes,no,unknown,8,may,541,3,-1,0,unknown,yes
43,management,single,tertiary,no,2067,yes,no,unknown,8,may,756,1,-1,0,unknown,yes
43,management,divorced,tertiary,no,388,yes,no,unknown,8,may,2087,2,-1,0,unknown,yes
37,unemployed,single,secondary,no,381,yes,no,unknown,8,may,985,2,-1,0,unknown,yes
26,blue-collar,single,secondary,no,82,yes,no,unknown,9,may,654,1,-1,0,unknown,yes
38,management,married,tertiary,no,119,yes,no,unknown,13,may,568,4,-1,0,unknown,yes
60,blue-collar,married,primary,no,1262,yes,yes,unknown,13,may,1015,1,-1,0,unknown,yes
59,retired,married,secondary,no,1521,yes,yes,unknown,14,may,1125,2,-1,0,unknown,yes
48,blue-collar,married,secondary,no,1405,yes,no,unknown,14,may,629,2,-1,0,unknown,yes
40,admin.,married,secondary,no,1535,yes,no,unknown,14,may,704,1,-1,0,unknown,yes
51,blue-collar,married,secondary,no,7180,yes,no,unknown,14,may,927,1,-1,0,unknown,yes
59,blue-collar,married,primary,no,320,yes,no,unknown,15,may,695,1,-1,0,unknown,yes
41,retired,divorced,primary,no,-233,yes,no,unknown,15,may,1156,2,-1,0,unknown,yes
42,technician,single,secondary,no,1364,yes,no,unknown,15,may,1867,6,-1,0,unknown,yes
31,self-employed,single,tertiary,no,144,yes,no,unknown,16,may,676,1,-1,0,unknown,yes
26,blue-collar,married,secondary,no,246,yes,no,unknown,16,may,1143,3,-1,0,unknown,yes
37,management,single,secondary,no,792,yes,no,unknown,16,may,1187,4,-1,0,unknown,yes
43,services,divorced,secondary,no,1040,yes,no,unknown,19,may,552,3,-1,0,unknown,yes
41,technician,married,secondary,no,501,yes,no,unknown,19,may,579,5,-1,0,unknown,yes
36,blue-collar,married,secondary,no,4438,yes,no,unknown,20,may,446,1,-1,0,unknown,yes
31,admin.,single,secondary,no,431,yes,yes,unknown,20,may,1045,1,-1,0,unknown,yes
37,technician,single,secondary,no,1211,yes,no,unknown,21,may,795,1,-1,0,unknown,yes
36,blue-collar,married,primary,no,599,yes,no,unknown,21,may,649,2,-1,0,unknown,yes
31,management,single,tertiary,no,825,yes,no,unknown,21,may,506,2,-1,0,unknown,yes
35,blue-collar,married,primary,no,994,yes,no,unknown,23,may,1349,8,-1,0,unknown,yes
35,self-employed,divorced,tertiary,no,1354,yes,no,unknown,23,may,736,2,-1,0,unknown,yes
33,blue-collar,married,secondary,no,1464,yes,no,unknown,23,may,588,3,-1,0,unknown,yes
31,blue-collar,married,secondary,no,2910,yes,no,unknown,23,may,1392,2,-1,0,unknown,yes
37,blue-collar,married,secondary,no,125,no,no,unknown,26,may,679,2,-1,0,unknown,yes
28,self-employed,single,tertiary,no,0,yes,no,unknown,26,may,1560,2,-1,0,unknown,yes
37,blue-collar,divorced,secondary,no,316,yes,no,unknown,26,may,642,2,-1,0,unknown,yes
34,management,married,tertiary,no,2287,yes,no,unknown,26,may,895,4,-1,0,unknown,yes
59,services,married,secondary,no,-22,yes,no,unknown,26,may,748,3,-1,0,unknown,yes
26,services,single,secondary,no,901,yes,no,unknown,26,may,764,2,-1,0,unknown,yes
59,retired,single,secondary,no,351,yes,no,unknown,27,may,1063,5,-1,0,unknown,yes
44,services,divorced,secondary,no,51,yes,yes,unknown,27,may,3094,2,-1,0,unknown,yes
29,management,married,tertiary,no,314,no,no,unknown,28,may,938,2,-1,0,unknown,yes
26,management,single,tertiary,no,6840,yes,no,unknown,28,may,1560,2,-1,0,unknown,yes
25,self-employed,single,secondary,no,1242,yes,no,unknown,28,may,615,2,-1,0,unknown,yes
28,management,married,secondary,no,292,yes,no,unknown,28,may,507,1,-1,0,unknown,yes
34,management,single,tertiary,no,1058,yes,no,unknown,28,may,864,2,-1,0,unknown,yes
28,student,single,secondary,no,949,yes,no,unknown,28,may,1730,1,-1,0,unknown,yes
51,entrepreneur,married,unknown,no,606,yes,no,unknown,28,may,560,9,-1,0,unknown,yes
38,admin.,divorced,secondary,no,19,yes,no,unknown,30,may,604,2,-1,0,unknown,yes
34,technician,divorced,secondary,no,1451,yes,no,unknown,30,may,1097,15,-1,0,unknown,yes
50,unemployed,married,secondary,no,3674,yes,no,unknown,30,may,886,3,-1,0,unknown,yes
35,blue-collar,married,secondary,no,698,yes,yes,unknown,30,may,1343,3,-1,0,unknown,yes
46,management,single,tertiary,no,2904,yes,no,unknown,30,may,984,2,-1,0,unknown,yes
29,management,single,tertiary,no,0,yes,no,unknown,30,may,539,12,-1,0,unknown,yes
39,management,married,tertiary,no,2763,yes,no,unknown,2,jun,526,2,-1,0,unknown,yes
36,services,married,secondary,no,2984,yes,no,unknown,2,jun,394,1,-1,0,unknown,yes
41,blue-collar,married,primary,no,143,yes,yes,unknown,2,jun,659,2,-1,0,unknown,yes
32,technician,married,secondary,no,696,yes,no,unknown,2,jun,815,1,-1,0,unknown,yes
36,management,single,tertiary,no,-78,yes,no,unknown,2,jun,1068,1,-1,0,unknown,yes
35,management,married,tertiary,no,867,yes,no,unknown,2,jun,230,3,-1,0,unknown,yes
44,management,divorced,tertiary,yes,-411,yes,no,unknown,2,jun,432,4,-1,0,unknown,yes
35,admin.,married,secondary,no,-87,yes,no,unknown,3,jun,1363,7,-1,0,unknown,yes
32,technician,single,tertiary,no,6281,yes,no,unknown,3,jun,1336,4,-1,0,unknown,yes
45,management,divorced,secondary,no,644,yes,no,unknown,4,jun,633,1,-1,0,unknown,yes
27,management,single,tertiary,yes,-713,yes,no,unknown,4,jun,525,2,-1,0,unknown,yes
30,self-employed,married,tertiary,no,543,yes,yes,unknown,4,jun,1449,6,-1,0,unknown,yes
36,blue-collar,married,primary,no,403,yes,no,unknown,4,jun,920,1,-1,0,unknown,yes
35,admin.,divorced,secondary,no,437,yes,no,unknown,4,jun,908,1,-1,0,unknown,yes
41,housemaid,married,secondary,no,879,no,no,unknown,5,jun,1053,2,-1,0,unknown,yes
26,admin.,married,secondary,no,710,yes,yes,unknown,6,jun,1276,2,-1,0,unknown,yes
37,blue-collar,married,unknown,no,1508,no,yes,unknown,6,jun,381,2,-1,0,unknown,yes
38,management,single,tertiary,no,619,yes,no,unknown,6,jun,460,4,-1,0,unknown,yes
53,technician,married,secondary,no,480,no,no,unknown,6,jun,648,2,-1,0,unknown,yes
35,management,single,tertiary,no,68,no,no,unknown,6,jun,1085,1,-1,0,unknown,yes
55,blue-collar,married,unknown,no,7561,no,no,unknown,6,jun,685,3,-1,0,unknown,yes
38,technician,married,primary,no,217,yes,no,unknown,9,jun,491,6,-1,0,unknown,yes
59,management,married,secondary,no,1321,no,no,unknown,9,jun,3881,3,-1,0,unknown,yes
42,admin.,married,secondary,no,105,no,no,unknown,11,jun,1159,4,-1,0,unknown,yes
39,management,married,tertiary,no,-190,no,yes,unknown,11,jun,893,8,-1,0,unknown,yes
56,blue-collar,married,secondary,no,1210,no,no,unknown,11,jun,935,1,-1,0,unknown,yes
49,management,married,tertiary,no,64,no,no,unknown,11,jun,586,1,-1,0,unknown,yes
40,admin.,single,tertiary,no,1248,no,no,unknown,11,jun,1290,2,-1,0,unknown,yes
24,blue-collar,single,secondary,yes,-203,yes,no,unknown,12,jun,465,3,-1,0,unknown,yes
48,unemployed,single,tertiary,no,3229,no,no,unknown,16,jun,1089,1,-1,0,unknown,yes
51,management,single,secondary,no,1610,yes,no,unknown,16,jun,1248,3,-1,0,unknown,yes
36,entrepreneur,married,tertiary,no,3057,no,no,unknown,16,jun,2769,4,-1,0,unknown,yes
42,blue-collar,single,primary,no,4930,no,no,unknown,18,jun,973,1,-1,0,unknown,yes
59,retired,married,primary,no,1115,no,no,unknown,19,jun,834,1,-1,0,unknown,yes
41,blue-collar,married,primary,no,246,no,no,unknown,19,jun,683,3,-1,0,unknown,yes
54,services,married,unknown,no,386,no,yes,unknown,20,jun,838,1,-1,0,unknown,yes
57,management,married,tertiary,no,9103,no,yes,unknown,20,jun,1098,2,-1,0,unknown,yes
29,blue-collar,single,secondary,no,908,yes,no,unknown,20,jun,1663,1,-1,0,unknown,yes
47,technician,married,tertiary,no,1694,no,yes,unknown,20,jun,560,3,-1,0,unknown,yes
46,services,divorced,secondary,no,0,no,no,unknown,20,jun,1023,3,-1,0,unknown,yes
27,blue-collar,single,secondary,yes,-27,no,no,unknown,23,jun,498,2,-1,0,unknown,yes
25,blue-collar,single,primary,no,52,yes,no,unknown,24,jun,528,2,-1,0,unknown,yes
30,technician,married,tertiary,no,526,yes,yes,unknown,26,jun,677,3,-1,0,unknown,yes
28,admin.,single,secondary,no,-7,no,yes,unknown,26,jun,3183,2,-1,0,unknown,yes
27,blue-collar,married,primary,no,-413,no,yes,unknown,27,jun,422,6,-1,0,unknown,yes
37,technician,single,tertiary,no,0,no,no,unknown,1,jul,1135,2,-1,0,unknown,yes
29,services,single,secondary,no,84,no,yes,unknown,3,jul,587,3,-1,0,unknown,yes
33,services,married,secondary,no,114,no,yes,unknown,3,jul,676,1,-1,0,unknown,yes
45,technician,married,secondary,no,879,no,no,cellular,7,jul,621,2,-1,0,unknown,yes
47,technician,single,secondary,no,-239,yes,yes,cellular,7,jul,973,3,-1,0,unknown,yes
31,management,single,tertiary,no,296,no,yes,cellular,8,jul,509,4,-1,0,unknown,yes
52,entrepreneur,married,tertiary,yes,-468,no,no,cellular,8,jul,534,1,-1,0,unknown,yes
28,blue-collar,single,secondary,no,517,no,yes,cellular,8,jul,681,1,-1,0,unknown,yes
33,entrepreneur,divorced,tertiary,no,37,no,yes,cellular,8,jul,1082,1,-1,0,unknown,yes
45,management,divorced,tertiary,no,854,no,yes,cellular,8,jul,730,1,-1,0,unknown,yes
38,technician,married,secondary,no,0,no,no,cellular,8,jul,635,1,-1,0,unknown,yes
56,blue-collar,single,secondary,no,663,no,yes,cellular,8,jul,819,3,-1,0,unknown,yes
41,services,divorced,tertiary,no,1583,yes,no,cellular,9,jul,662,1,-1,0,unknown,yes
49,blue-collar,married,secondary,no,0,no,yes,cellular,9,jul,625,1,-1,0,unknown,yes
29,admin.,divorced,tertiary,yes,0,no,yes,cellular,9,jul,426,3,-1,0,unknown,yes
31,management,single,tertiary,no,409,no,yes,cellular,9,jul,564,5,-1,0,unknown,yes
49,blue-collar,married,primary,no,3,no,yes,cellular,9,jul,1439,6,-1,0,unknown,yes
26,blue-collar,single,secondary,no,-29,yes,no,cellular,10,jul,998,4,-1,0,unknown,yes
34,admin.,married,secondary,no,-33,yes,yes,cellular,10,jul,961,1,-1,0,unknown,yes
30,services,married,secondary,no,5,no,yes,cellular,10,jul,829,5,-1,0,unknown,yes
29,management,single,tertiary,no,983,yes,no,cellular,11,jul,963,2,-1,0,unknown,yes
35,entrepreneur,married,secondary,no,2436,no,yes,cellular,14,jul,1397,3,-1,0,unknown,yes
38,technician,married,secondary,no,976,yes,no,cellular,14,jul,766,3,-1,0,unknown,yes
31,technician,married,secondary,no,1173,yes,no,cellular,14,jul,444,3,-1,0,unknown,yes
34,blue-collar,single,primary,no,-109,yes,no,cellular,15,jul,860,4,-1,0,unknown,yes
37,management,divorced,tertiary,no,1775,no,no,cellular,15,jul,514,5,-1,0,unknown,yes
30,blue-collar,single,primary,no,0,no,no,cellular,15,jul,716,3,-1,0,unknown,yes
27,management,single,tertiary,no,151,yes,no,cellular,16,jul,496,1,-1,0,unknown,yes
39,blue-collar,married,tertiary,no,597,no,no,cellular,16,jul,686,6,-1,0,unknown,yes
43,blue-collar,married,secondary,no,184,no,yes,cellular,16,jul,1019,11,-1,0,unknown,yes
35,management,married,tertiary,no,36,no,yes,cellular,16,jul,1656,5,-1,0,unknown,yes
35,housemaid,married,primary,no,113,yes,no,cellular,17,jul,923,2,-1,0,unknown,yes
27,services,single,secondary,no,1820,yes,no,cellular,17,jul,1027,1,-1,0,unknown,yes
33,blue-collar,married,secondary,no,661,yes,no,cellular,18,jul,968,1,-1,0,unknown,yes
32,self-employed,married,primary,no,102,yes,no,cellular,18,jul,560,1,-1,0,unknown,yes
31,blue-collar,divorced,secondary,no,0,yes,yes,cellular,18,jul,913,4,-1,0,unknown,yes
31,management,married,tertiary,no,325,yes,no,cellular,18,jul,1139,2,-1,0,unknown,yes
58,retired,married,unknown,no,9004,no,no,cellular,21,jul,891,4,-1,0,unknown,yes
42,unemployed,married,unknown,no,970,yes,no,telephone,21,jul,691,10,-1,0,unknown,yes
56,services,married,primary,no,486,no,yes,telephone,21,jul,1877,1,-1,0,unknown,yes
26,blue-collar,single,primary,no,409,yes,no,cellular,21,jul,577,2,-1,0,unknown,yes
40,admin.,single,secondary,no,664,no,no,cellular,21,jul,1342,2,-1,0,unknown,yes
34,services,single,secondary,no,-30,no,no,cellular,21,jul,1360,3,-1,0,unknown,yes
41,technician,single,tertiary,no,145,no,no,cellular,22,jul,1833,2,-1,0,unknown,yes
41,management,divorced,unknown,no,465,yes,no,cellular,22,jul,1508,1,-1,0,unknown,yes
26,services,married,secondary,no,-379,yes,yes,cellular,22,jul,1237,7,-1,0,unknown,yes
25,admin.,married,unknown,no,349,yes,no,cellular,22,jul,1037,8,-1,0,unknown,yes
25,blue-collar,single,secondary,no,-247,yes,no,cellular,23,jul,633,1,-1,0,unknown,yes
27,technician,married,secondary,no,-392,yes,no,cellular,23,jul,228,2,-1,0,unknown,yes
51,self-employed,married,secondary,no,95,yes,no,cellular,23,jul,1309,4,-1,0,unknown,yes
33,services,single,tertiary,no,395,yes,no,cellular,23,jul,1359,6,-1,0,unknown,yes
38,entrepreneur,married,tertiary,no,0,no,no,cellular,23,jul,532,2,-1,0,unknown,yes
40,services,married,secondary,no,471,yes,no,cellular,24,jul,430,4,-1,0,unknown,yes
45,admin.,divorced,secondary,no,59,yes,no,cellular,24,jul,873,8,-1,0,unknown,yes
28,services,single,secondary,no,340,yes,no,cellular,24,jul,821,2,-1,0,unknown,yes
49,technician,divorced,secondary,no,305,no,no,cellular,24,jul,367,2,-1,0,unknown,yes
28,unemployed,single,tertiary,no,497,yes,no,cellular,24,jul,1602,6,-1,0,unknown,yes
54,retired,married,secondary,no,1371,no,no,telephone,25,jul,1492,2,-1,0,unknown,yes
26,technician,single,secondary,no,941,no,yes,cellular,25,jul,784,1,-1,0,unknown,yes
37,services,married,secondary,no,775,no,yes,cellular,25,jul,1000,1,-1,0,unknown,yes
51,retired,married,primary,no,1495,no,no,telephone,25,jul,1946,4,-1,0,unknown,yes
30,management,single,tertiary,no,2,yes,yes,cellular,25,jul,1031,8,-1,0,unknown,yes
37,blue-collar,single,secondary,no,5024,no,yes,cellular,25,jul,661,4,-1,0,unknown,yes
31,management,married,tertiary,no,0,yes,yes,cellular,28,jul,664,8,-1,0,unknown,yes
53,housemaid,married,primary,no,362,no,no,cellular,28,jul,1169,2,-1,0,unknown,yes
54,retired,single,secondary,no,129,no,yes,cellular,28,jul,867,2,-1,0,unknown,yes
41,services,married,unknown,no,1538,no,no,cellular,29,jul,710,2,-1,0,unknown,yes
42,technician,single,tertiary,no,2625,no,no,cellular,29,jul,2516,2,-1,0,unknown,yes
47,unemployed,married,secondary,no,312,no,no,cellular,29,jul,884,1,-1,0,unknown,yes
44,blue-collar,married,secondary,no,0,no,no,cellular,30,jul,684,2,-1,0,unknown,yes
41,blue-collar,divorced,primary,no,0,no,no,cellular,30,jul,509,2,-1,0,unknown,yes
50,entrepreneur,married,tertiary,no,230,no,no,telephone,30,jul,1089,4,-1,0,unknown,yes
44,housemaid,married,primary,no,-156,no,yes,cellular,30,jul,1211,2,-1,0,unknown,yes
54,technician,married,secondary,no,114,no,no,cellular,30,jul,458,3,-1,0,unknown,yes
59,retired,divorced,secondary,no,679,no,no,cellular,30,jul,761,4,-1,0,unknown,yes
42,entrepreneur,married,unknown,no,206,yes,no,cellular,30,jul,695,2,-1,0,unknown,yes
43,admin.,married,secondary,no,378,no,no,cellular,30,jul,782,8,-1,0,unknown,yes
51,unemployed,divorced,tertiary,no,0,no,no,cellular,31,jul,574,2,-1,0,unknown,yes
48,entrepreneur,married,tertiary,yes,-392,no,no,cellular,31,jul,725,4,-1,0,unknown,yes
55,retired,married,secondary,no,0,no,no,cellular,4,aug,1110,1,-1,0,unknown,yes
43,technician,married,tertiary,no,0,no,no,cellular,4,aug,1488,2,-1,0,unknown,yes
60,management,divorced,secondary,no,0,no,no,cellular,5,aug,603,3,-1,0,unknown,yes
41,technician,married,tertiary,no,515,no,no,cellular,5,aug,837,2,-1,0,unknown,yes
59,retired,married,primary,no,1634,yes,yes,cellular,5,aug,836,1,-1,0,unknown,yes
59,housemaid,married,primary,no,100,no,no,cellular,5,aug,1134,1,-1,0,unknown,yes
58,management,divorced,tertiary,no,1257,no,no,cellular,5,aug,1536,1,-1,0,unknown,yes
49,technician,single,secondary,no,1377,no,no,cellular,5,aug,935,1,-1,0,unknown,yes
42,technician,married,tertiary,no,921,no,no,cellular,5,aug,531,3,-1,0,unknown,yes
46,admin.,married,secondary,no,660,no,no,cellular,6,aug,740,2,-1,0,unknown,yes
43,management,single,tertiary,no,1304,no,no,cellular,6,aug,501,2,-1,0,unknown,yes
34,services,married,secondary,no,2956,no,no,cellular,6,aug,835,2,-1,0,unknown,yes
35,management,divorced,tertiary,no,146,no,no,cellular,6,aug,720,2,-1,0,unknown,yes
36,management,divorced,tertiary,yes,36,no,no,cellular,6,aug,836,4,-1,0,unknown,yes
32,technician,married,secondary,no,560,no,no,cellular,6,aug,1044,4,-1,0,unknown,yes
32,self-employed,married,tertiary,no,1423,no,no,cellular,6,aug,1249,4,-1,0,unknown,yes
46,blue-collar,married,primary,no,874,no,no,cellular,6,aug,996,1,-1,0,unknown,yes
50,admin.,married,secondary,no,706,yes,no,cellular,6,aug,1250,4,-1,0,unknown,yes
47,admin.,married,secondary,no,3070,no,no,cellular,7,aug,663,4,-1,0,unknown,yes
32,management,single,tertiary,no,4291,no,no,cellular,7,aug,1321,9,-1,0,unknown,yes
47,services,married,secondary,no,405,no,yes,cellular,8,aug,994,2,-1,0,unknown,yes
35,management,married,tertiary,no,82,no,no,cellular,8,aug,507,4,-1,0,unknown,yes
33,management,married,tertiary,no,1047,no,no,cellular,8,aug,512,4,-1,0,unknown,yes
35,management,married,tertiary,no,2957,yes,yes,cellular,8,aug,733,3,-1,0,unknown,yes
31,management,single,tertiary,no,2,no,no,cellular,8,aug,848,1,-1,0,unknown,yes
36,technician,divorced,secondary,no,1,no,no,cellular,8,aug,1242,3,-1,0,unknown,yes
41,management,married,secondary,no,456,yes,no,cellular,11,aug,734,4,-1,0,unknown,yes
31,management,single,tertiary,no,1858,no,no,cellular,12,aug,453,3,-1,0,unknown,yes
55,management,married,tertiary,no,568,no,no,cellular,12,aug,940,10,-1,0,unknown,yes
40,technician,married,secondary,no,42,no,no,cellular,13,aug,1842,2,-1,0,unknown,yes
54,retired,married,primary,no,309,no,no,cellular,13,aug,969,2,-1,0,unknown,yes
35,technician,married,secondary,no,-180,no,yes,cellular,13,aug,823,2,-1,0,unknown,yes
32,technician,single,tertiary,no,34646,no,no,telephone,13,aug,618,9,-1,0,unknown,yes
50,self-employed,married,secondary,no,10052,no,no,cellular,13,aug,665,2,-1,0,unknown,yes
31,management,married,tertiary,no,156,no,no,cellular,13,aug,657,7,-1,0,unknown,yes
34,management,single,tertiary,no,9827,yes,no,cellular,13,aug,871,4,-1,0,unknown,yes
53,services,married,secondary,no,6170,no,no,cellular,13,aug,838,4,-1,0,unknown,yes
34,technician,single,secondary,no,16,no,no,cellular,13,aug,990,1,-1,0,unknown,yes
48,admin.,divorced,secondary,no,362,no,no,cellular,13,aug,529,1,-1,0,unknown,yes
44,entrepreneur,married,tertiary,no,624,no,no,telephone,14,aug,552,2,-1,0,unknown,yes
34,housemaid,married,primary,no,2929,no,no,cellular,14,aug,518,2,-1,0,unknown,yes
32,technician,single,secondary,no,0,no,no,cellular,18,aug,594,4,-1,0,unknown,yes
36,management,single,tertiary,no,2944,no,no,cellular,18,aug,882,8,-1,0,unknown,yes
58,retired,married,primary,no,1241,no,no,cellular,18,aug,194,2,-1,0,unknown,yes
43,management,single,tertiary,no,483,no,no,cellular,19,aug,950,6,-1,0,unknown,yes
52,management,married,tertiary,no,7135,no,no,cellular,19,aug,1032,3,-1,0,unknown,yes
40,admin.,single,tertiary,no,27,no,no,cellular,20,aug,467,2,-1,0,unknown,yes
44,self-employed,married,tertiary,no,1196,no,no,cellular,20,aug,552,5,-1,0,unknown,yes
42,technician,divorced,secondary,no,19,no,no,cellular,20,aug,875,4,-1,0,unknown,yes
33,management,single,tertiary,no,432,no,no,telephone,20,aug,588,6,-1,0,unknown,yes
60,admin.,married,tertiary,no,1614,no,no,cellular,20,aug,921,6,-1,0,unknown,yes
45,admin.,married,secondary,no,236,no,no,cellular,20,aug,703,2,-1,0,unknown,yes
56,technician,married,tertiary,no,73,no,no,cellular,21,aug,644,4,-1,0,unknown,yes
53,blue-collar,married,secondary,no,25,no,no,cellular,22,aug,528,2,-1,0,unknown,yes
46,management,single,tertiary,no,0,no,no,cellular,22,aug,686,2,-1,0,unknown,yes
43,technician,married,secondary,no,136,no,no,cellular,25,aug,363,7,-1,0,unknown,yes
33,housemaid,married,primary,no,2054,no,no,cellular,25,aug,472,6,-1,0,unknown,yes
59,blue-collar,married,primary,no,-546,no,no,cellular,25,aug,1152,6,-1,0,unknown,yes
58,blue-collar,married,primary,no,5188,yes,no,cellular,25,aug,606,6,-1,0,unknown,yes
51,retired,married,tertiary,no,746,no,no,cellular,25,aug,372,5,-1,0,unknown,yes
41,technician,married,tertiary,no,231,no,no,cellular,26,aug,428,2,-1,0,unknown,yes
59,retired,married,secondary,no,2396,no,no,cellular,27,aug,1040,6,-1,0,unknown,yes
33,management,single,tertiary,no,2637,no,no,cellular,28,aug,583,17,-1,0,unknown,yes
53,blue-collar,married,primary,no,5603,no,no,cellular,28,aug,2372,6,-1,0,unknown,yes
39,management,married,tertiary,no,-17,yes,yes,cellular,28,aug,908,1,-1,0,unknown,yes
30,self-employed,married,tertiary,no,1785,no,no,unknown,17,oct,235,1,-1,0,unknown,yes
30,blue-collar,married,secondary,no,1664,yes,no,telephone,20,oct,2016,1,-1,0,unknown,yes
33,services,married,secondary,no,3444,yes,no,telephone,21,oct,144,1,91,4,failure,yes
45,admin.,married,secondary,no,5346,yes,yes,unknown,21,oct,187,1,-1,0,unknown,yes
28,student,single,secondary,no,2351,no,no,telephone,22,oct,157,1,-1,0,unknown,yes
56,technician,married,secondary,no,589,yes,no,unknown,23,oct,518,1,147,2,success,yes
27,entrepreneur,married,secondary,no,2329,no,no,telephone,27,oct,131,1,-1,0,unknown,yes
34,technician,married,secondary,no,1012,yes,yes,telephone,28,oct,540,1,-1,0,unknown,yes
35,management,divorced,tertiary,no,0,yes,no,telephone,29,oct,171,1,-1,0,unknown,yes
42,technician,divorced,secondary,no,314,yes,no,unknown,30,oct,234,1,-1,0,unknown,yes
38,admin.,single,secondary,no,2470,no,no,telephone,31,oct,227,1,-1,0,unknown,yes
39,blue-collar,married,secondary,no,1307,yes,no,telephone,31,oct,158,1,-1,0,unknown,yes
60,management,married,tertiary,no,5041,no,no,telephone,4,nov,399,1,-1,0,unknown,yes
31,management,married,tertiary,no,1331,no,no,unknown,5,nov,268,1,-1,0,unknown,yes
37,services,married,secondary,no,1970,yes,no,telephone,5,nov,253,1,-1,0,unknown,yes
59,retired,divorced,secondary,no,1026,no,no,unknown,5,nov,669,1,-1,0,unknown,yes
40,blue-collar,married,secondary,no,5060,no,no,unknown,9,nov,299,1,-1,0,unknown,yes
43,admin.,married,secondary,no,2271,no,no,telephone,10,nov,524,1,-1,0,unknown,yes
34,admin.,married,tertiary,no,899,yes,no,unknown,12,nov,114,1,170,3,failure,yes
59,housemaid,married,tertiary,no,0,no,no,telephone,13,nov,494,1,-1,0,unknown,yes
32,blue-collar,single,tertiary,no,700,no,no,unknown,13,nov,90,1,-1,0,unknown,yes
35,unemployed,single,secondary,no,127,yes,no,telephone,14,nov,162,1,-1,0,unknown,yes
30,technician,single,secondary,no,816,yes,no,unknown,14,nov,179,1,-1,0,unknown,yes
57,blue-collar,married,secondary,no,1540,yes,no,cellular,17,nov,564,1,-1,0,unknown,yes
54,unemployed,single,secondary,no,380,no,no,cellular,17,nov,696,2,-1,0,unknown,yes
59,management,married,tertiary,no,1783,no,yes,cellular,17,nov,540,2,-1,0,unknown,yes
53,retired,married,tertiary,no,2269,no,no,cellular,17,nov,1091,2,150,1,success,yes
45,entrepreneur,married,secondary,no,781,no,yes,cellular,17,nov,652,2,126,2,failure,yes
49,technician,single,secondary,no,-188,yes,yes,cellular,17,nov,454,1,-1,0,unknown,yes
31,blue-collar,single,tertiary,no,761,no,no,telephone,18,nov,514,2,-1,0,unknown,yes
31,admin.,single,secondary,no,19,yes,no,cellular,18,nov,1978,1,-1,0,unknown,yes
48,management,married,tertiary,no,2266,no,no,cellular,18,nov,676,1,-1,0,unknown,yes
41,management,married,tertiary,no,0,yes,no,cellular,18,nov,897,3,-1,0,unknown,yes
38,technician,married,tertiary,no,3234,no,no,cellular,18,nov,578,2,-1,0,unknown,yes
46,management,married,tertiary,no,0,no,no,cellular,18,nov,716,2,110,3,other,yes
51,entrepreneur,married,primary,no,538,no,no,cellular,18,nov,1122,4,-1,0,unknown,yes
30,management,single,tertiary,no,5561,yes,no,cellular,19,nov,511,1,-1,0,unknown,yes
35,management,divorced,tertiary,no,859,yes,yes,cellular,19,nov,1554,1,-1,0,unknown,yes
32,services,single,secondary,no,2615,no,no,cellular,19,nov,853,1,-1,0,unknown,yes
42,blue-collar,married,primary,no,807,yes,no,cellular,19,nov,1057,1,-1,0,unknown,yes
32,self-employed,single,tertiary,no,1249,yes,no,cellular,19,nov,472,1,-1,0,unknown,yes
38,blue-collar,married,primary,no,190,yes,no,telephone,19,nov,623,1,175,1,other,yes
32,technician,single,tertiary,no,550,no,no,cellular,19,nov,337,1,-1,0,unknown,yes
30,entrepreneur,married,secondary,no,12737,no,yes,cellular,19,nov,589,2,-1,0,unknown,yes
32,blue-collar,married,secondary,no,254,yes,no,cellular,19,nov,1720,3,-1,0,unknown,yes
32,services,single,tertiary,no,945,no,no,cellular,20,nov,531,1,-1,0,unknown,yes
33,technician,married,tertiary,no,6843,no,no,cellular,20,nov,755,1,100,10,other,yes
47,services,married,secondary,no,1315,no,no,cellular,20,nov,329,4,-1,0,unknown,yes
46,technician,married,tertiary,no,0,no,no,cellular,20,nov,531,1,167,1,failure,yes
39,unemployed,single,tertiary,no,7,yes,no,cellular,20,nov,931,4,-1,0,unknown,yes
45,self-employed,married,secondary,no,7,no,no,cellular,20,nov,691,1,-1,0,unknown,yes
43,blue-collar,married,secondary,no,699,yes,yes,cellular,20,nov,1258,2,122,2,other,yes
54,management,divorced,secondary,no,300,yes,no,cellular,20,nov,562,2,-1,0,unknown,yes
30,admin.,married,secondary,no,1794,no,no,cellular,20,nov,1035,1,-1,0,unknown,yes
33,management,married,tertiary,no,3401,no,no,cellular,20,nov,253,1,-1,0,unknown,yes
59,retired,married,secondary,no,6888,no,no,telephone,20,nov,1025,2,-1,0,unknown,yes
31,unemployed,married,secondary,no,314,yes,no,cellular,20,nov,1341,3,178,7,failure,yes
35,blue-collar,married,secondary,no,5639,yes,no,cellular,20,nov,945,2,-1,0,unknown,yes
36,management,married,tertiary,no,4069,no,no,cellular,21,nov,517,1,-1,0,unknown,yes
31,self-employed,single,tertiary,no,2589,no,no,cellular,21,nov,614,1,-1,0,unknown,yes
39,management,divorced,tertiary,no,1968,no,no,cellular,21,nov,648,1,-1,0,unknown,yes
50,admin.,married,secondary,no,4117,no,no,cellular,21,nov,530,1,-1,0,unknown,yes
30,technician,married,secondary,no,455,yes,no,cellular,21,nov,758,1,-1,0,unknown,yes
57,management,married,tertiary,no,372,no,no,cellular,21,nov,553,3,-1,0,unknown,yes
41,services,single,secondary,no,92,no,no,cellular,21,nov,372,1,-1,0,unknown,yes
40,admin.,married,primary,no,72,yes,yes,cellular,21,nov,849,1,-1,0,unknown,yes
31,management,married,tertiary,no,4148,yes,no,cellular,21,nov,316,3,99,9,other,yes
58,management,married,tertiary,no,96,no,no,cellular,21,nov,850,1,-1,0,unknown,yes
47,technician,married,secondary,no,834,no,yes,cellular,21,nov,902,1,133,2,other,yes
44,management,married,tertiary,no,4119,yes,yes,telephone,21,nov,1074,1,-1,0,unknown,yes
33,technician,single,tertiary,no,0,yes,no,cellular,21,nov,654,1,-1,0,unknown,yes
42,management,married,tertiary,no,36,no,no,cellular,21,nov,664,3,-1,0,unknown,yes
38,management,married,tertiary,no,3436,no,no,cellular,21,nov,663,4,-1,0,unknown,yes
43,technician,married,secondary,no,3288,yes,no,cellular,21,nov,775,3,-1,0,unknown,yes
34,management,single,tertiary,no,2633,yes,no,cellular,21,nov,705,6,-1,0,unknown,yes
53,management,divorced,secondary,no,1004,no,yes,telephone,22,dec,119,1,-1,0,unknown,yes
26,unemployed,single,tertiary,no,814,no,no,cellular,28,jan,1387,1,-1,0,unknown,yes
53,blue-collar,married,primary,yes,-462,no,no,cellular,29,jan,470,1,-1,0,unknown,yes
32,technician,single,secondary,no,540,no,yes,cellular,29,jan,750,1,-1,0,unknown,yes
41,management,single,secondary,no,3234,yes,no,cellular,30,jan,2770,1,-1,0,unknown,yes
44,unemployed,married,secondary,no,0,yes,no,cellular,2,feb,699,1,272,1,failure,yes
39,student,single,tertiary,no,2103,no,no,cellular,2,feb,588,1,-1,0,unknown,yes
43,management,divorced,secondary,no,51,no,no,cellular,2,feb,430,1,-1,0,unknown,yes
36,admin.,married,secondary,no,96,no,no,cellular,2,feb,302,1,-1,0,unknown,yes
61,management,married,tertiary,no,6016,no,no,cellular,2,feb,670,3,-1,0,unknown,yes
26,student,single,secondary,no,0,no,no,cellular,2,feb,1223,2,-1,0,unknown,yes
51,technician,married,secondary,no,100,no,no,cellular,2,feb,467,2,-1,0,unknown,yes
37,management,married,tertiary,no,4089,yes,no,cellular,2,feb,289,2,174,4,other,yes
57,admin.,married,secondary,no,169,no,no,cellular,3,feb,369,1,-1,0,unknown,yes
25,admin.,single,secondary,no,483,no,yes,cellular,3,feb,189,1,-1,0,unknown,yes
48,technician,single,secondary,no,-92,yes,no,cellular,3,feb,1393,1,-1,0,unknown,yes
39,unemployed,single,secondary,no,-114,yes,no,cellular,3,feb,372,1,-1,0,unknown,yes
28,self-employed,married,tertiary,no,0,yes,no,cellular,4,feb,546,3,196,4,failure,yes
57,admin.,married,secondary,no,4391,no,no,telephone,4,feb,1416,1,-1,0,unknown,yes
41,self-employed,single,tertiary,no,-94,yes,no,cellular,4,feb,1164,1,203,1,failure,yes
31,unemployed,single,secondary,no,1214,no,no,cellular,4,feb,974,1,-1,0,unknown,yes
30,self-employed,married,tertiary,no,2666,no,no,cellular,4,feb,467,1,-1,0,unknown,yes
29,management,single,tertiary,no,697,no,no,cellular,4,feb,206,1,-1,0,unknown,yes
38,technician,married,tertiary,no,4383,no,no,cellular,4,feb,1381,4,-1,0,unknown,yes
29,technician,married,secondary,no,273,no,no,cellular,4,feb,2775,2,-1,0,unknown,yes
26,entrepreneur,single,secondary,no,101,yes,no,cellular,5,feb,810,1,268,1,failure,yes
26,entrepreneur,single,tertiary,no,725,no,no,cellular,5,feb,1916,2,189,29,other,yes
48,entrepreneur,single,tertiary,no,318,yes,no,cellular,5,feb,1017,4,-1,0,unknown,yes
32,management,single,tertiary,no,0,no,no,cellular,5,feb,550,4,-1,0,unknown,yes
31,management,single,tertiary,no,12857,yes,no,cellular,6,feb,158,1,92,1,success,yes
50,management,married,tertiary,no,346,no,no,cellular,6,feb,178,1,-1,0,unknown,yes
26,services,single,tertiary,no,1140,yes,no,cellular,6,feb,984,2,-1,0,unknown,yes
32,blue-collar,married,secondary,no,1879,no,no,cellular,6,feb,591,8,-1,0,unknown,yes
66,retired,married,primary,no,206,no,no,cellular,9,feb,479,1,-1,0,unknown,yes
29,technician,single,tertiary,no,673,yes,no,cellular,9,feb,835,3,-1,0,unknown,yes
31,management,divorced,tertiary,no,373,no,no,cellular,10,feb,132,6,-1,0,unknown,yes
33,management,married,secondary,no,369,no,no,cellular,11,feb,446,1,-1,0,unknown,yes
69,retired,married,primary,no,2346,no,no,cellular,11,feb,354,2,-1,0,unknown,yes
46,admin.,divorced,secondary,no,2232,no,no,cellular,13,feb,121,1,-1,0,unknown,yes
26,technician,single,tertiary,no,11862,no,no,cellular,13,feb,119,1,-1,0,unknown,yes
37,technician,married,tertiary,no,127,yes,no,cellular,13,feb,71,1,-1,0,unknown,yes
53,management,divorced,tertiary,no,2152,no,no,cellular,13,feb,75,3,-1,0,unknown,yes
42,management,divorced,unknown,no,7702,no,no,cellular,16,feb,138,2,-1,0,unknown,yes
44,admin.,divorced,secondary,no,397,yes,yes,cellular,16,feb,127,1,257,1,other,yes
47,entrepreneur,married,tertiary,no,0,no,no,cellular,16,feb,261,2,-1,0,unknown,yes
37,services,married,secondary,no,1543,yes,no,cellular,16,feb,138,2,-1,0,unknown,yes
51,technician,married,secondary,no,196,yes,yes,cellular,17,feb,88,1,-1,0,unknown,yes
61,retired,married,primary,no,197,no,no,cellular,17,feb,113,1,-1,0,unknown,yes
57,retired,divorced,primary,no,720,no,no,telephone,17,feb,202,4,-1,0,unknown,yes
37,management,married,tertiary,no,5355,no,no,telephone,17,feb,466,4,-1,0,unknown,yes
68,retired,married,secondary,no,445,no,no,cellular,18,feb,475,1,-1,0,unknown,yes
85,retired,divorced,primary,no,7613,no,no,cellular,18,feb,355,3,-1,0,unknown,yes
39,technician,married,secondary,no,2266,no,no,cellular,18,feb,208,4,-1,0,unknown,yes
48,management,married,tertiary,no,1808,yes,no,cellular,26,feb,245,1,-1,0,unknown,yes
26,admin.,single,tertiary,no,313,no,yes,cellular,26,feb,210,2,-1,0,unknown,yes
50,management,married,unknown,no,8345,no,no,cellular,27,feb,194,1,261,1,failure,yes
28,technician,single,tertiary,no,2489,yes,no,telephone,27,feb,342,2,-1,0,unknown,yes
66,retired,married,secondary,no,995,no,no,cellular,27,feb,131,2,-1,0,unknown,yes
39,blue-collar,single,primary,no,581,yes,no,cellular,27,feb,233,1,270,1,other,yes
37,technician,married,tertiary,no,549,no,no,cellular,2,mar,239,1,-1,0,unknown,yes
29,management,single,tertiary,no,92,no,no,cellular,2,mar,175,5,-1,0,unknown,yes
54,admin.,married,secondary,no,602,no,no,cellular,3,mar,143,2,-1,0,unknown,yes
30,admin.,single,secondary,no,523,no,yes,cellular,3,mar,83,1,-1,0,unknown,yes
47,technician,married,secondary,no,293,no,no,cellular,3,mar,499,1,-1,0,unknown,yes
34,blue-collar,single,secondary,no,215,no,no,cellular,3,mar,350,3,-1,0,unknown,yes
37,unknown,single,tertiary,no,0,no,no,cellular,3,mar,426,1,-1,0,unknown,yes
62,management,married,secondary,no,4562,yes,no,cellular,3,mar,168,1,-1,0,unknown,yes
33,management,married,tertiary,no,250,no,no,cellular,4,mar,377,6,-1,0,unknown,yes
29,technician,married,secondary,no,2326,no,no,cellular,6,mar,195,1,-1,0,unknown,yes
36,management,single,tertiary,no,811,no,no,cellular,6,mar,229,1,-1,0,unknown,yes
32,self-employed,married,secondary,no,409,no,no,cellular,9,mar,217,2,-1,0,unknown,yes
35,management,single,tertiary,no,671,yes,no,cellular,10,mar,112,1,-1,0,unknown,yes
24,admin.,single,tertiary,no,-61,no,no,cellular,11,mar,95,4,-1,0,unknown,yes
32,management,married,tertiary,no,8929,no,no,cellular,11,mar,126,1,-1,0,unknown,yes
65,housemaid,married,primary,no,715,no,no,cellular,11,mar,323,1,-1,0,unknown,yes
31,management,divorced,tertiary,no,71,no,no,cellular,12,mar,119,1,-1,0,unknown,yes
36,entrepreneur,divorced,tertiary,no,3407,no,no,cellular,16,mar,392,4,-1,0,unknown,yes
37,admin.,single,tertiary,no,1000,yes,no,cellular,17,mar,195,1,-1,0,unknown,yes
37,management,single,tertiary,no,1730,no,no,cellular,19,mar,167,1,-1,0,unknown,yes
26,management,single,tertiary,no,2786,no,no,cellular,23,mar,415,1,-1,0,unknown,yes
24,student,single,secondary,no,1250,no,no,cellular,25,mar,411,2,-1,0,unknown,yes
41,management,divorced,tertiary,no,25,yes,yes,cellular,26,mar,117,2,-1,0,unknown,yes
28,admin.,single,secondary,no,1277,no,no,cellular,26,mar,475,1,-1,0,unknown,yes
77,retired,married,secondary,no,9601,no,no,telephone,27,mar,515,1,-1,0,unknown,yes
36,management,married,secondary,no,565,no,no,cellular,27,mar,300,1,-1,0,unknown,yes
58,management,married,tertiary,no,1384,yes,no,cellular,27,mar,342,1,-1,0,unknown,yes
23,management,single,tertiary,no,2143,no,no,cellular,30,mar,180,2,-1,0,unknown,yes
27,management,single,tertiary,no,831,no,no,cellular,30,mar,1081,2,-1,0,unknown,yes
73,retired,divorced,primary,no,2308,no,no,telephone,30,mar,163,2,-1,0,unknown,yes
41,management,married,tertiary,no,1468,yes,no,cellular,31,mar,237,3,-1,0,unknown,yes
30,admin.,single,tertiary,no,311,no,no,cellular,31,mar,158,2,-1,0,unknown,yes
27,technician,single,tertiary,no,393,no,no,cellular,1,apr,165,2,-1,0,unknown,yes
58,unknown,married,unknown,no,68,no,no,cellular,2,apr,268,1,-1,0,unknown,yes
26,blue-collar,single,secondary,no,5005,no,yes,cellular,3,apr,117,1,-1,0,unknown,yes
42,management,single,tertiary,no,11891,no,no,cellular,6,apr,158,1,-1,0,unknown,yes
26,admin.,married,secondary,no,3415,no,no,cellular,8,apr,209,1,-1,0,unknown,yes
30,technician,single,secondary,no,2544,no,no,cellular,8,apr,108,2,-1,0,unknown,yes
27,admin.,married,secondary,no,1293,yes,no,cellular,8,apr,1665,3,-1,0,unknown,yes
38,technician,married,tertiary,no,206,no,no,cellular,8,apr,350,2,-1,0,unknown,yes
30,technician,single,secondary,no,3286,yes,no,cellular,9,apr,743,1,-1,0,unknown,yes
33,technician,single,secondary,no,719,yes,no,cellular,9,apr,448,2,316,6,failure,yes
30,management,single,tertiary,no,2544,no,no,cellular,9,apr,152,2,-1,0,unknown,yes
28,management,divorced,tertiary,no,229,yes,no,cellular,9,apr,1042,2,315,2,other,yes
35,management,single,tertiary,no,1599,yes,yes,cellular,13,apr,407,1,-1,0,unknown,yes
34,management,married,tertiary,no,703,yes,no,cellular,14,apr,342,1,-1,0,unknown,yes
33,management,married,tertiary,no,0,yes,no,cellular,14,apr,535,3,328,1,failure,yes
36,services,single,secondary,no,-253,yes,no,cellular,14,apr,1073,1,-1,0,unknown,yes
30,unemployed,married,tertiary,no,330,no,no,cellular,14,apr,111,1,-1,0,unknown,yes
43,services,married,primary,no,2557,yes,no,telephone,15,apr,165,2,327,3,failure,yes
46,technician,married,secondary,no,2149,yes,no,cellular,15,apr,282,2,-1,0,unknown,yes
62,blue-collar,married,secondary,no,180,no,no,cellular,15,apr,389,2,-1,0,unknown,yes
51,unemployed,married,tertiary,no,1801,no,no,cellular,16,apr,838,3,-1,0,unknown,yes
32,blue-collar,married,secondary,yes,-53,yes,no,cellular,16,apr,648,1,272,1,other,yes
37,technician,married,secondary,no,1762,no,no,cellular,16,apr,334,2,-1,0,unknown,yes
47,admin.,married,secondary,no,3480,no,no,cellular,16,apr,443,1,-1,0,unknown,yes
40,services,divorced,primary,no,471,yes,no,cellular,16,apr,1156,1,345,2,failure,yes
52,retired,divorced,primary,no,-779,yes,yes,cellular,17,apr,709,1,-1,0,unknown,yes
32,management,divorced,tertiary,no,294,yes,no,cellular,17,apr,1095,1,274,5,success,yes
30,admin.,single,secondary,no,69,yes,no,cellular,17,apr,997,1,-1,0,unknown,yes
39,self-employed,married,tertiary,no,-3058,yes,yes,cellular,17,apr,882,3,-1,0,unknown,yes
35,management,single,tertiary,no,397,yes,no,cellular,17,apr,594,1,-1,0,unknown,yes
37,blue-collar,married,primary,no,3154,yes,no,cellular,17,apr,404,1,305,3,failure,yes
36,technician,single,secondary,yes,-487,yes,no,cellular,17,apr,1080,1,-1,0,unknown,yes
74,retired,married,secondary,no,921,no,no,telephone,17,apr,394,2,-1,0,unknown,yes
41,technician,married,secondary,no,4004,no,no,cellular,17,apr,314,2,-1,0,unknown,yes
40,technician,married,primary,no,284,yes,no,cellular,20,apr,1332,2,-1,0,unknown,yes
50,unknown,married,primary,no,341,yes,yes,cellular,20,apr,670,4,340,2,success,yes
44,blue-collar,single,secondary,no,0,no,no,cellular,20,apr,133,1,-1,0,unknown,yes
45,blue-collar,married,primary,yes,-443,yes,yes,cellular,20,apr,691,1,-1,0,unknown,yes
39,technician,married,tertiary,no,1524,no,no,cellular,20,apr,567,1,-1,0,unknown,yes
50,self-employed,divorced,tertiary,no,13,yes,no,cellular,20,apr,76,1,-1,0,unknown,yes
33,technician,married,secondary,no,1968,yes,no,cellular,20,apr,1817,3,-1,0,unknown,yes
26,services,single,secondary,no,136,no,no,cellular,20,apr,120,1,-1,0,unknown,yes
37,blue-collar,divorced,secondary,no,0,yes,no,cellular,21,apr,146,4,-1,0,unknown,yes
63,retired,married,unknown,no,2193,no,no,telephone,21,apr,1348,4,-1,0,unknown,yes
35,management,single,tertiary,no,704,no,no,cellular,21,apr,164,1,-1,0,unknown,yes
56,unemployed,married,primary,no,3391,no,no,cellular,21,apr,243,1,-1,0,unknown,yes
26,student,single,tertiary,no,1134,no,no,cellular,21,apr,464,4,-1,0,unknown,yes
30,blue-collar,single,unknown,no,6281,no,no,cellular,21,apr,149,2,-1,0,unknown,yes
78,retired,married,primary,no,8556,no,no,telephone,21,apr,137,2,-1,0,unknown,yes
65,management,divorced,tertiary,no,90,yes,no,cellular,22,apr,416,1,-1,0,unknown,yes
53,management,married,tertiary,no,3754,no,no,cellular,22,apr,307,1,278,2,failure,yes
31,admin.,single,tertiary,no,676,yes,no,cellular,22,apr,124,2,343,2,other,yes
39,admin.,married,secondary,no,732,no,no,cellular,23,apr,522,4,-1,0,unknown,yes
51,management,married,tertiary,no,4917,no,no,cellular,23,apr,113,1,-1,0,unknown,yes
30,management,single,tertiary,no,398,no,no,cellular,24,apr,235,2,-1,0,unknown,yes
32,management,single,tertiary,no,2974,yes,no,cellular,24,apr,227,1,4,1,failure,yes
31,technician,single,tertiary,no,1081,no,no,cellular,24,apr,202,5,261,2,failure,yes
71,technician,married,tertiary,no,383,no,no,cellular,27,apr,388,3,-1,0,unknown,yes
72,self-employed,married,tertiary,no,132,no,no,cellular,27,apr,444,1,-1,0,unknown,yes
35,blue-collar,married,secondary,no,149,yes,no,cellular,29,apr,507,3,349,1,other,yes
34,blue-collar,married,secondary,no,640,yes,no,cellular,29,apr,636,2,-1,0,unknown,yes
30,technician,single,tertiary,no,53,no,no,cellular,29,apr,375,1,-1,0,unknown,yes
39,technician,single,secondary,no,15,yes,no,cellular,30,apr,510,1,-1,0,unknown,yes
45,management,married,tertiary,no,242,no,no,cellular,30,apr,587,1,-1,0,unknown,yes
47,technician,married,secondary,no,1167,yes,no,cellular,30,apr,968,1,87,5,failure,yes
52,management,married,tertiary,no,193,no,no,cellular,30,apr,381,1,269,1,failure,yes
29,student,single,secondary,no,78,no,no,cellular,30,apr,239,1,-1,0,unknown,yes
31,technician,married,tertiary,no,3382,no,no,cellular,30,apr,739,1,-1,0,unknown,yes
47,blue-collar,married,secondary,no,1230,yes,no,cellular,30,apr,412,1,169,1,success,yes
58,management,divorced,tertiary,no,5701,no,no,cellular,30,apr,354,1,87,1,success,yes
44,blue-collar,married,unknown,no,1529,yes,no,cellular,30,apr,347,1,-1,0,unknown,yes
42,technician,married,unknown,no,1559,no,no,cellular,30,apr,368,1,-1,0,unknown,yes
54,admin.,divorced,secondary,no,1693,no,no,cellular,30,apr,1277,1,87,2,other,yes
29,student,single,secondary,no,314,no,no,cellular,30,apr,465,1,-1,0,unknown,yes
47,unknown,married,unknown,no,677,no,no,cellular,30,apr,900,2,86,2,failure,yes
46,technician,married,secondary,no,0,no,no,cellular,30,apr,200,1,259,2,other,yes
34,services,married,secondary,no,1337,no,no,cellular,30,apr,442,1,-1,0,unknown,yes
33,technician,married,tertiary,no,4401,no,no,cellular,30,apr,439,1,-1,0,unknown,yes
35,admin.,single,tertiary,no,994,no,no,cellular,30,apr,400,1,87,2,failure,yes
38,technician,single,tertiary,no,1101,no,no,cellular,30,apr,800,1,-1,0,unknown,yes
33,blue-collar,single,unknown,no,129,yes,yes,cellular,30,apr,482,1,161,1,failure,yes
33,management,married,tertiary,no,55,no,no,cellular,30,apr,526,2,87,3,failure,yes
26,admin.,single,secondary,no,255,no,no,cellular,30,apr,457,1,80,1,success,yes
26,unemployed,single,tertiary,no,3511,no,no,cellular,30,apr,439,2,-1,0,unknown,yes
34,self-employed,single,tertiary,no,5462,no,no,cellular,30,apr,430,1,-1,0,unknown,yes
31,services,single,secondary,no,181,no,no,cellular,30,apr,325,1,-1,0,unknown,yes
24,student,single,primary,no,474,no,no,cellular,30,apr,551,1,-1,0,unknown,yes
25,management,single,tertiary,no,219,no,no,cellular,30,apr,458,1,-1,0,unknown,yes
34,admin.,single,tertiary,no,18,yes,yes,cellular,30,apr,359,1,-1,0,unknown,yes
34,management,single,tertiary,no,1228,no,no,cellular,30,apr,580,2,84,8,success,yes
47,blue-collar,married,primary,no,2749,yes,no,cellular,30,apr,774,2,164,1,failure,yes
31,management,single,tertiary,no,1619,no,no,cellular,30,apr,327,2,-1,0,unknown,yes
39,management,married,tertiary,no,0,no,no,cellular,30,apr,342,3,22,3,other,yes
33,blue-collar,single,secondary,no,498,no,no,cellular,30,apr,301,1,-1,0,unknown,yes
33,blue-collar,single,tertiary,no,700,no,no,cellular,30,apr,169,1,80,2,success,yes
31,management,single,tertiary,no,354,no,no,cellular,30,apr,502,1,9,2,success,yes
37,management,single,tertiary,no,3141,no,no,cellular,4,may,384,2,-1,0,unknown,yes
28,unemployed,single,primary,no,236,no,no,cellular,4,may,193,1,87,3,failure,yes
33,management,single,tertiary,no,5437,no,no,cellular,4,may,267,1,91,1,failure,yes
45,blue-collar,married,secondary,no,640,yes,no,cellular,4,may,447,1,-1,0,unknown,yes
47,technician,married,secondary,no,335,no,no,cellular,4,may,417,1,76,1,success,yes
42,admin.,single,secondary,no,1451,yes,no,cellular,4,may,251,4,-1,0,unknown,yes
36,admin.,married,tertiary,no,3221,no,no,cellular,4,may,322,11,-1,0,unknown,yes
60,technician,married,secondary,no,316,no,no,cellular,4,may,545,2,263,4,failure,yes
33,technician,married,secondary,no,2044,yes,no,cellular,4,may,532,3,-1,0,unknown,yes
36,self-employed,married,secondary,no,188,yes,yes,cellular,4,may,1046,3,333,2,success,yes
30,self-employed,married,tertiary,no,2666,no,no,cellular,4,may,781,3,89,1,success,yes
31,technician,married,secondary,no,4182,yes,no,cellular,4,may,347,2,-1,0,unknown,yes
44,self-employed,married,unknown,no,163,yes,no,cellular,4,may,364,3,-1,0,unknown,yes
39,management,single,tertiary,no,2454,yes,no,cellular,4,may,716,3,263,2,failure,yes
43,technician,married,tertiary,no,2643,no,no,telephone,4,may,331,5,-1,0,unknown,yes
35,student,single,secondary,no,188,yes,no,cellular,5,may,863,1,78,8,success,yes
39,management,married,tertiary,no,0,yes,no,cellular,5,may,811,2,-1,0,unknown,yes
33,self-employed,single,tertiary,no,94,yes,no,cellular,5,may,955,2,-1,0,unknown,yes
44,services,married,secondary,no,-395,yes,no,cellular,5,may,894,1,-1,0,unknown,yes
30,technician,single,secondary,no,-522,yes,yes,cellular,5,may,670,2,286,6,failure,yes
27,admin.,married,secondary,no,710,yes,yes,cellular,6,may,653,1,334,2,success,yes
30,management,divorced,tertiary,no,415,yes,yes,cellular,6,may,984,1,343,4,failure,yes
34,entrepreneur,married,tertiary,no,0,yes,no,cellular,6,may,611,1,183,1,failure,yes
49,management,married,secondary,no,99,yes,no,cellular,6,may,687,2,343,1,failure,yes
29,admin.,single,secondary,no,266,yes,no,cellular,6,may,540,1,-1,0,unknown,yes
60,management,married,tertiary,no,5990,yes,no,cellular,6,may,396,3,-1,0,unknown,yes
40,management,married,tertiary,no,1598,yes,yes,cellular,6,may,1074,4,344,3,failure,yes
32,management,married,tertiary,no,2465,yes,yes,cellular,7,may,923,1,-1,0,unknown,yes
26,management,single,tertiary,no,114,yes,no,cellular,7,may,457,1,-1,0,unknown,yes
42,blue-collar,married,primary,no,1461,yes,no,cellular,7,may,757,2,170,3,failure,yes
33,admin.,single,tertiary,no,475,yes,no,cellular,7,may,1046,1,-1,0,unknown,yes
60,blue-collar,married,unknown,no,2090,yes,no,cellular,7,may,957,2,-1,0,unknown,yes
31,admin.,single,secondary,no,0,yes,no,cellular,7,may,895,2,295,2,failure,yes
26,blue-collar,single,secondary,no,311,yes,no,cellular,7,may,798,2,-1,0,unknown,yes
23,housemaid,married,tertiary,no,66,yes,no,cellular,7,may,1391,2,-1,0,unknown,yes
39,blue-collar,married,secondary,no,62,yes,no,cellular,7,may,877,3,-1,0,unknown,yes
23,technician,single,secondary,no,4,yes,no,cellular,8,may,763,1,-1,0,unknown,yes
57,admin.,married,secondary,no,6005,yes,no,cellular,8,may,704,1,323,6,failure,yes
32,blue-collar,married,secondary,no,333,yes,no,cellular,8,may,501,2,-1,0,unknown,yes
42,management,married,tertiary,no,4,yes,no,cellular,8,may,579,2,295,1,success,yes
33,admin.,divorced,tertiary,no,891,no,no,cellular,8,may,398,2,-1,0,unknown,yes
47,retired,married,primary,no,1374,no,yes,telephone,8,may,479,2,359,3,failure,yes
40,self-employed,married,secondary,no,0,yes,no,cellular,11,may,657,1,-1,0,unknown,yes
36,management,single,tertiary,no,1400,yes,no,cellular,11,may,608,3,-1,0,unknown,yes
25,student,single,primary,no,373,yes,no,cellular,11,may,819,2,-1,0,unknown,yes
38,housemaid,single,primary,no,199,yes,no,cellular,12,may,1203,1,306,1,failure,yes
37,blue-collar,married,primary,no,-106,yes,yes,cellular,12,may,690,1,-1,0,unknown,yes
36,blue-collar,divorced,primary,no,-308,yes,no,cellular,12,may,725,1,-1,0,unknown,yes
33,blue-collar,married,secondary,no,1240,yes,no,cellular,12,may,844,1,-1,0,unknown,yes
47,admin.,married,secondary,no,663,yes,yes,cellular,12,may,409,1,274,6,other,yes
38,services,single,secondary,no,895,yes,no,cellular,12,may,1531,1,-1,0,unknown,yes
46,technician,married,secondary,no,3,yes,yes,cellular,12,may,614,3,-1,0,unknown,yes
40,services,married,secondary,no,1836,yes,no,cellular,12,may,750,2,-1,0,unknown,yes
40,blue-collar,married,unknown,no,87,yes,no,cellular,13,may,477,3,-1,0,unknown,yes
36,blue-collar,single,secondary,no,478,yes,no,cellular,13,may,610,1,-1,0,unknown,yes
43,housemaid,single,primary,no,800,yes,no,cellular,13,may,902,1,-1,0,unknown,yes
34,blue-collar,married,secondary,no,1089,yes,no,cellular,13,may,394,3,-1,0,unknown,yes
34,blue-collar,married,secondary,no,496,yes,no,cellular,13,may,333,1,-1,0,unknown,yes
42,blue-collar,single,secondary,no,1080,yes,yes,cellular,13,may,951,3,370,4,failure,yes
33,management,married,tertiary,no,1064,yes,no,cellular,13,may,562,1,-1,0,unknown,yes
39,management,married,tertiary,no,297,yes,no,cellular,13,may,734,2,-1,0,unknown,yes
32,management,single,tertiary,no,3,yes,no,cellular,13,may,568,1,-1,0,unknown,yes
48,admin.,divorced,secondary,no,83,yes,no,cellular,13,may,1101,1,-1,0,unknown,yes
33,services,married,secondary,no,210,yes,no,cellular,13,may,1207,2,-1,0,unknown,yes
48,services,divorced,secondary,no,-276,yes,yes,cellular,13,may,674,1,-1,0,unknown,yes
27,blue-collar,single,primary,no,265,yes,no,cellular,13,may,1119,2,-1,0,unknown,yes
34,management,single,tertiary,no,3821,yes,no,cellular,13,may,649,2,-1,0,unknown,yes
38,blue-collar,divorced,primary,no,0,yes,no,cellular,13,may,531,2,-1,0,unknown,yes
44,admin.,divorced,secondary,no,2999,yes,no,cellular,14,may,717,1,-1,0,unknown,yes
49,management,married,tertiary,no,85,yes,no,cellular,14,may,590,5,359,1,other,yes
31,self-employed,single,tertiary,no,17924,yes,no,cellular,14,may,745,1,174,3,failure,yes
39,management,married,tertiary,no,1738,yes,no,cellular,14,may,633,1,358,1,other,yes
48,blue-collar,married,primary,no,214,yes,yes,cellular,14,may,307,1,177,2,failure,yes
32,admin.,married,secondary,no,684,yes,no,cellular,14,may,607,3,-1,0,unknown,yes
41,blue-collar,married,secondary,no,580,yes,no,cellular,14,may,874,1,363,1,failure,yes
36,self-employed,divorced,tertiary,no,1354,yes,no,cellular,14,may,1723,1,356,2,success,yes
54,management,divorced,tertiary,no,-449,yes,no,cellular,14,may,691,1,-1,0,unknown,yes
37,services,married,secondary,no,6089,yes,no,cellular,14,may,616,2,-1,0,unknown,yes
53,services,divorced,secondary,no,765,yes,no,cellular,14,may,959,3,174,7,other,yes
34,admin.,married,secondary,no,124,yes,no,telephone,14,may,604,4,366,2,other,yes
34,services,single,secondary,no,2,yes,no,cellular,15,may,153,2,-1,0,unknown,yes
60,retired,divorced,secondary,no,496,yes,no,cellular,15,may,655,2,-1,0,unknown,yes
56,services,single,secondary,no,-40,yes,no,cellular,15,may,311,1,368,2,failure,yes
30,services,single,secondary,no,140,yes,no,cellular,15,may,760,1,-1,0,unknown,yes
26,services,married,secondary,no,77,yes,no,cellular,15,may,619,1,340,4,failure,yes
35,admin.,divorced,secondary,no,534,no,no,cellular,15,may,669,1,312,3,failure,yes
55,technician,married,tertiary,no,-466,yes,no,cellular,15,may,901,1,-1,0,unknown,yes
31,admin.,married,secondary,no,685,yes,no,cellular,15,may,552,1,329,3,failure,yes
23,blue-collar,single,secondary,no,780,yes,no,cellular,15,may,416,1,-1,0,unknown,yes
34,blue-collar,married,secondary,no,29,yes,no,cellular,15,may,285,5,-1,0,unknown,yes
60,management,single,tertiary,no,560,no,no,cellular,15,may,730,5,-1,0,unknown,yes
28,student,single,tertiary,no,22,yes,no,cellular,15,may,536,2,-1,0,unknown,yes
39,entrepreneur,married,tertiary,yes,-172,yes,no,cellular,15,may,562,2,-1,0,unknown,yes
32,management,married,secondary,no,134,yes,yes,cellular,15,may,532,3,-1,0,unknown,yes
40,admin.,single,secondary,no,50,no,no,cellular,15,may,837,1,-1,0,unknown,yes
40,admin.,married,secondary,no,2574,yes,no,cellular,15,may,432,1,176,1,failure,yes
31,management,single,tertiary,no,2734,yes,no,cellular,15,may,858,3,-1,0,unknown,yes
37,blue-collar,married,primary,no,2120,yes,no,cellular,15,may,655,3,175,4,failure,yes
51,management,single,tertiary,no,297,yes,no,cellular,15,may,415,4,375,1,failure,yes
35,blue-collar,married,secondary,no,205,yes,yes,cellular,15,may,1313,7,312,1,failure,yes
34,technician,married,tertiary,no,3743,yes,no,cellular,18,may,722,4,-1,0,unknown,yes
39,services,married,secondary,no,117,yes,no,cellular,18,may,1032,2,-1,0,unknown,yes
29,blue-collar,married,secondary,no,-493,yes,no,cellular,18,may,536,2,334,4,failure,yes
33,management,single,tertiary,no,62,yes,no,cellular,18,may,473,3,-1,0,unknown,yes
29,blue-collar,married,secondary,no,104,yes,no,cellular,18,may,903,4,-1,0,unknown,yes
27,blue-collar,single,secondary,no,513,yes,yes,cellular,18,may,351,1,-1,0,unknown,yes
30,blue-collar,single,secondary,no,5909,yes,no,cellular,18,may,420,2,-1,0,unknown,yes
55,blue-collar,married,secondary,no,3917,yes,no,cellular,18,may,565,1,-1,0,unknown,yes
28,admin.,single,secondary,no,352,yes,yes,cellular,18,may,431,1,-1,0,unknown,yes
29,technician,single,tertiary,no,615,yes,no,cellular,18,may,373,1,-1,0,unknown,yes
27,blue-collar,married,unknown,no,409,yes,no,cellular,18,may,525,1,-1,0,unknown,yes
25,services,single,secondary,no,1119,yes,no,cellular,18,may,1063,1,-1,0,unknown,yes
38,entrepreneur,married,tertiary,no,170,yes,no,cellular,18,may,442,1,-1,0,unknown,yes
26,blue-collar,single,primary,no,-887,yes,no,cellular,18,may,827,2,-1,0,unknown,yes
25,blue-collar,single,primary,no,292,yes,yes,cellular,18,may,1027,2,-1,0,unknown,yes
34,blue-collar,married,primary,no,-1,yes,no,cellular,18,may,1057,6,355,1,other,yes
45,admin.,divorced,secondary,no,397,yes,yes,cellular,22,may,582,1,95,2,success,yes
32,technician,single,tertiary,no,1625,no,no,cellular,22,may,796,1,109,1,failure,yes
27,technician,divorced,secondary,no,1977,yes,no,cellular,22,may,449,1,-1,0,unknown,yes
39,management,single,tertiary,no,0,yes,no,cellular,22,may,271,1,93,3,success,yes
26,student,single,secondary,no,620,no,no,cellular,22,may,223,1,94,1,success,yes
39,management,single,tertiary,no,307,no,no,cellular,22,may,182,2,-1,0,unknown,yes
29,management,single,tertiary,no,428,no,no,cellular,22,may,293,2,-1,0,unknown,yes
42,management,married,primary,no,5310,yes,no,cellular,22,may,545,2,186,1,success,yes
26,blue-collar,single,tertiary,no,567,no,no,cellular,25,may,421,1,-1,0,unknown,yes
28,technician,single,tertiary,no,0,yes,no,cellular,25,may,269,1,40,2,failure,yes
56,retired,divorced,tertiary,no,13094,no,no,cellular,25,may,1064,1,-1,0,unknown,yes
43,technician,divorced,secondary,no,1612,no,no,cellular,25,may,262,2,353,1,other,yes
32,technician,single,tertiary,no,705,yes,no,cellular,25,may,414,2,35,4,failure,yes
31,technician,single,secondary,no,138,no,no,cellular,26,may,91,1,285,2,other,yes
25,management,single,tertiary,no,1317,no,no,cellular,26,may,176,1,-1,0,unknown,yes
48,management,divorced,tertiary,no,17964,yes,no,cellular,26,may,208,2,96,3,other,yes
25,student,single,tertiary,no,326,no,no,cellular,26,may,390,1,-1,0,unknown,yes
25,student,single,secondary,no,304,no,no,cellular,26,may,226,2,-1,0,unknown,yes
37,admin.,married,secondary,no,1967,no,no,cellular,27,may,242,1,212,1,success,yes
35,technician,married,secondary,no,1368,no,no,cellular,27,may,329,1,41,2,other,yes
44,management,married,tertiary,no,7818,no,no,cellular,27,may,412,1,-1,0,unknown,yes
56,admin.,single,secondary,no,4118,no,no,telephone,27,may,165,1,-1,0,unknown,yes
25,admin.,single,tertiary,no,760,yes,no,cellular,27,may,223,3,89,2,failure,yes
50,management,married,tertiary,no,253,no,no,cellular,28,may,513,9,-1,0,unknown,yes
38,housemaid,divorced,secondary,no,70,no,no,cellular,1,jun,263,1,-1,0,unknown,yes
33,management,married,tertiary,no,1323,no,no,cellular,1,jun,327,1,-1,0,unknown,yes
45,admin.,married,tertiary,no,2552,no,no,cellular,1,jun,69,1,293,7,failure,yes
54,management,married,tertiary,no,534,no,no,cellular,1,jun,177,2,-1,0,unknown,yes
47,technician,married,secondary,no,293,no,no,cellular,1,jun,251,1,90,1,success,yes
34,student,single,unknown,no,1011,no,no,cellular,1,jun,253,1,-1,0,unknown,yes
27,management,single,tertiary,no,1840,no,no,cellular,1,jun,220,1,28,8,other,yes
47,management,married,tertiary,no,2351,no,no,cellular,2,jun,163,2,84,1,success,yes
26,management,single,tertiary,no,1623,no,no,cellular,2,jun,479,1,-1,0,unknown,yes
26,admin.,single,tertiary,no,313,no,yes,cellular,2,jun,199,1,96,2,success,yes
29,management,single,tertiary,no,307,yes,no,cellular,2,jun,690,1,-1,0,unknown,yes
43,blue-collar,married,secondary,no,2160,no,no,cellular,2,jun,169,1,-1,0,unknown,yes
33,services,divorced,secondary,no,1117,no,no,cellular,2,jun,417,1,-1,0,unknown,yes
50,technician,married,secondary,no,3370,no,no,cellular,2,jun,160,2,-1,0,unknown,yes
53,admin.,married,secondary,no,109,no,no,telephone,2,jun,270,1,-1,0,unknown,yes
35,technician,married,tertiary,no,1354,no,no,cellular,2,jun,250,2,-1,0,unknown,yes
34,unemployed,married,secondary,no,978,no,no,cellular,3,jun,262,2,71,1,success,yes
32,self-employed,married,secondary,no,409,no,no,cellular,3,jun,115,2,86,2,success,yes
45,admin.,married,secondary,no,204,yes,no,cellular,3,jun,224,2,-1,0,unknown,yes
39,blue-collar,single,tertiary,no,48,no,no,cellular,3,jun,539,1,-1,0,unknown,yes
26,management,single,tertiary,no,2786,no,no,cellular,3,jun,300,2,72,1,success,yes
57,retired,married,secondary,no,5313,no,no,cellular,3,jun,200,1,-1,0,unknown,yes
32,blue-collar,married,secondary,no,889,yes,no,cellular,3,jun,1076,2,85,3,other,yes
29,management,single,tertiary,no,572,no,no,cellular,4,jun,224,1,-1,0,unknown,yes
26,student,single,secondary,no,132,no,no,cellular,4,jun,217,1,-1,0,unknown,yes
33,technician,single,tertiary,no,317,yes,no,cellular,4,jun,323,1,80,14,other,yes
55,admin.,married,secondary,no,1662,no,no,cellular,4,jun,94,2,-1,0,unknown,yes
40,admin.,single,secondary,no,985,yes,no,cellular,4,jun,592,3,50,8,failure,yes
28,management,single,secondary,no,1633,no,no,cellular,5,jun,275,1,-1,0,unknown,yes
35,admin.,divorced,secondary,no,1085,no,no,cellular,5,jun,199,1,86,7,success,yes
58,retired,married,primary,no,1980,no,no,cellular,5,jun,255,1,-1,0,unknown,yes
25,self-employed,single,tertiary,no,42,yes,no,cellular,5,jun,149,1,94,1,success,yes
54,management,married,tertiary,no,8295,no,no,cellular,5,jun,207,1,-1,0,unknown,yes
30,technician,single,tertiary,no,0,yes,no,cellular,5,jun,159,2,-1,0,unknown,yes
30,unemployed,single,tertiary,no,1159,no,no,telephone,5,jun,366,1,-1,0,unknown,yes
22,blue-collar,single,secondary,no,682,no,no,cellular,5,jun,126,2,91,1,success,yes
31,management,single,tertiary,no,5205,no,no,cellular,9,jun,529,2,-1,0,unknown,yes
25,services,single,tertiary,no,12,no,no,cellular,12,jun,126,6,-1,0,unknown,yes
40,self-employed,single,tertiary,no,10346,no,no,cellular,15,jun,491,2,207,1,other,yes
31,student,single,secondary,no,1776,no,no,cellular,15,jun,220,1,207,1,other,yes
26,admin.,married,secondary,no,1595,no,no,cellular,15,jun,155,1,105,1,failure,yes
27,admin.,single,tertiary,no,138,no,no,cellular,15,jun,89,2,-1,0,unknown,yes
49,management,married,tertiary,no,561,no,no,cellular,15,jun,173,1,-1,0,unknown,yes
34,management,married,tertiary,no,2374,yes,yes,cellular,18,jun,270,2,314,2,failure,yes
61,management,married,tertiary,no,997,no,no,cellular,22,jun,269,1,104,1,success,yes
64,retired,married,secondary,no,5966,yes,no,cellular,22,jun,983,1,-1,0,unknown,yes
37,admin.,married,secondary,no,2061,yes,yes,cellular,22,jun,459,1,109,3,failure,yes
44,management,married,tertiary,no,2383,no,no,cellular,1,jul,571,2,-1,0,unknown,yes
69,retired,divorced,primary,no,482,no,no,cellular,2,jul,260,2,-1,0,unknown,yes
41,blue-collar,married,secondary,no,203,no,no,cellular,2,jul,342,2,-1,0,unknown,yes
32,services,single,secondary,no,2881,no,no,cellular,2,jul,356,1,-1,0,unknown,yes
79,retired,married,secondary,no,668,no,no,telephone,2,jul,363,1,-1,0,unknown,yes
40,management,married,tertiary,no,2763,yes,no,cellular,2,jul,566,1,395,2,success,yes
30,technician,single,secondary,no,930,no,no,cellular,2,jul,396,1,-1,0,unknown,yes
31,blue-collar,married,secondary,no,625,yes,no,cellular,2,jul,135,2,49,3,failure,yes
46,management,divorced,tertiary,no,1329,no,no,cellular,3,jul,247,2,-1,0,unknown,yes
30,unemployed,married,tertiary,no,330,no,no,cellular,3,jul,264,1,80,1,success,yes
41,entrepreneur,married,primary,no,0,no,no,cellular,3,jul,438,2,389,1,other,yes
82,retired,married,primary,no,8603,no,no,cellular,7,jul,429,1,-1,0,unknown,yes
63,retired,married,secondary,no,18016,no,no,cellular,7,jul,371,1,-1,0,unknown,yes
32,admin.,married,secondary,no,51,yes,yes,cellular,7,jul,297,1,-1,0,unknown,yes
31,management,married,tertiary,no,1032,no,no,cellular,7,jul,284,1,-1,0,unknown,yes
49,housemaid,married,primary,no,889,no,no,telephone,7,jul,388,1,-1,0,unknown,yes
31,management,single,secondary,no,202,yes,no,cellular,8,jul,167,1,62,1,failure,yes
38,student,married,unknown,no,0,no,no,cellular,8,jul,341,1,385,1,failure,yes
22,student,single,secondary,no,185,no,no,cellular,8,jul,153,1,-1,0,unknown,yes
73,management,married,tertiary,no,1609,no,no,cellular,14,jul,169,2,-1,0,unknown,yes
52,admin.,married,secondary,no,1228,yes,yes,cellular,4,aug,218,1,-1,0,unknown,yes
33,technician,married,tertiary,no,1699,no,no,cellular,4,aug,600,1,-1,0,unknown,yes
68,retired,married,secondary,no,19317,yes,no,cellular,4,aug,249,1,-1,0,unknown,yes
40,technician,single,tertiary,no,1646,yes,no,cellular,4,aug,173,1,92,5,success,yes
30,self-employed,married,tertiary,no,2666,no,no,cellular,5,aug,475,2,93,4,success,yes
49,admin.,divorced,secondary,no,1718,no,yes,cellular,5,aug,211,1,-1,0,unknown,yes
48,management,married,tertiary,no,1147,no,no,cellular,5,aug,389,1,64,2,success,yes
45,admin.,married,secondary,no,153,no,no,cellular,5,aug,277,1,-1,0,unknown,yes
27,management,single,tertiary,no,6791,no,no,cellular,5,aug,179,2,69,26,other,yes
57,services,single,secondary,no,0,no,no,cellular,6,aug,355,1,-1,0,unknown,yes
67,management,married,tertiary,no,405,no,no,cellular,7,aug,345,2,-1,0,unknown,yes
69,technician,married,secondary,no,9064,no,no,cellular,7,aug,714,1,-1,0,unknown,yes
37,admin.,married,secondary,no,96,no,no,cellular,7,aug,155,1,99,2,success,yes
55,entrepreneur,divorced,secondary,no,538,yes,no,cellular,7,aug,353,2,-1,0,unknown,yes
71,retired,married,primary,no,2600,no,no,cellular,7,aug,212,1,-1,0,unknown,yes
59,retired,divorced,tertiary,no,3444,no,no,cellular,10,aug,252,1,185,2,success,yes
31,management,married,tertiary,no,10884,no,no,cellular,10,aug,294,3,98,2,success,yes
42,services,single,tertiary,no,94,yes,no,cellular,11,aug,176,2,90,4,failure,yes
60,retired,married,secondary,no,1853,no,no,cellular,11,aug,408,1,-1,0,unknown,yes
39,management,single,tertiary,no,3840,yes,no,cellular,11,aug,315,2,-1,0,unknown,yes
46,management,married,tertiary,no,1600,yes,yes,cellular,11,aug,1244,1,-1,0,unknown,yes
35,self-employed,single,tertiary,no,353,no,no,cellular,12,aug,582,1,-1,0,unknown,yes
50,technician,divorced,unknown,no,2794,no,no,cellular,12,aug,1336,2,-1,0,unknown,yes
36,management,single,tertiary,no,3850,yes,no,cellular,12,aug,239,2,100,4,failure,yes
20,student,single,primary,no,6991,no,no,cellular,12,aug,178,2,-1,0,unknown,yes
57,admin.,single,secondary,no,2223,no,no,cellular,12,aug,1064,1,-1,0,unknown,yes
59,technician,married,secondary,no,116,no,no,cellular,12,aug,398,4,422,3,failure,yes
36,management,married,tertiary,no,2987,yes,no,cellular,12,aug,307,1,-1,0,unknown,yes
43,technician,married,tertiary,no,2643,no,no,cellular,12,aug,188,3,100,5,success,yes
35,services,married,unknown,no,618,no,no,cellular,12,aug,293,1,104,1,success,yes
31,admin.,married,secondary,no,35,no,no,cellular,13,aug,315,2,105,1,success,yes
50,services,married,secondary,no,3169,no,no,cellular,13,aug,399,1,430,1,failure,yes
45,management,single,tertiary,no,2067,yes,no,cellular,13,aug,393,2,462,1,success,yes
49,management,married,tertiary,no,1,no,no,telephone,13,aug,640,2,101,4,success,yes
36,management,married,primary,no,1506,no,no,cellular,14,aug,326,3,-1,0,unknown,yes
37,student,single,unknown,no,444,no,no,cellular,14,aug,137,1,102,5,success,yes
33,unemployed,single,tertiary,no,1974,no,no,cellular,14,aug,498,2,191,1,failure,yes
39,entrepreneur,married,tertiary,no,942,yes,no,cellular,14,aug,880,3,267,1,other,yes
42,admin.,married,primary,no,-306,yes,no,cellular,17,aug,308,1,459,1,success,yes
50,technician,married,secondary,no,2218,yes,no,cellular,17,aug,711,1,-1,0,unknown,yes
22,student,single,secondary,no,948,no,no,telephone,18,aug,215,1,197,2,failure,yes
55,technician,married,secondary,no,1938,no,yes,cellular,18,aug,193,1,386,3,success,yes
67,retired,divorced,tertiary,no,443,no,no,cellular,18,aug,441,1,-1,0,unknown,yes
43,admin.,married,secondary,no,132,no,no,cellular,19,aug,574,1,84,3,success,yes
59,retired,divorced,secondary,no,1,no,no,cellular,19,aug,335,1,-1,0,unknown,yes
29,management,single,tertiary,no,2531,no,no,cellular,19,aug,634,1,-1,0,unknown,yes
38,technician,married,secondary,no,10596,no,no,cellular,19,aug,195,1,197,4,other,yes
22,student,single,tertiary,no,691,no,no,cellular,19,aug,338,1,-1,0,unknown,yes
25,entrepreneur,single,tertiary,no,347,no,no,cellular,20,aug,267,1,-1,0,unknown,yes
42,management,married,primary,no,5310,yes,no,cellular,20,aug,273,1,90,3,success,yes
51,technician,married,secondary,no,117,no,no,cellular,24,aug,467,2,88,4,other,yes
37,technician,married,tertiary,no,127,yes,no,cellular,25,aug,192,1,193,1,success,yes
64,retired,married,tertiary,no,380,no,no,cellular,25,aug,479,1,-1,0,unknown,yes
36,management,married,tertiary,no,255,no,no,cellular,25,aug,242,6,95,4,success,yes
60,technician,single,primary,no,11262,no,no,cellular,26,aug,323,1,-1,0,unknown,yes
72,retired,married,secondary,no,1129,no,no,cellular,26,aug,186,1,-1,0,unknown,yes
36,blue-collar,single,secondary,no,40,yes,no,cellular,27,aug,259,3,475,4,success,yes
33,technician,single,tertiary,no,3689,no,no,cellular,27,aug,445,3,-1,0,unknown,yes
34,blue-collar,married,secondary,no,1464,yes,no,cellular,28,aug,207,3,130,5,other,yes
30,management,married,tertiary,no,7,yes,no,cellular,28,aug,173,1,164,4,other,yes
48,management,divorced,tertiary,no,17964,yes,no,cellular,1,sep,120,1,98,5,success,yes
46,admin.,married,tertiary,no,2552,no,no,cellular,3,sep,260,1,94,8,success,yes
32,admin.,married,secondary,no,995,no,no,cellular,3,sep,331,1,99,2,other,yes
40,unemployed,single,tertiary,no,7968,no,no,cellular,3,sep,733,1,93,1,success,yes
64,retired,married,tertiary,no,1644,no,no,telephone,7,sep,569,4,-1,0,unknown,yes
55,admin.,married,secondary,no,602,no,no,cellular,7,sep,350,1,98,5,success,yes
36,services,married,secondary,no,52,yes,no,cellular,7,sep,351,1,95,6,success,yes
26,management,single,tertiary,no,1094,yes,no,cellular,8,sep,137,1,-1,0,unknown,yes
32,management,single,tertiary,no,2915,no,no,cellular,8,sep,519,1,131,2,failure,yes
25,student,single,unknown,no,480,no,no,cellular,8,sep,140,1,-1,0,unknown,yes
58,management,married,tertiary,no,1227,no,no,cellular,8,sep,400,2,95,1,success,yes
79,retired,married,secondary,no,723,no,no,telephone,9,sep,276,1,79,3,failure,yes
30,management,single,tertiary,no,147,no,no,cellular,9,sep,234,1,100,1,failure,yes
60,retired,married,secondary,no,0,no,no,cellular,9,sep,408,1,-1,0,unknown,yes
31,management,single,tertiary,no,12569,no,no,cellular,9,sep,344,1,295,1,failure,yes
32,admin.,single,secondary,no,555,yes,no,cellular,9,sep,344,1,-1,0,unknown,yes
28,admin.,single,secondary,no,261,yes,yes,cellular,9,sep,259,2,98,4,success,yes
42,technician,married,secondary,no,3082,no,no,cellular,11,sep,285,1,-1,0,unknown,yes
73,retired,married,unknown,no,739,no,no,cellular,11,sep,210,1,-1,0,unknown,yes
57,blue-collar,married,primary,no,3109,no,no,cellular,15,sep,107,2,105,2,success,yes
50,housemaid,married,secondary,no,388,no,no,cellular,15,sep,173,2,99,4,failure,yes
34,blue-collar,married,secondary,no,262,no,no,cellular,15,sep,89,2,106,1,success,yes
29,management,single,tertiary,no,874,yes,no,cellular,16,sep,152,1,103,1,success,yes
52,housemaid,married,primary,no,10943,no,no,cellular,16,sep,292,1,-1,0,unknown,yes
70,retired,married,tertiary,no,44,no,no,cellular,18,sep,1104,2,88,2,other,yes
45,blue-collar,married,secondary,no,10252,no,no,cellular,22,sep,173,1,141,2,success,yes
37,admin.,single,tertiary,no,1000,yes,no,cellular,22,sep,239,1,99,2,success,yes
71,retired,divorced,secondary,no,4380,no,no,cellular,22,sep,369,1,-1,0,unknown,yes
77,retired,divorced,secondary,no,0,no,no,cellular,25,sep,210,1,-1,0,unknown,yes
57,management,married,tertiary,no,10583,no,no,cellular,28,sep,341,3,98,3,success,yes
34,management,married,tertiary,no,16,yes,no,telephone,29,sep,316,1,119,1,other,yes
26,student,single,secondary,no,132,no,no,cellular,1,oct,194,1,119,1,success,yes
30,technician,single,secondary,no,158,no,no,cellular,6,oct,144,1,-1,0,unknown,yes
44,management,married,unknown,no,282,no,no,cellular,6,oct,296,3,-1,0,unknown,yes
33,management,single,tertiary,no,5437,no,no,cellular,7,oct,201,1,58,3,failure,yes
54,unknown,married,unknown,no,895,no,no,cellular,7,oct,335,1,-1,0,unknown,yes
36,technician,married,tertiary,no,4596,yes,no,cellular,8,oct,234,2,175,2,success,yes
58,retired,married,primary,no,565,no,no,telephone,8,oct,153,1,93,1,success,yes
33,management,single,tertiary,no,1781,no,no,cellular,8,oct,611,2,183,1,success,yes
25,technician,single,secondary,no,139,no,yes,cellular,12,oct,138,1,-1,0,unknown,yes
21,student,single,secondary,no,2488,no,no,cellular,12,oct,180,1,-1,0,unknown,yes
67,management,divorced,tertiary,no,361,no,no,cellular,13,oct,411,2,-1,0,unknown,yes
35,technician,single,tertiary,no,670,no,no,cellular,13,oct,301,2,-1,0,unknown,yes
58,technician,married,primary,no,4198,no,no,cellular,15,oct,441,5,246,5,failure,yes
22,services,single,secondary,no,129,no,no,cellular,16,oct,258,1,-1,0,unknown,yes
50,management,married,tertiary,no,469,no,no,cellular,16,oct,170,1,183,1,success,yes
44,technician,single,tertiary,no,643,no,no,cellular,16,oct,324,1,143,3,failure,yes
30,student,single,tertiary,no,7529,no,no,cellular,19,oct,328,1,-1,0,unknown,yes
39,technician,married,tertiary,no,206,no,no,cellular,20,oct,148,2,195,2,success,yes
77,retired,married,unknown,no,1807,no,no,telephone,20,oct,373,1,-1,0,unknown,yes
54,technician,married,secondary,no,3994,no,yes,cellular,20,oct,595,2,187,2,success,yes
46,admin.,single,secondary,no,1693,yes,no,cellular,20,oct,427,1,-1,0,unknown,yes
61,management,married,tertiary,no,267,no,no,cellular,21,oct,192,3,184,1,success,yes
27,student,single,tertiary,no,1134,no,no,cellular,21,oct,825,1,183,4,success,yes
33,management,single,tertiary,no,6807,no,no,cellular,21,oct,512,2,184,1,success,yes
76,retired,divorced,primary,no,2693,no,no,cellular,21,oct,107,2,-1,0,unknown,yes
55,management,divorced,tertiary,no,0,no,no,cellular,22,oct,360,5,-1,0,unknown,yes
30,technician,single,tertiary,no,411,no,no,cellular,22,oct,127,3,149,2,failure,yes
29,self-employed,married,secondary,no,123,no,yes,cellular,22,oct,247,1,184,3,success,yes
78,retired,married,unknown,no,4807,no,no,telephone,22,oct,1002,4,-1,0,unknown,yes
29,technician,single,tertiary,no,2178,no,no,cellular,22,oct,260,2,139,1,other,yes
76,retired,married,tertiary,no,2991,no,no,cellular,22,oct,344,1,183,1,success,yes
33,services,divorced,secondary,no,2411,yes,no,cellular,23,oct,130,1,161,1,failure,yes
43,technician,single,unknown,no,11115,no,no,cellular,23,oct,476,1,74,2,success,yes
33,management,married,tertiary,no,5878,no,no,cellular,23,oct,438,1,430,2,failure,yes
59,retired,married,primary,no,3648,no,no,telephone,23,oct,257,2,126,3,success,yes
73,retired,married,primary,no,542,no,no,cellular,26,oct,355,1,180,5,failure,yes
28,technician,single,unknown,no,0,yes,no,cellular,27,oct,96,1,267,1,failure,yes
22,student,single,secondary,no,23,no,no,cellular,27,oct,137,1,-1,0,unknown,yes
53,unknown,married,primary,no,732,no,no,cellular,27,oct,759,2,-1,0,unknown,yes
56,management,married,secondary,no,0,no,no,cellular,27,oct,298,1,111,8,other,yes
36,student,single,tertiary,no,129,no,no,cellular,27,oct,149,1,-1,0,unknown,yes
75,self-employed,married,unknown,no,4984,no,no,telephone,28,oct,509,1,-1,0,unknown,yes
64,retired,married,secondary,no,4787,no,no,cellular,28,oct,501,1,-1,0,unknown,yes
31,management,married,tertiary,no,81,yes,no,cellular,29,oct,164,2,-1,0,unknown,yes
51,self-employed,single,secondary,no,0,no,no,cellular,29,oct,1707,2,-1,0,unknown,yes
60,blue-collar,married,primary,no,5,no,no,cellular,29,oct,401,1,-1,0,unknown,yes
80,retired,married,primary,no,997,no,no,cellular,29,oct,746,2,86,1,other,yes
26,technician,single,secondary,no,44,no,no,cellular,30,oct,217,1,-1,0,unknown,yes
61,retired,married,primary,no,8729,no,no,cellular,30,oct,480,1,-1,0,unknown,yes
41,services,married,tertiary,no,881,no,no,cellular,30,oct,257,3,-1,0,unknown,yes
60,retired,divorced,secondary,no,4243,no,no,cellular,30,oct,416,2,-1,0,unknown,yes
54,technician,married,secondary,no,473,no,yes,cellular,2,nov,182,1,81,1,failure,yes
29,student,single,unknown,no,10332,no,no,cellular,2,nov,46,3,-1,0,unknown,yes
36,management,single,tertiary,no,62,yes,no,cellular,3,nov,566,1,182,7,failure,yes
33,student,married,secondary,no,1536,no,no,cellular,9,nov,262,1,94,2,success,yes
35,management,single,tertiary,no,1228,no,no,cellular,9,nov,696,2,88,12,failure,yes
42,management,married,tertiary,no,2816,no,no,cellular,10,nov,193,2,-1,0,unknown,yes
20,student,single,unknown,no,801,no,no,cellular,11,nov,244,2,-1,0,unknown,yes
36,blue-collar,single,secondary,no,3623,no,no,unknown,12,nov,71,1,378,1,success,yes
32,management,married,tertiary,no,1331,no,no,cellular,12,nov,126,1,92,5,failure,yes
47,management,married,tertiary,no,4693,no,yes,cellular,12,nov,89,1,97,3,success,yes
76,retired,married,primary,no,3324,no,no,cellular,13,nov,122,1,92,3,success,yes
58,admin.,married,secondary,no,169,no,no,cellular,16,nov,301,1,94,3,failure,yes
23,student,single,secondary,no,1234,no,no,cellular,16,nov,250,1,-1,0,unknown,yes
37,technician,single,tertiary,no,197,no,no,cellular,16,nov,175,1,200,1,success,yes
35,technician,married,tertiary,no,3160,yes,no,cellular,16,nov,445,2,95,1,failure,yes
55,technician,divorced,tertiary,no,0,no,no,cellular,17,nov,134,2,91,1,success,yes
35,technician,married,secondary,no,4922,yes,no,cellular,17,nov,393,4,201,17,other,yes
31,admin.,single,secondary,no,4198,no,no,cellular,25,nov,234,1,-1,0,unknown,yes
72,retired,married,secondary,no,1129,no,no,cellular,25,nov,208,1,91,1,success,yes
46,housemaid,married,secondary,no,38,no,no,cellular,25,nov,541,1,-1,0,unknown,yes
26,blue-collar,single,tertiary,no,644,no,no,cellular,2,dec,346,1,-1,0,unknown,yes
60,retired,divorced,tertiary,no,4,yes,no,cellular,2,dec,415,1,190,5,failure,yes
36,admin.,divorced,tertiary,no,4708,no,no,cellular,3,dec,284,1,171,1,failure,yes
68,retired,married,tertiary,no,2820,no,no,cellular,3,dec,154,1,97,2,failure,yes
28,services,single,secondary,no,339,no,no,cellular,3,dec,350,1,182,1,success,yes
28,student,single,unknown,no,78,no,no,cellular,4,dec,232,3,310,2,failure,yes
44,admin.,single,secondary,no,733,yes,no,cellular,4,dec,360,2,105,5,success,yes
79,retired,married,secondary,no,8304,no,no,cellular,9,dec,456,2,275,9,success,yes
36,services,married,secondary,no,4721,no,no,cellular,9,dec,149,3,-1,0,unknown,yes
32,management,divorced,tertiary,no,883,yes,no,cellular,10,dec,798,1,185,5,other,yes
29,management,single,tertiary,no,572,no,no,cellular,16,dec,314,1,195,1,success,yes
50,management,married,tertiary,no,5108,yes,no,cellular,18,dec,406,1,182,2,failure,yes
50,services,married,secondary,no,320,no,no,telephone,21,dec,294,3,315,4,success,yes
30,unemployed,divorced,secondary,no,7105,no,no,cellular,22,dec,321,2,-1,0,unknown,yes
30,blue-collar,married,primary,no,5,no,no,cellular,23,dec,282,1,203,1,success,yes
52,unemployed,divorced,secondary,no,230,no,no,cellular,24,dec,422,2,-1,0,unknown,yes
33,management,married,tertiary,no,1808,no,no,cellular,28,dec,250,3,-1,0,unknown,yes
23,services,single,secondary,no,870,no,no,cellular,29,dec,296,1,176,4,success,yes
35,unemployed,married,secondary,no,978,no,no,cellular,29,dec,1370,3,209,3,success,yes
46,management,divorced,tertiary,no,461,no,no,cellular,30,dec,369,2,-1,0,unknown,yes
25,technician,single,secondary,no,139,no,yes,cellular,11,jan,202,1,91,1,success,yes
31,technician,single,secondary,no,2544,no,no,cellular,12,jan,229,1,279,2,success,yes
87,retired,married,primary,no,2190,no,no,telephone,12,jan,512,2,-1,0,unknown,yes
41,technician,single,unknown,no,5372,yes,no,cellular,13,jan,248,3,-1,0,unknown,yes
24,student,single,secondary,no,3176,no,no,cellular,13,jan,108,2,-1,0,unknown,yes
36,admin.,married,unknown,no,991,no,no,cellular,14,jan,589,2,-1,0,unknown,yes
32,admin.,married,secondary,no,366,no,no,cellular,14,jan,366,2,-1,0,unknown,yes
37,admin.,single,secondary,no,4803,no,no,cellular,15,jan,396,2,-1,0,unknown,yes
61,retired,married,secondary,no,86,no,no,cellular,25,jan,639,1,94,1,success,yes
38,unemployed,married,primary,no,7005,yes,no,cellular,25,jan,696,1,202,2,success,yes
77,retired,married,secondary,no,4112,no,no,telephone,26,jan,1616,1,95,2,success,yes
52,services,married,secondary,no,992,yes,no,cellular,27,jan,342,1,92,2,success,yes
39,admin.,married,secondary,no,0,no,no,cellular,27,jan,366,1,436,10,failure,yes
48,management,married,tertiary,no,157,no,no,cellular,28,jan,417,4,-1,0,unknown,yes
33,technician,married,tertiary,no,1699,no,no,cellular,28,jan,202,1,83,3,success,yes
54,admin.,married,secondary,no,0,no,no,cellular,28,jan,161,1,98,2,failure,yes
28,admin.,single,secondary,no,261,yes,yes,cellular,29,jan,254,3,142,6,success,yes
56,services,married,secondary,no,1989,no,no,cellular,3,feb,336,2,281,2,failure,yes
33,technician,married,secondary,no,303,yes,no,cellular,3,feb,355,1,301,5,success,yes
72,retired,married,primary,no,2600,no,no,cellular,3,feb,443,2,82,3,success,yes
52,blue-collar,married,secondary,no,955,no,yes,cellular,3,feb,153,1,48,3,success,yes
78,retired,married,unknown,no,4807,no,no,telephone,3,feb,892,2,104,4,success,yes
53,management,married,tertiary,no,6571,no,no,cellular,3,feb,208,1,-1,0,unknown,yes
35,admin.,divorced,secondary,no,1085,no,no,cellular,4,feb,195,6,97,12,other,yes
35,unemployed,single,tertiary,no,415,no,no,cellular,4,feb,649,1,176,1,failure,yes
38,technician,married,secondary,no,318,no,no,cellular,4,feb,383,1,181,5,failure,yes
58,unemployed,married,secondary,no,1625,no,no,cellular,5,feb,286,2,-1,0,unknown,yes
22,student,single,secondary,no,216,no,no,cellular,8,feb,363,1,187,1,success,yes
35,management,married,tertiary,no,62,no,no,cellular,8,feb,469,2,185,2,failure,yes
33,student,married,secondary,no,1536,no,no,cellular,9,feb,359,1,92,3,success,yes
24,student,single,tertiary,no,235,no,no,cellular,9,feb,98,1,92,1,success,yes
18,student,single,unknown,no,108,no,no,cellular,9,feb,92,1,183,1,success,yes
65,entrepreneur,married,tertiary,no,2331,no,no,telephone,9,feb,290,1,92,1,success,yes
35,admin.,single,secondary,no,-32,no,yes,cellular,9,feb,63,4,182,5,failure,yes
39,blue-collar,single,tertiary,no,172,yes,no,cellular,9,feb,125,2,183,2,failure,yes
53,admin.,married,secondary,no,10541,no,no,cellular,9,feb,164,2,92,1,success,yes
58,technician,married,secondary,no,589,yes,no,cellular,10,feb,511,3,183,6,success,yes
44,management,married,tertiary,no,1791,no,no,cellular,11,feb,71,1,190,1,success,yes
54,unknown,married,secondary,no,2206,no,no,cellular,11,feb,449,1,91,3,success,yes
28,blue-collar,married,secondary,no,61,yes,no,cellular,11,feb,253,1,174,4,success,yes
59,technician,married,secondary,no,116,no,no,cellular,11,feb,268,1,183,7,success,yes
34,management,single,tertiary,no,13014,no,no,cellular,12,feb,637,1,183,1,success,yes
32,technician,married,secondary,no,3271,no,no,cellular,12,feb,375,1,374,1,other,yes
32,management,married,tertiary,no,905,no,no,cellular,12,feb,666,4,-1,0,unknown,yes
46,management,married,tertiary,no,349,no,no,cellular,15,feb,295,2,616,1,failure,yes
32,technician,married,secondary,no,484,yes,no,cellular,15,feb,83,6,187,3,success,yes
49,services,married,primary,no,1830,yes,no,cellular,15,feb,136,1,-1,0,unknown,yes
37,technician,single,tertiary,no,197,no,no,cellular,15,feb,531,1,91,2,success,yes
23,student,single,secondary,no,431,no,no,cellular,15,feb,201,3,186,2,success,yes
45,management,married,tertiary,no,226,yes,no,cellular,15,feb,91,4,185,6,success,yes
27,management,single,tertiary,no,-69,yes,no,cellular,15,feb,205,3,-1,0,unknown,yes
61,self-employed,divorced,tertiary,no,52587,no,no,cellular,15,feb,394,3,189,1,success,yes
27,blue-collar,single,secondary,no,535,no,no,cellular,15,feb,171,1,91,2,success,yes
52,technician,married,secondary,no,195,yes,no,cellular,18,feb,220,1,63,5,failure,yes
35,management,single,tertiary,no,681,no,no,cellular,18,feb,737,1,561,2,success,yes
66,retired,married,secondary,no,2326,no,yes,cellular,18,feb,232,1,181,1,success,yes
52,services,married,secondary,no,961,no,yes,cellular,18,feb,222,1,553,4,failure,yes
82,retired,married,secondary,no,121,no,no,telephone,19,feb,330,1,-1,0,unknown,yes
27,unknown,single,unknown,no,326,no,no,cellular,22,feb,326,1,-1,0,unknown,yes
37,unemployed,married,tertiary,no,7620,no,no,telephone,23,feb,367,1,176,6,failure,yes
70,retired,married,primary,no,2346,no,no,cellular,24,feb,694,1,184,5,failure,yes
78,retired,divorced,secondary,no,3219,no,no,cellular,24,feb,151,1,-1,0,unknown,yes
63,technician,married,secondary,no,973,no,no,cellular,25,feb,318,1,388,1,success,yes
22,student,single,secondary,no,948,no,no,telephone,25,feb,169,1,191,3,success,yes
25,student,single,secondary,no,154,no,no,cellular,3,mar,141,1,180,2,failure,yes
90,retired,divorced,primary,no,712,no,no,telephone,3,mar,557,1,-1,0,unknown,yes
29,technician,single,tertiary,no,2489,yes,no,cellular,3,mar,355,1,86,5,failure,yes
73,retired,single,secondary,no,1050,no,no,cellular,4,mar,562,3,181,2,failure,yes
60,admin.,married,secondary,no,12980,no,no,cellular,5,mar,115,1,-1,0,unknown,yes
64,retired,married,tertiary,no,1644,no,no,telephone,5,mar,341,4,179,4,success,yes
33,management,divorced,tertiary,no,2240,no,no,cellular,8,mar,264,2,278,1,success,yes
83,retired,married,tertiary,no,4761,no,no,telephone,8,mar,659,1,-1,0,unknown,yes
28,management,single,tertiary,no,1825,no,no,cellular,9,mar,236,1,-1,0,unknown,yes
33,management,married,tertiary,no,0,yes,no,cellular,9,mar,305,1,326,1,success,yes
36,services,married,secondary,no,4721,no,no,cellular,9,mar,288,2,90,3,success,yes
28,management,single,tertiary,no,187,no,no,cellular,9,mar,295,1,-1,0,unknown,yes
61,retired,married,secondary,no,2801,yes,yes,cellular,10,mar,239,1,-1,0,unknown,yes
39,management,married,tertiary,no,494,no,no,cellular,10,mar,106,2,478,3,failure,yes
72,retired,married,secondary,no,951,no,yes,cellular,12,mar,229,3,339,1,failure,yes
36,management,married,tertiary,no,495,no,no,cellular,12,mar,213,3,182,6,success,yes
38,management,married,unknown,no,76,no,no,cellular,16,mar,261,1,-1,0,unknown,yes
53,admin.,married,secondary,no,1796,no,no,telephone,16,mar,295,1,91,2,success,yes
64,retired,married,primary,no,2140,no,no,cellular,16,mar,881,3,155,2,failure,yes
46,management,divorced,tertiary,no,624,no,no,cellular,18,mar,420,1,276,1,other,yes
31,management,single,tertiary,no,3384,no,no,cellular,22,mar,247,3,187,3,success,yes
35,management,single,tertiary,no,5958,yes,no,cellular,22,mar,215,1,-1,0,unknown,yes
28,management,single,tertiary,no,866,no,no,cellular,23,mar,191,2,-1,0,unknown,yes
37,services,married,secondary,no,2678,no,no,cellular,25,mar,156,1,-1,0,unknown,yes
39,technician,single,tertiary,no,393,no,no,cellular,26,mar,281,1,-1,0,unknown,yes
56,housemaid,single,tertiary,no,1947,no,no,unknown,30,mar,110,1,-1,0,unknown,yes
44,admin.,divorced,tertiary,no,558,yes,no,cellular,31,mar,262,2,-1,0,unknown,yes
47,management,married,tertiary,no,288,no,no,cellular,31,mar,193,1,181,1,success,yes
84,retired,married,secondary,no,81204,no,no,telephone,1,apr,390,1,94,3,success,yes
60,blue-collar,married,primary,no,7929,no,no,unknown,1,apr,111,1,-1,0,unknown,yes
47,admin.,married,secondary,no,70,yes,no,cellular,5,apr,144,4,374,2,success,yes
24,student,single,secondary,no,4126,no,no,cellular,5,apr,907,4,185,7,failure,yes
39,management,divorced,tertiary,no,224,no,no,cellular,5,apr,208,1,-1,0,unknown,yes
53,technician,married,tertiary,no,9001,no,no,cellular,5,apr,170,1,-1,0,unknown,yes
32,management,single,secondary,no,1088,yes,no,cellular,6,apr,317,1,363,2,success,yes
27,technician,single,tertiary,no,-67,yes,no,cellular,6,apr,604,3,236,2,failure,yes
35,management,single,tertiary,no,2646,no,no,cellular,14,apr,133,8,183,2,success,yes
75,retired,married,secondary,no,3771,no,no,telephone,15,apr,185,1,181,2,success,yes
59,technician,married,secondary,no,1,no,no,cellular,15,apr,159,2,378,3,failure,yes
36,blue-collar,married,primary,no,1177,no,no,cellular,15,apr,330,1,311,4,success,yes
39,technician,married,secondary,no,603,no,yes,cellular,15,apr,214,1,-1,0,unknown,yes
22,student,single,primary,no,3472,no,no,cellular,19,apr,529,1,181,4,success,yes
57,management,married,tertiary,no,2845,yes,no,telephone,19,apr,1143,5,-1,0,unknown,yes
38,blue-collar,divorced,secondary,no,0,yes,no,telephone,20,apr,162,1,181,5,success,yes
38,technician,single,secondary,no,1711,no,no,cellular,20,apr,379,3,202,1,success,yes
25,student,single,unknown,no,722,no,no,telephone,21,apr,623,2,-1,0,unknown,yes
76,retired,married,secondary,no,820,no,no,telephone,23,apr,263,4,-1,0,unknown,yes
73,retired,married,primary,no,796,no,no,cellular,23,apr,888,1,182,3,success,yes
77,management,married,unknown,no,1780,yes,no,cellular,23,apr,361,2,182,5,success,yes
29,management,single,tertiary,no,1445,no,no,cellular,26,apr,328,2,143,2,success,yes
30,technician,single,tertiary,no,655,no,no,cellular,26,apr,212,1,202,2,success,yes
26,unemployed,single,tertiary,no,77,no,no,cellular,26,apr,175,1,-1,0,unknown,yes
26,management,single,tertiary,no,1438,no,no,cellular,27,apr,321,1,449,1,other,yes
30,management,single,tertiary,no,697,no,no,cellular,28,apr,545,2,181,8,success,yes
29,management,single,tertiary,no,2955,no,no,cellular,29,apr,226,2,-1,0,unknown,yes
41,self-employed,married,tertiary,no,0,yes,no,telephone,29,apr,395,3,426,1,other,yes
37,management,married,secondary,no,565,no,no,cellular,29,apr,449,1,398,1,success,yes
30,management,married,tertiary,no,4328,no,no,cellular,30,apr,262,3,189,11,other,yes
80,retired,married,primary,no,155,no,no,telephone,4,may,209,1,53,3,success,yes
41,technician,single,tertiary,no,1646,yes,no,cellular,5,may,258,1,90,7,success,yes
28,management,single,tertiary,no,437,no,no,cellular,5,may,338,1,-1,0,unknown,yes
29,student,single,unknown,no,2929,no,no,cellular,5,may,232,1,89,4,other,yes
72,retired,married,primary,no,2304,no,no,telephone,5,may,510,4,-1,0,unknown,yes
37,technician,married,tertiary,no,88,no,no,cellular,6,may,195,1,90,3,other,yes
77,unknown,married,unknown,no,397,no,no,telephone,7,may,300,3,-1,0,unknown,yes
54,management,married,tertiary,no,1624,no,no,cellular,12,may,166,3,182,10,success,yes
33,services,married,secondary,no,386,no,no,cellular,12,may,317,1,181,5,success,yes
32,unemployed,single,secondary,no,1026,yes,no,cellular,13,may,289,1,-1,0,unknown,yes
54,unknown,married,secondary,no,2206,no,no,cellular,13,may,260,1,91,4,success,yes
28,technician,single,secondary,no,2335,no,no,cellular,13,may,624,1,-1,0,unknown,yes
35,management,married,tertiary,no,8000,no,no,cellular,13,may,331,1,90,3,success,yes
37,management,married,tertiary,no,393,yes,no,cellular,14,may,567,3,275,4,failure,yes
34,admin.,married,secondary,no,920,no,no,cellular,14,may,526,3,179,3,success,yes
75,retired,married,tertiary,no,6027,no,no,cellular,14,may,809,1,179,4,success,yes
24,management,single,tertiary,no,1,no,no,cellular,14,may,396,5,-1,0,unknown,yes
33,management,single,tertiary,no,2364,no,no,cellular,17,may,508,1,-1,0,unknown,yes
53,admin.,married,secondary,no,53,yes,no,cellular,18,may,387,1,-1,0,unknown,yes
46,self-employed,married,secondary,no,706,no,no,cellular,21,may,588,1,386,3,failure,yes
52,admin.,single,secondary,no,726,yes,no,cellular,24,may,699,1,378,9,failure,yes
30,admin.,single,secondary,no,265,yes,no,cellular,25,may,681,1,181,2,success,yes
59,management,married,primary,no,1727,no,no,telephone,25,may,500,4,358,2,failure,yes
33,services,single,secondary,no,2881,no,no,cellular,26,may,289,1,328,1,success,yes
28,technician,married,secondary,no,742,no,no,cellular,26,may,236,1,-1,0,unknown,yes
39,unemployed,divorced,secondary,no,265,yes,no,unknown,27,may,93,1,555,2,other,yes
45,technician,married,secondary,no,1831,no,no,cellular,27,may,275,2,-1,0,unknown,yes
55,admin.,married,secondary,no,8304,no,no,cellular,1,jun,201,1,-1,0,unknown,yes
33,admin.,single,tertiary,no,272,yes,no,cellular,1,jun,326,1,237,2,failure,yes
31,management,single,tertiary,no,515,no,no,cellular,1,jun,296,5,-1,0,unknown,yes
49,admin.,single,tertiary,no,228,yes,no,cellular,2,jun,407,1,92,1,success,yes
38,admin.,married,secondary,no,0,yes,no,cellular,8,jun,187,1,181,2,success,yes
63,retired,married,primary,no,48,no,no,cellular,9,jun,251,1,-1,0,unknown,yes
80,retired,married,secondary,no,8304,no,no,telephone,9,jun,712,1,64,12,failure,yes
31,management,single,tertiary,no,147,no,no,cellular,9,jun,163,2,92,3,success,yes
30,blue-collar,single,secondary,no,799,no,no,unknown,13,jun,674,1,-1,0,unknown,yes
24,student,single,unknown,no,358,no,no,cellular,14,jun,245,1,384,1,other,yes
21,student,single,unknown,no,53,no,no,cellular,14,jun,270,1,-1,0,unknown,yes
27,admin.,single,unknown,no,861,no,no,cellular,14,jun,212,4,-1,0,unknown,yes
71,retired,divorced,primary,no,275,no,no,cellular,14,jun,293,1,425,1,success,yes
32,technician,single,tertiary,no,705,no,no,cellular,17,jun,544,1,-1,0,unknown,yes
52,blue-collar,married,secondary,no,955,no,yes,cellular,17,jun,301,2,134,4,success,yes
25,blue-collar,single,secondary,no,303,no,no,cellular,18,jun,252,1,92,1,success,yes
57,management,divorced,tertiary,no,3287,no,no,cellular,22,jun,867,1,84,3,success,yes
64,retired,divorced,primary,no,109,no,no,cellular,23,jun,706,1,225,2,success,yes
36,management,single,tertiary,no,538,no,no,cellular,23,jun,339,1,183,5,success,yes
43,services,married,secondary,no,774,no,no,cellular,24,jun,482,1,91,2,success,yes
37,self-employed,single,tertiary,no,1188,no,no,cellular,24,jun,310,1,-1,0,unknown,yes
49,management,married,tertiary,no,1167,yes,yes,cellular,25,jun,213,6,150,8,failure,yes
27,blue-collar,single,secondary,no,3145,no,no,cellular,25,jun,374,1,179,2,success,yes
38,management,single,tertiary,no,623,no,no,cellular,28,jun,297,4,144,4,other,yes
49,admin.,single,secondary,no,293,no,no,cellular,28,jun,452,1,-1,0,unknown,yes
58,blue-collar,married,primary,no,3109,no,no,cellular,29,jun,295,1,287,4,success,yes
41,admin.,married,secondary,no,3126,yes,no,cellular,29,jun,222,1,91,7,failure,yes
35,unemployed,married,secondary,no,978,no,no,cellular,29,jun,660,2,182,6,success,yes
63,retired,married,secondary,no,2896,no,no,cellular,1,jul,304,1,119,2,success,yes
39,management,divorced,tertiary,no,224,no,no,cellular,2,jul,194,2,88,1,success,yes
30,technician,single,tertiary,no,0,yes,no,cellular,5,jul,140,1,424,8,success,yes
32,management,single,tertiary,no,623,no,no,cellular,6,jul,335,3,194,2,failure,yes
46,management,divorced,tertiary,no,558,no,no,cellular,6,jul,319,1,-1,0,unknown,yes
60,technician,married,secondary,no,259,no,no,cellular,6,jul,396,1,386,2,success,yes
70,retired,married,primary,no,2795,no,no,cellular,8,jul,480,1,181,2,success,yes
29,management,single,tertiary,no,502,no,no,cellular,8,jul,968,1,87,5,failure,yes
69,retired,married,secondary,no,2473,no,no,cellular,8,jul,967,3,-1,0,unknown,yes
50,unknown,married,unknown,no,558,no,no,cellular,9,jul,464,1,683,6,failure,yes
27,technician,single,secondary,no,337,no,no,unknown,9,jul,23,1,-1,0,unknown,yes
43,admin.,single,secondary,no,386,no,no,cellular,12,jul,220,3,529,1,failure,yes
57,retired,married,secondary,no,1044,no,no,telephone,12,jul,567,1,182,3,success,yes
31,management,single,tertiary,no,2907,yes,no,cellular,12,jul,248,1,194,3,failure,yes
36,management,single,unknown,no,62,no,no,cellular,13,jul,311,1,91,2,success,yes
51,management,married,tertiary,no,3463,no,yes,cellular,13,jul,371,2,166,3,other,yes
70,retired,divorced,primary,no,482,no,no,telephone,14,jul,413,1,181,3,success,yes
23,student,single,secondary,no,1298,no,no,cellular,14,jul,603,1,-1,0,unknown,yes
41,technician,single,secondary,no,5329,no,no,cellular,14,jul,397,2,-1,0,unknown,yes
86,retired,married,primary,no,1255,no,no,telephone,14,jul,247,1,180,3,success,yes
34,technician,single,tertiary,no,2733,no,no,cellular,14,jul,604,1,-1,0,unknown,yes
68,retired,divorced,secondary,no,4189,no,no,telephone,14,jul,897,2,-1,0,unknown,yes
46,admin.,married,secondary,no,5021,no,no,cellular,15,jul,957,1,182,1,success,yes
68,retired,married,secondary,no,2469,yes,no,telephone,15,jul,552,2,-1,0,unknown,yes
63,blue-collar,married,secondary,no,180,no,no,cellular,15,jul,390,2,182,5,success,yes
64,retired,married,secondary,no,588,no,no,cellular,16,jul,574,1,179,3,success,yes
33,technician,married,secondary,no,183,no,no,cellular,16,jul,457,2,182,3,other,yes
34,technician,married,secondary,no,806,no,no,cellular,19,jul,253,3,458,1,success,yes
60,admin.,married,unknown,no,478,no,no,cellular,19,jul,173,2,311,8,failure,yes
32,entrepreneur,married,tertiary,no,762,no,no,cellular,19,jul,187,11,-1,0,unknown,yes
45,management,married,tertiary,no,31472,no,no,cellular,19,jul,568,7,-1,0,unknown,yes
29,admin.,single,secondary,no,1277,no,no,cellular,20,jul,165,2,481,1,success,yes
49,management,divorced,tertiary,no,300,no,no,cellular,21,jul,316,1,-1,0,unknown,yes
35,admin.,single,secondary,no,321,no,no,cellular,21,jul,143,1,412,3,other,yes
43,management,married,tertiary,no,839,no,no,cellular,22,jul,942,1,-1,0,unknown,yes
27,admin.,married,tertiary,no,2855,no,no,cellular,22,jul,138,2,178,4,success,yes
38,management,married,tertiary,no,536,yes,no,cellular,22,jul,248,1,-1,0,unknown,yes
93,retired,married,unknown,no,775,no,no,cellular,22,jul,860,2,177,7,success,yes
33,admin.,single,tertiary,no,146,no,no,cellular,23,jul,351,3,-1,0,unknown,yes
41,admin.,married,secondary,no,14968,no,no,cellular,23,jul,1360,4,-1,0,unknown,yes
30,student,single,tertiary,no,3026,no,no,cellular,23,jul,251,1,535,1,failure,yes
41,technician,single,tertiary,no,431,no,no,cellular,23,jul,196,1,88,5,failure,yes
29,management,single,tertiary,no,985,yes,no,cellular,23,jul,396,2,-1,0,unknown,yes
37,technician,married,secondary,no,1707,yes,no,cellular,26,jul,546,2,784,3,failure,yes
61,self-employed,married,tertiary,no,10861,no,no,cellular,26,jul,336,2,259,3,success,yes
82,housemaid,divorced,primary,no,1381,no,no,cellular,28,jul,844,5,181,4,failure,yes
27,student,single,tertiary,no,311,no,no,cellular,28,jul,462,1,148,4,success,yes
32,management,married,tertiary,no,6138,no,no,cellular,29,jul,519,2,90,9,failure,yes
22,student,single,unknown,no,1232,no,no,cellular,30,jul,283,1,430,2,other,yes
34,management,single,tertiary,no,275,no,no,cellular,2,aug,196,2,455,23,other,yes
53,admin.,single,secondary,no,2398,yes,no,cellular,2,aug,317,1,180,2,failure,yes
37,management,single,tertiary,no,62,yes,no,cellular,2,aug,428,2,272,8,success,yes
34,technician,married,secondary,no,0,yes,no,cellular,3,aug,261,1,470,2,failure,yes
56,services,married,secondary,no,1989,no,no,cellular,3,aug,279,4,181,4,success,yes
42,management,married,tertiary,no,372,yes,no,cellular,3,aug,654,2,-1,0,unknown,yes
43,blue-collar,married,primary,no,2952,no,no,cellular,3,aug,417,2,95,1,other,yes
68,retired,married,tertiary,no,2812,no,no,cellular,4,aug,651,1,1,7,success,yes
45,admin.,married,secondary,no,205,no,no,cellular,4,aug,180,1,92,3,success,yes
38,services,married,secondary,no,4017,no,no,cellular,4,aug,470,1,96,3,success,yes
41,technician,single,tertiary,no,1646,yes,no,cellular,5,aug,172,3,92,8,success,yes
53,management,married,tertiary,no,3591,yes,no,cellular,5,aug,306,2,181,2,other,yes
56,management,divorced,tertiary,no,2037,no,no,cellular,5,aug,318,1,91,6,failure,yes
29,housemaid,single,tertiary,no,2196,no,no,cellular,5,aug,215,1,-1,0,unknown,yes
33,student,married,secondary,no,1536,no,no,cellular,6,aug,258,2,178,4,success,yes
45,management,married,secondary,no,446,no,no,cellular,6,aug,304,3,-1,0,unknown,yes
61,blue-collar,married,primary,no,5,no,no,cellular,6,aug,562,2,94,3,success,yes
37,management,married,secondary,no,565,no,no,cellular,6,aug,174,1,93,3,failure,yes
35,admin.,single,secondary,no,-32,no,yes,cellular,6,aug,366,2,178,9,success,yes
57,admin.,married,unknown,no,2038,no,no,cellular,9,aug,628,1,182,2,failure,yes
60,technician,married,secondary,no,824,yes,no,cellular,9,aug,265,1,181,8,success,yes
33,management,married,tertiary,no,1514,no,no,cellular,10,aug,447,1,728,2,failure,yes
56,technician,divorced,secondary,no,3450,no,no,cellular,10,aug,507,1,181,2,success,yes
24,student,single,secondary,no,1925,no,no,cellular,11,aug,1363,1,-1,0,unknown,yes
65,entrepreneur,married,tertiary,no,2331,no,no,telephone,11,aug,425,1,183,2,success,yes
60,technician,married,secondary,no,116,no,no,cellular,11,aug,329,2,181,8,success,yes
30,student,single,secondary,no,1779,no,no,cellular,11,aug,233,1,433,1,success,yes
51,management,married,tertiary,no,346,no,no,cellular,11,aug,237,1,180,6,success,yes
34,blue-collar,married,secondary,no,320,yes,no,cellular,12,aug,352,1,828,2,failure,yes
39,blue-collar,married,secondary,no,1382,yes,no,cellular,12,aug,357,1,182,2,success,yes
41,admin.,married,secondary,no,2498,no,no,cellular,12,aug,411,1,-1,0,unknown,yes
35,management,divorced,tertiary,no,2885,no,no,cellular,13,aug,199,3,43,8,other,yes
33,technician,married,secondary,no,484,yes,no,cellular,16,aug,205,3,182,9,success,yes
57,retired,married,tertiary,no,1269,no,no,cellular,31,aug,1120,1,-1,0,unknown,yes
63,admin.,married,secondary,no,0,yes,no,cellular,31,aug,253,5,-1,0,unknown,yes
52,self-employed,married,tertiary,no,4012,no,no,cellular,31,aug,634,3,92,5,other,yes
34,admin.,single,tertiary,no,625,no,yes,unknown,31,aug,34,1,-1,0,unknown,yes
34,management,married,tertiary,no,589,no,no,cellular,1,sep,300,1,44,3,other,yes
28,blue-collar,single,secondary,no,-46,yes,no,cellular,1,sep,199,1,92,14,success,yes
33,admin.,single,tertiary,no,272,yes,no,cellular,1,sep,293,2,92,3,success,yes
48,unknown,single,unknown,no,1819,no,no,cellular,2,sep,1440,1,458,1,failure,yes
49,admin.,single,tertiary,no,228,yes,no,cellular,3,sep,252,2,93,2,success,yes
48,management,married,tertiary,no,0,yes,no,cellular,6,sep,194,2,125,6,failure,yes
43,admin.,single,secondary,no,1707,yes,no,cellular,6,sep,369,3,504,5,other,yes
65,admin.,married,secondary,no,952,no,no,cellular,6,sep,255,1,96,1,success,yes
37,management,married,tertiary,no,6771,no,no,cellular,7,sep,337,1,186,1,success,yes
38,admin.,married,secondary,no,0,yes,no,cellular,8,sep,210,1,92,3,success,yes
39,management,married,tertiary,no,494,no,no,cellular,9,sep,216,1,183,5,success,yes
48,technician,married,primary,no,235,no,no,cellular,9,sep,386,2,191,3,success,yes
52,unemployed,married,secondary,no,1416,no,no,cellular,13,sep,218,3,187,3,success,yes
28,management,single,tertiary,no,1720,no,no,cellular,14,sep,230,1,91,4,success,yes
21,student,single,unknown,no,1506,no,no,cellular,14,sep,340,1,-1,0,unknown,yes
49,management,married,tertiary,no,1093,yes,yes,cellular,15,sep,316,1,246,4,success,yes
63,admin.,divorced,secondary,no,4680,no,no,cellular,15,sep,953,2,-1,0,unknown,yes
72,retired,married,tertiary,no,3561,no,no,telephone,15,sep,511,3,184,7,success,yes
49,technician,married,tertiary,no,1071,no,no,cellular,16,sep,225,1,91,1,success,yes
67,retired,married,secondary,no,2048,no,no,cellular,16,sep,452,5,195,4,other,yes
31,student,single,tertiary,no,4951,no,no,cellular,17,sep,285,3,81,3,failure,yes
37,management,divorced,tertiary,no,488,yes,no,cellular,17,sep,328,1,854,2,failure,yes
23,technician,single,secondary,no,283,yes,no,cellular,22,sep,175,1,184,2,success,yes
43,unemployed,married,secondary,no,0,yes,yes,cellular,23,sep,183,2,184,13,failure,yes
25,management,single,tertiary,no,3902,no,no,cellular,23,sep,856,1,-1,0,unknown,yes
59,management,married,tertiary,no,5397,no,no,cellular,23,sep,244,1,92,3,success,yes
35,admin.,single,secondary,no,303,no,no,cellular,24,sep,173,2,190,10,other,yes
32,blue-collar,single,secondary,no,2093,no,no,cellular,24,sep,224,2,444,1,failure,yes
24,management,single,tertiary,no,393,no,no,cellular,27,sep,1298,1,-1,0,unknown,yes
28,management,single,tertiary,no,390,no,no,cellular,29,sep,845,1,232,4,success,yes
31,student,single,secondary,no,3511,no,no,cellular,6,oct,311,1,96,1,success,yes
71,retired,married,secondary,no,1696,no,no,cellular,6,oct,486,1,-1,0,unknown,yes
26,unemployed,single,tertiary,no,3466,no,no,cellular,6,oct,275,2,-1,0,unknown,yes
28,unknown,single,unknown,no,326,no,no,cellular,11,oct,450,1,231,1,success,yes
30,management,single,tertiary,no,502,no,no,cellular,11,oct,463,3,95,6,success,yes
27,admin.,married,tertiary,no,346,no,no,cellular,11,oct,212,1,-1,0,unknown,yes
26,blue-collar,single,secondary,no,2007,no,no,cellular,13,oct,194,1,92,5,success,yes
59,technician,married,secondary,no,1,no,no,cellular,14,oct,585,1,182,5,success,yes
29,student,single,secondary,no,1925,no,no,cellular,21,oct,150,3,149,5,success,yes
52,technician,married,secondary,no,371,yes,yes,cellular,21,oct,453,1,183,3,success,yes
34,technician,single,secondary,no,1279,yes,no,cellular,21,oct,339,3,91,10,success,yes
38,management,married,tertiary,no,536,yes,no,cellular,22,oct,234,1,92,1,success,yes
25,student,single,secondary,no,679,no,no,cellular,25,oct,297,5,94,6,other,yes
47,admin.,married,secondary,no,1210,no,no,cellular,26,oct,604,1,91,4,failure,yes
70,retired,married,secondary,no,0,no,no,cellular,27,oct,258,1,92,5,success,yes
22,student,single,secondary,no,2488,no,no,cellular,8,nov,449,2,38,10,other,yes
29,management,single,tertiary,no,765,no,no,cellular,16,nov,238,1,-1,0,unknown,yes
25,student,single,secondary,no,358,no,no,cellular,16,nov,330,1,-1,0,unknown,yes
23,student,single,tertiary,no,113,no,no,cellular,17,nov,266,1,-1,0,unknown,yes
25,technician,single,secondary,no,505,no,yes,cellular,17,nov,386,2,-1,0,unknown,yes
51,technician,married,tertiary,no,825,no,no,cellular,17,nov,977,3,-1,0,unknown,yes
72,retired,married,secondary,no,5715,no,no,cellular,17,nov,1127,5,184,3,success,yes
28,student,single,secondary,no,67,no,no,cellular,20,aug,329,3,199,2,other,yes
27,self-employed,single,tertiary,no,347,no,no,cellular,6,aug,385,4,-1,0,unknown,yes
22,student,single,secondary,no,3982,no,no,cellular,20,apr,206,1,-1,0,unknown,yes
62,management,married,tertiary,no,0,no,no,cellular,3,sep,299,1,-1,0,unknown,yes
28,unemployed,married,tertiary,no,482,no,no,cellular,25,may,119,1,-1,0,unknown,yes
40,management,married,tertiary,no,4539,no,no,cellular,13,jul,256,3,439,1,failure,yes
47,management,married,tertiary,no,1147,no,no,cellular,2,jun,654,1,95,1,failure,yes
29,management,married,tertiary,no,51,yes,no,cellular,17,jul,1319,5,-1,0,unknown,yes
27,blue-collar,single,secondary,no,294,yes,yes,unknown,28,may,694,2,-1,0,unknown,yes
32,management,married,tertiary,no,607,yes,no,unknown,18,jun,1060,5,-1,0,unknown,yes
36,technician,married,tertiary,no,376,no,no,cellular,16,sep,173,1,-1,0,unknown,yes
28,technician,single,tertiary,no,3623,no,no,cellular,10,mar,261,1,-1,0,unknown,yes
34,admin.,married,tertiary,no,69,no,yes,cellular,4,aug,120,3,1,6,success,yes
54,management,divorced,tertiary,no,487,yes,no,unknown,21,may,828,4,-1,0,unknown,yes
30,services,single,tertiary,no,1788,no,no,cellular,4,aug,288,1,181,2,failure,yes
37,admin.,married,secondary,no,0,yes,no,cellular,2,jun,107,1,-1,0,unknown,yes
32,management,single,tertiary,no,41,no,no,cellular,21,aug,686,5,-1,0,unknown,yes
54,housemaid,single,secondary,no,1213,no,no,cellular,12,nov,241,1,-1,0,unknown,yes
29,admin.,married,tertiary,no,238,no,no,cellular,25,may,344,2,88,1,failure,yes
60,unemployed,married,primary,no,0,no,no,cellular,22,jul,1193,1,412,1,other,yes
25,technician,single,tertiary,no,1231,no,no,cellular,31,aug,271,2,-1,0,unknown,yes
33,management,married,tertiary,no,1778,no,no,cellular,12,feb,388,1,-1,0,unknown,yes
35,technician,married,secondary,no,2201,no,no,telephone,12,apr,350,1,-1,0,unknown,yes
34,technician,married,secondary,no,0,yes,no,cellular,5,aug,231,2,2,3,success,yes
69,retired,married,secondary,no,0,no,no,cellular,27,jul,666,1,90,4,success,yes
49,entrepreneur,married,primary,no,6188,no,no,cellular,18,nov,453,1,-1,0,unknown,yes
30,technician,single,tertiary,no,3291,yes,no,unknown,19,may,1218,3,-1,0,unknown,yes
32,technician,single,secondary,no,562,yes,no,unknown,30,may,722,3,-1,0,unknown,yes
61,admin.,married,secondary,no,1046,yes,no,cellular,21,aug,158,1,-1,0,unknown,yes
33,management,single,tertiary,no,87,no,no,cellular,12,aug,978,1,-1,0,unknown,yes
48,blue-collar,married,secondary,no,863,yes,no,telephone,4,may,412,5,350,2,success,yes
30,self-employed,single,tertiary,no,655,no,no,cellular,23,sep,272,4,184,1,success,yes
40,management,divorced,tertiary,no,858,no,no,cellular,26,oct,202,2,-1,0,unknown,yes
35,technician,single,secondary,no,399,yes,no,cellular,13,may,496,2,345,3,failure,yes
42,services,divorced,secondary,no,257,yes,no,cellular,12,may,955,2,-1,0,unknown,yes
29,self-employed,single,tertiary,no,3290,no,no,cellular,23,mar,136,1,291,2,success,yes
22,admin.,single,secondary,no,33,no,no,cellular,12,feb,369,1,-1,0,unknown,yes
30,admin.,single,tertiary,no,0,yes,no,cellular,4,feb,730,2,-1,0,unknown,yes
51,retired,divorced,secondary,no,1679,no,no,cellular,12,aug,417,1,365,9,other,yes
21,student,single,secondary,no,2488,no,no,cellular,30,jun,258,6,169,3,success,yes
30,admin.,married,secondary,no,1265,yes,yes,unknown,26,may,414,2,-1,0,unknown,yes
33,management,single,tertiary,no,816,yes,no,cellular,11,oct,383,2,503,2,failure,yes
28,student,single,tertiary,no,0,no,no,cellular,28,sep,294,2,105,7,other,yes
54,technician,single,tertiary,no,118,no,no,cellular,5,apr,280,1,-1,0,unknown,yes
50,management,married,secondary,no,1165,no,no,cellular,16,jul,455,1,-1,0,unknown,yes
58,technician,married,secondary,no,99,no,no,telephone,22,sep,396,2,-1,0,unknown,yes
36,entrepreneur,single,secondary,no,866,yes,no,cellular,11,may,629,1,173,1,failure,yes
35,management,single,tertiary,no,7918,no,no,cellular,7,sep,497,1,-1,0,unknown,yes
45,management,married,tertiary,no,160,no,no,cellular,30,apr,619,1,-1,0,unknown,yes
55,management,divorced,tertiary,no,2037,no,no,cellular,2,nov,209,2,273,1,failure,yes
27,technician,single,secondary,no,2,yes,yes,cellular,6,may,554,2,356,1,failure,yes
42,management,married,tertiary,no,1435,yes,no,cellular,7,may,1148,1,-1,0,unknown,yes
36,entrepreneur,married,secondary,no,2971,no,no,cellular,12,nov,247,1,97,8,failure,yes
64,retired,married,primary,no,440,no,no,cellular,6,feb,495,1,-1,0,unknown,yes
27,student,single,secondary,no,213,no,no,cellular,27,mar,378,1,-1,0,unknown,yes
36,admin.,married,secondary,no,1031,no,no,cellular,17,jun,282,4,-1,0,unknown,yes
28,self-employed,single,tertiary,no,2503,no,no,cellular,25,may,426,1,-1,0,unknown,yes
46,technician,married,secondary,no,1167,yes,no,cellular,21,nov,1540,2,-1,0,unknown,yes
30,admin.,married,secondary,no,0,no,no,cellular,1,jun,318,1,-1,0,unknown,yes
29,self-employed,single,tertiary,no,121,yes,no,unknown,30,may,1500,2,-1,0,unknown,yes
62,retired,divorced,tertiary,no,0,no,no,cellular,13,nov,227,2,-1,0,unknown,yes
56,technician,married,secondary,no,23,no,no,cellular,20,nov,857,3,-1,0,unknown,yes
60,blue-collar,married,primary,no,5,no,no,cellular,29,jan,533,1,92,1,success,yes
56,management,married,primary,no,870,no,no,cellular,16,nov,257,1,-1,0,unknown,yes
52,management,married,tertiary,no,3634,no,no,cellular,8,feb,341,8,-1,0,unknown,yes
38,blue-collar,divorced,secondary,no,0,yes,no,cellular,21,oct,576,1,183,4,success,yes
40,unemployed,married,secondary,no,1960,yes,no,unknown,2,jun,605,6,-1,0,unknown,yes
35,self-employed,married,secondary,no,188,yes,yes,unknown,5,jun,1865,2,-1,0,unknown,yes
28,student,single,secondary,no,1377,yes,no,cellular,14,may,688,2,-1,0,unknown,yes
60,retired,married,secondary,no,523,no,no,cellular,13,aug,192,3,-1,0,unknown,yes
35,student,married,tertiary,no,387,yes,no,cellular,8,may,1024,3,347,3,failure,yes
53,admin.,married,secondary,no,849,yes,no,cellular,6,feb,3102,3,-1,0,unknown,yes
38,management,married,tertiary,no,385,yes,no,telephone,28,oct,154,1,-1,0,unknown,yes
38,management,married,tertiary,no,238,no,no,cellular,4,aug,139,1,92,3,failure,yes
67,retired,single,tertiary,no,2144,no,no,telephone,21,apr,847,2,-1,0,unknown,yes
31,management,married,tertiary,no,1331,no,no,cellular,30,apr,297,1,86,3,success,yes
35,management,single,tertiary,no,3544,yes,no,cellular,8,jun,380,1,-1,0,unknown,yes
34,technician,married,tertiary,no,127,no,no,cellular,3,jun,117,1,-1,0,unknown,yes
35,management,married,tertiary,no,323,no,no,cellular,11,jan,261,2,-1,0,unknown,yes
28,unemployed,married,primary,no,7459,yes,no,cellular,2,feb,981,5,269,2,failure,yes
25,student,single,secondary,no,4147,no,no,cellular,14,aug,211,3,-1,0,unknown,yes
26,services,single,tertiary,no,0,no,yes,telephone,1,jul,261,4,-1,0,unknown,yes
32,admin.,single,secondary,no,131,yes,no,cellular,22,jun,522,1,183,2,success,yes
41,technician,married,secondary,no,1819,no,no,cellular,22,sep,397,1,371,3,failure,yes
66,management,married,secondary,no,587,no,no,cellular,12,may,457,2,392,2,success,yes
62,retired,married,secondary,no,1495,no,no,cellular,13,oct,896,1,57,2,success,yes
28,self-employed,single,tertiary,no,442,no,no,cellular,19,jun,474,3,95,3,other,yes
77,retired,married,primary,no,29340,no,no,cellular,15,mar,257,1,91,2,other,yes
50,management,married,tertiary,no,2366,no,no,cellular,28,jan,816,2,149,1,other,yes
30,management,single,tertiary,no,617,no,no,cellular,27,feb,192,2,-1,0,unknown,yes
39,services,single,secondary,no,403,yes,no,cellular,7,may,1262,3,-1,0,unknown,yes
31,management,married,tertiary,no,131,no,no,cellular,18,feb,332,2,-1,0,unknown,yes
45,admin.,married,secondary,no,0,no,yes,telephone,15,jul,533,3,-1,0,unknown,yes
33,technician,married,tertiary,no,1699,no,no,cellular,6,nov,178,2,94,1,success,yes
41,blue-collar,married,secondary,no,2689,yes,no,cellular,15,apr,135,1,-1,0,unknown,yes
30,services,single,secondary,yes,-366,yes,no,cellular,18,jul,516,1,-1,0,unknown,yes
45,technician,married,tertiary,no,377,yes,no,unknown,19,jun,835,3,-1,0,unknown,yes
43,services,married,secondary,no,-236,yes,no,cellular,28,jul,745,7,-1,0,unknown,yes
46,admin.,married,secondary,no,659,yes,no,telephone,29,jul,1127,11,-1,0,unknown,yes
47,admin.,married,secondary,no,290,yes,no,cellular,22,jul,1352,2,-1,0,unknown,yes
26,student,single,tertiary,no,5169,yes,no,cellular,25,may,397,1,35,2,failure,yes
30,admin.,single,secondary,no,1309,no,no,cellular,28,jan,622,1,-1,0,unknown,yes
36,management,married,tertiary,no,535,no,no,cellular,20,apr,150,2,-1,0,unknown,yes
46,admin.,married,secondary,no,368,no,no,cellular,20,aug,293,1,90,4,other,yes
35,unemployed,single,tertiary,no,415,no,no,cellular,4,may,164,2,89,2,success,yes
46,technician,married,secondary,no,3434,no,yes,cellular,8,jun,148,2,101,1,success,yes
32,admin.,married,secondary,no,35,no,no,cellular,17,dec,324,3,126,3,success,yes
46,services,married,secondary,no,2948,no,no,cellular,21,nov,893,1,-1,0,unknown,yes
54,housemaid,married,tertiary,no,2473,no,no,cellular,5,mar,607,2,-1,0,unknown,yes
29,admin.,single,secondary,no,306,yes,no,cellular,18,may,774,4,-1,0,unknown,yes
38,technician,married,secondary,no,1478,no,no,cellular,12,aug,926,4,-1,0,unknown,yes
58,blue-collar,single,secondary,no,119,yes,yes,cellular,12,may,985,1,-1,0,unknown,yes
30,blue-collar,married,secondary,no,167,yes,no,cellular,10,jul,255,1,-1,0,unknown,yes
30,admin.,single,tertiary,no,305,no,no,cellular,4,feb,227,2,-1,0,unknown,yes
27,services,single,secondary,no,453,no,no,cellular,19,apr,142,2,-1,0,unknown,yes
46,self-employed,single,secondary,no,526,no,no,cellular,30,apr,523,1,87,2,other,yes
33,technician,single,secondary,no,1429,yes,no,cellular,31,aug,268,8,-1,0,unknown,yes
64,management,married,tertiary,no,3951,no,no,cellular,28,jan,134,1,91,1,success,yes
22,self-employed,single,tertiary,no,780,no,no,cellular,17,mar,272,3,-1,0,unknown,yes
36,blue-collar,married,secondary,no,218,yes,no,cellular,4,may,619,6,-1,0,unknown,yes
72,retired,married,primary,no,763,no,no,cellular,24,apr,384,2,-1,0,unknown,yes
51,technician,married,secondary,no,6840,no,no,telephone,7,jul,257,1,-1,0,unknown,yes
49,management,married,tertiary,no,1311,yes,no,cellular,8,may,813,1,-1,0,unknown,yes
33,management,single,tertiary,no,1271,yes,no,cellular,15,apr,636,3,330,1,failure,yes
41,unemployed,married,tertiary,no,0,no,no,cellular,30,oct,373,3,-1,0,unknown,yes
31,technician,married,tertiary,no,636,yes,no,cellular,4,may,352,4,-1,0,unknown,yes
39,technician,married,secondary,no,4101,yes,no,cellular,18,feb,146,2,264,1,other,yes
40,management,married,tertiary,no,3352,yes,no,telephone,23,oct,138,1,-1,0,unknown,yes
48,management,single,tertiary,no,334,yes,no,cellular,28,sep,600,2,92,12,success,yes
25,student,single,secondary,no,125,no,no,cellular,9,feb,215,1,92,2,success,yes
32,management,single,tertiary,no,2536,yes,no,cellular,26,aug,958,6,-1,0,unknown,yes
34,services,married,secondary,no,1076,no,no,cellular,12,may,152,1,182,6,success,yes
19,student,single,primary,no,608,no,no,cellular,12,may,236,1,180,2,success,yes
35,technician,single,secondary,no,344,no,no,cellular,27,aug,519,16,-1,0,unknown,yes
43,blue-collar,married,secondary,no,2160,no,no,cellular,8,sep,261,1,98,1,success,yes
39,technician,married,secondary,no,1587,yes,no,cellular,2,jun,171,3,-1,0,unknown,yes
34,blue-collar,married,secondary,no,243,yes,no,cellular,18,may,507,1,-1,0,unknown,yes
47,admin.,single,secondary,no,3696,no,no,cellular,12,jan,758,4,-1,0,unknown,yes
26,technician,single,tertiary,no,15161,no,no,cellular,2,feb,280,1,-1,0,unknown,yes
51,admin.,single,secondary,no,1994,no,no,unknown,18,jun,771,2,-1,0,unknown,yes
40,blue-collar,married,primary,no,0,yes,no,cellular,21,jul,1080,4,-1,0,unknown,yes
34,technician,married,tertiary,no,1539,yes,no,cellular,15,jun,441,1,56,1,other,yes
28,technician,single,secondary,no,5763,no,yes,cellular,5,mar,196,2,-1,0,unknown,yes
33,blue-collar,married,secondary,no,-267,yes,no,cellular,20,apr,1030,3,-1,0,unknown,yes
42,unemployed,married,secondary,no,1289,no,no,cellular,15,jul,250,4,415,2,failure,yes
60,retired,married,secondary,no,8332,no,no,cellular,16,mar,279,1,194,7,other,yes
51,admin.,married,secondary,no,949,no,no,cellular,5,aug,1092,1,-1,0,unknown,yes
41,management,married,tertiary,no,254,no,no,cellular,9,jun,183,2,294,2,failure,yes
25,admin.,single,secondary,no,285,no,no,cellular,3,jul,658,3,-1,0,unknown,yes
73,retired,married,tertiary,no,1641,yes,no,cellular,27,feb,49,2,-1,0,unknown,yes
31,management,single,secondary,no,1088,yes,no,cellular,8,apr,575,2,-1,0,unknown,yes
32,student,single,tertiary,no,1138,no,no,telephone,10,feb,402,3,-1,0,unknown,yes
43,admin.,single,secondary,no,733,yes,no,cellular,19,nov,1102,3,-1,0,unknown,yes
57,retired,married,tertiary,no,0,yes,yes,unknown,28,may,648,1,-1,0,unknown,yes
31,management,single,tertiary,no,354,no,no,cellular,21,apr,242,2,-1,0,unknown,yes
57,management,divorced,unknown,no,854,no,no,cellular,6,oct,480,1,40,5,success,yes
58,retired,married,secondary,no,1230,no,no,cellular,20,may,420,1,87,1,failure,yes
53,services,divorced,primary,no,-291,yes,yes,unknown,7,may,591,1,-1,0,unknown,yes
34,admin.,married,tertiary,no,69,no,yes,cellular,3,aug,263,3,251,3,success,yes
27,unemployed,single,secondary,no,771,no,no,cellular,21,oct,181,1,302,3,other,yes
30,self-employed,single,tertiary,no,916,no,no,cellular,29,dec,449,2,-1,0,unknown,yes
39,technician,divorced,secondary,no,385,no,no,cellular,13,oct,242,1,48,2,failure,yes
24,technician,married,secondary,no,556,yes,no,cellular,8,feb,278,1,94,4,success,yes
26,management,single,tertiary,no,194,no,no,cellular,22,apr,407,2,-1,0,unknown,yes
57,technician,married,primary,no,3376,yes,no,telephone,2,jun,421,2,-1,0,unknown,yes
44,blue-collar,married,secondary,no,1697,yes,no,unknown,4,jul,150,2,-1,0,unknown,yes
36,technician,married,tertiary,no,341,no,no,cellular,13,aug,282,1,-1,0,unknown,yes
63,retired,divorced,primary,no,109,no,no,cellular,10,nov,406,2,-1,0,unknown,yes
37,management,married,tertiary,no,156,no,no,cellular,19,nov,366,3,-1,0,unknown,yes
37,technician,single,tertiary,no,0,yes,no,cellular,23,jul,366,6,-1,0,unknown,yes
53,management,divorced,tertiary,no,50,yes,no,cellular,15,may,669,1,337,3,failure,yes
37,management,single,tertiary,no,102,yes,no,cellular,6,may,445,1,258,2,failure,yes
36,self-employed,married,secondary,no,1245,yes,no,unknown,6,jun,1469,9,-1,0,unknown,yes
52,blue-collar,married,unknown,no,0,yes,no,cellular,9,jul,1486,1,-1,0,unknown,yes
39,blue-collar,married,secondary,no,167,yes,yes,cellular,12,may,612,1,-1,0,unknown,yes
36,management,married,tertiary,no,625,yes,no,cellular,18,jul,1360,9,-1,0,unknown,yes
29,management,single,tertiary,no,224,yes,no,cellular,24,apr,65,2,81,3,failure,yes
47,blue-collar,married,secondary,no,182,yes,no,telephone,10,jul,39,1,-1,0,unknown,yes
62,retired,married,primary,no,1084,no,no,cellular,14,apr,505,1,-1,0,unknown,yes
33,blue-collar,married,secondary,no,0,no,no,cellular,29,jul,454,6,-1,0,unknown,yes
31,technician,single,tertiary,no,454,no,no,cellular,30,apr,266,1,-1,0,unknown,yes
32,self-employed,married,secondary,no,514,yes,no,cellular,11,jul,812,1,-1,0,unknown,yes
27,blue-collar,single,tertiary,no,567,no,no,cellular,25,nov,238,2,184,1,success,yes
75,retired,married,secondary,no,291,no,no,cellular,12,aug,350,1,182,2,success,yes
37,management,married,tertiary,no,3556,no,no,cellular,9,nov,268,1,-1,0,unknown,yes
26,management,single,tertiary,no,3944,yes,no,cellular,14,may,974,2,-1,0,unknown,yes
74,retired,divorced,secondary,no,4079,no,no,cellular,19,oct,343,3,-1,0,unknown,yes
35,services,single,tertiary,no,0,no,no,cellular,3,jul,704,1,-1,0,unknown,yes
54,management,married,primary,no,2587,no,no,cellular,2,jun,236,2,-1,0,unknown,yes
35,management,divorced,tertiary,no,434,yes,no,cellular,13,aug,1314,2,-1,0,unknown,yes
30,admin.,single,secondary,no,3528,no,no,cellular,4,aug,250,1,92,2,failure,yes
39,entrepreneur,married,primary,no,437,yes,no,unknown,27,oct,150,1,-1,0,unknown,yes
34,services,single,tertiary,no,3119,no,no,cellular,16,oct,306,1,-1,0,unknown,yes
50,management,married,tertiary,no,1396,no,no,cellular,25,aug,731,6,-1,0,unknown,yes
44,blue-collar,married,primary,no,-101,yes,no,cellular,15,may,679,1,366,4,failure,yes
35,technician,divorced,secondary,no,84,yes,yes,cellular,6,may,954,1,-1,0,unknown,yes
43,unemployed,divorced,secondary,no,1854,no,no,cellular,30,apr,323,1,-1,0,unknown,yes
29,technician,married,secondary,no,95,no,yes,cellular,3,feb,172,3,-1,0,unknown,yes
43,unemployed,married,tertiary,no,0,no,no,cellular,16,jul,745,1,281,1,failure,yes
39,unemployed,married,primary,no,7005,yes,no,cellular,28,jul,429,2,184,3,success,yes
38,self-employed,single,tertiary,no,605,no,no,telephone,18,jun,1603,10,-1,0,unknown,yes
45,unemployed,married,secondary,no,891,yes,no,unknown,7,jan,118,1,-1,0,unknown,yes
27,technician,single,tertiary,no,2781,yes,no,cellular,24,may,168,1,389,1,failure,yes
28,management,single,tertiary,no,2725,no,no,cellular,16,jun,292,1,504,1,failure,yes
37,technician,single,secondary,no,4,no,no,cellular,11,aug,933,1,-1,0,unknown,yes
34,management,single,tertiary,no,5,no,no,cellular,18,aug,370,2,-1,0,unknown,yes
48,management,married,tertiary,no,2351,no,no,cellular,15,sep,150,1,105,3,success,yes
49,technician,divorced,tertiary,no,1807,yes,no,cellular,12,mar,229,1,-1,0,unknown,yes
62,housemaid,married,secondary,no,2,no,no,cellular,3,nov,322,1,-1,0,unknown,yes
73,retired,married,tertiary,no,448,no,no,cellular,24,mar,136,1,-1,0,unknown,yes
68,retired,single,tertiary,no,2144,no,no,cellular,26,jan,708,1,96,3,success,yes
53,management,divorced,tertiary,no,2679,no,no,cellular,20,nov,295,3,-1,0,unknown,yes
62,retired,married,secondary,no,1495,no,no,cellular,2,feb,265,1,-1,0,unknown,yes
34,admin.,married,secondary,no,155,no,no,cellular,5,feb,696,2,-1,0,unknown,yes
43,self-employed,single,unknown,no,3173,no,no,unknown,15,may,746,1,-1,0,unknown,yes
32,technician,divorced,tertiary,no,53,no,no,cellular,22,aug,671,2,-1,0,unknown,yes
29,unemployed,single,primary,no,1374,no,no,cellular,17,nov,309,3,208,4,success,yes
25,management,single,tertiary,no,3,yes,yes,cellular,16,apr,1034,1,-1,0,unknown,yes
45,blue-collar,married,secondary,no,61,yes,no,unknown,26,may,745,4,-1,0,unknown,yes
29,blue-collar,married,secondary,no,8,yes,yes,cellular,10,jul,627,1,-1,0,unknown,yes
34,blue-collar,divorced,secondary,no,383,yes,no,unknown,13,may,2231,1,-1,0,unknown,yes
44,admin.,married,secondary,no,205,no,no,cellular,3,nov,289,1,-1,0,unknown,yes
32,services,single,unknown,no,2378,no,no,cellular,17,nov,1132,2,-1,0,unknown,yes
34,admin.,married,secondary,no,48,yes,no,cellular,7,may,1806,2,287,3,other,yes
50,entrepreneur,married,primary,no,461,yes,no,unknown,15,may,651,32,-1,0,unknown,yes
60,housemaid,married,secondary,no,0,no,no,telephone,3,aug,676,2,181,5,failure,yes
44,admin.,single,secondary,no,1534,no,no,cellular,10,nov,95,1,95,3,success,yes
31,self-employed,single,tertiary,no,1657,yes,yes,cellular,28,jan,872,1,-1,0,unknown,yes
41,entrepreneur,married,secondary,no,30,no,no,cellular,30,apr,460,1,-1,0,unknown,yes
37,management,single,tertiary,no,72,yes,yes,cellular,20,apr,885,5,150,7,failure,yes
45,student,single,unknown,no,1527,no,no,cellular,8,mar,132,1,-1,0,unknown,yes
49,management,married,secondary,no,1623,yes,no,cellular,19,nov,1081,2,-1,0,unknown,yes
26,services,single,secondary,no,1445,no,no,telephone,23,oct,171,1,-1,0,unknown,yes
57,management,married,tertiary,no,256,no,no,cellular,5,jun,304,2,91,1,success,yes
39,blue-collar,married,unknown,no,1181,yes,no,cellular,30,jul,650,2,-1,0,unknown,yes
40,technician,single,tertiary,no,1646,yes,no,cellular,4,may,392,2,91,3,success,yes
50,technician,divorced,secondary,no,396,no,no,unknown,20,jun,716,2,-1,0,unknown,yes
26,self-employed,single,tertiary,no,168,no,no,cellular,30,apr,394,1,-1,0,unknown,yes
36,services,married,secondary,no,4721,no,no,cellular,9,jun,150,1,92,5,success,yes
50,admin.,divorced,secondary,no,237,no,yes,telephone,5,nov,169,1,-1,0,unknown,yes
34,admin.,divorced,secondary,no,1085,no,no,cellular,11,mar,101,7,-1,0,unknown,yes
59,admin.,married,secondary,no,0,yes,no,cellular,10,jul,982,1,-1,0,unknown,yes
46,self-employed,married,tertiary,no,2421,no,no,cellular,19,nov,1084,1,100,4,failure,yes
23,student,single,secondary,no,794,no,no,cellular,26,jul,607,3,171,3,other,yes
32,technician,married,secondary,no,473,no,yes,cellular,10,aug,1064,1,95,3,success,yes
34,admin.,married,tertiary,no,79,yes,no,cellular,5,aug,203,1,92,5,success,yes
54,admin.,married,secondary,no,66,yes,no,cellular,11,nov,167,1,-1,0,unknown,yes
48,self-employed,married,tertiary,no,0,no,no,cellular,29,jan,1249,3,-1,0,unknown,yes
73,retired,married,primary,no,5539,no,no,telephone,6,aug,338,1,-1,0,unknown,yes
42,management,married,tertiary,no,2187,yes,no,cellular,17,nov,525,3,-1,0,unknown,yes
57,admin.,married,secondary,no,2120,no,no,cellular,19,aug,687,4,-1,0,unknown,yes
51,management,married,tertiary,no,346,no,no,cellular,12,feb,122,1,92,5,success,yes
25,technician,single,secondary,no,7103,yes,no,cellular,28,may,188,3,10,1,failure,yes
54,self-employed,single,tertiary,no,384,no,yes,cellular,27,may,200,1,-1,0,unknown,yes
53,blue-collar,married,primary,no,751,yes,no,cellular,3,feb,1528,2,-1,0,unknown,yes
47,admin.,married,secondary,no,3676,no,no,cellular,15,jul,415,2,342,1,other,yes
42,management,married,tertiary,no,2665,yes,no,cellular,4,jun,280,2,126,11,failure,yes
30,management,single,tertiary,no,8535,no,no,cellular,18,jun,393,2,-1,0,unknown,yes
41,self-employed,married,secondary,yes,0,yes,no,cellular,17,nov,789,1,-1,0,unknown,yes
40,services,married,secondary,no,446,yes,no,unknown,16,may,1252,1,-1,0,unknown,yes
43,management,married,tertiary,no,2987,no,no,cellular,4,jun,156,1,85,3,failure,yes
61,management,single,tertiary,no,2,no,no,cellular,12,aug,131,1,114,3,failure,yes
36,management,married,tertiary,no,926,no,no,cellular,14,apr,216,1,-1,0,unknown,yes
61,self-employed,married,tertiary,no,10861,no,no,cellular,25,oct,225,1,91,5,success,yes
33,blue-collar,single,primary,no,611,no,no,telephone,16,sep,390,2,-1,0,unknown,yes
25,blue-collar,single,secondary,no,1857,yes,no,cellular,12,oct,187,1,91,12,success,yes
33,blue-collar,single,secondary,no,329,no,no,cellular,6,sep,224,1,145,2,other,yes
35,management,married,tertiary,no,611,no,no,cellular,1,oct,305,2,121,1,success,yes
22,student,single,primary,no,3472,no,no,cellular,20,oct,332,1,183,3,failure,yes
30,management,single,tertiary,no,102,yes,no,cellular,18,dec,364,3,-1,0,unknown,yes
34,management,single,tertiary,no,-578,yes,no,cellular,18,may,767,2,-1,0,unknown,yes
48,management,married,tertiary,no,5320,yes,no,unknown,20,jun,792,1,-1,0,unknown,yes
27,admin.,married,tertiary,no,73,no,no,cellular,10,feb,159,1,-1,0,unknown,yes
75,retired,married,primary,no,358,no,no,cellular,17,feb,364,11,-1,0,unknown,yes
32,technician,single,secondary,no,483,no,no,cellular,8,aug,580,3,-1,0,unknown,yes
39,management,single,tertiary,no,5047,no,no,cellular,29,apr,218,4,-1,0,unknown,yes
40,management,married,tertiary,no,0,yes,no,cellular,25,mar,506,2,-1,0,unknown,yes
37,blue-collar,single,secondary,no,133,yes,no,cellular,11,may,1388,2,-1,0,unknown,yes
52,management,divorced,tertiary,no,2104,no,no,cellular,3,jun,210,2,-1,0,unknown,yes
66,self-employed,married,tertiary,no,147,no,no,telephone,12,jan,411,1,-1,0,unknown,yes
31,management,single,tertiary,no,12857,yes,no,telephone,4,may,483,4,87,2,success,yes
35,management,married,unknown,no,2326,yes,yes,cellular,16,sep,319,1,-1,0,unknown,yes
48,admin.,married,primary,no,3644,yes,yes,telephone,31,jul,1039,9,-1,0,unknown,yes
38,admin.,married,tertiary,no,1988,no,no,cellular,27,mar,164,2,130,2,failure,yes
36,unemployed,married,tertiary,no,154,no,no,cellular,26,aug,556,7,-1,0,unknown,yes
31,admin.,single,secondary,no,190,no,no,cellular,30,apr,514,1,-1,0,unknown,yes
43,blue-collar,married,primary,no,3064,yes,no,cellular,20,nov,2453,2,-1,0,unknown,yes
34,blue-collar,married,secondary,no,800,no,no,cellular,5,apr,144,1,-1,0,unknown,yes
36,management,single,tertiary,no,5958,yes,no,cellular,22,sep,155,1,184,1,success,yes
34,management,married,tertiary,no,3050,yes,no,cellular,13,may,469,1,-1,0,unknown,yes
32,management,single,tertiary,no,2,yes,no,cellular,11,sep,100,2,-1,0,unknown,yes
50,unemployed,married,primary,no,705,no,no,unknown,5,jun,504,1,-1,0,unknown,yes
65,unemployed,married,secondary,no,3195,no,no,telephone,2,mar,904,1,-1,0,unknown,yes
59,self-employed,married,tertiary,no,2013,no,no,cellular,17,nov,409,2,-1,0,unknown,yes
38,management,single,tertiary,no,104,yes,no,cellular,6,may,606,3,-1,0,unknown,yes
45,blue-collar,married,unknown,no,1529,yes,no,cellular,13,nov,181,1,197,1,success,yes
25,technician,single,secondary,no,102,no,yes,cellular,8,jul,574,2,-1,0,unknown,yes
32,management,divorced,tertiary,no,222,no,yes,cellular,15,jul,820,4,-1,0,unknown,yes
61,retired,married,tertiary,no,2557,yes,no,cellular,10,nov,89,1,91,4,success,yes
42,blue-collar,married,primary,no,1673,yes,no,cellular,17,apr,636,3,-1,0,unknown,yes
37,technician,single,secondary,no,980,no,no,cellular,8,aug,1306,5,-1,0,unknown,yes
52,technician,married,tertiary,no,876,no,no,cellular,4,may,601,3,-1,0,unknown,yes
54,retired,divorced,tertiary,no,0,no,no,unknown,13,may,618,1,-1,0,unknown,yes
39,blue-collar,married,primary,no,70,no,no,unknown,8,may,813,1,-1,0,unknown,yes
44,self-employed,single,tertiary,no,2734,yes,no,cellular,12,may,897,4,-1,0,unknown,yes
29,admin.,single,secondary,no,3528,no,no,cellular,8,oct,137,1,-1,0,unknown,yes
33,services,single,secondary,no,152,yes,no,cellular,25,may,202,2,365,2,success,yes
30,technician,married,secondary,no,484,yes,no,unknown,6,may,703,1,-1,0,unknown,yes
39,technician,married,secondary,no,1587,yes,no,cellular,8,sep,108,2,98,3,success,yes
35,management,married,tertiary,no,495,no,no,cellular,30,apr,266,1,87,1,failure,yes
27,blue-collar,single,secondary,no,3792,no,no,cellular,22,apr,279,2,-1,0,unknown,yes
28,self-employed,single,tertiary,no,159,no,no,cellular,16,nov,449,2,33,4,success,yes
38,management,divorced,secondary,no,257,yes,no,cellular,30,apr,435,1,-1,0,unknown,yes
51,management,married,tertiary,no,0,no,no,unknown,7,jun,302,1,-1,0,unknown,yes
67,retired,married,primary,no,1430,no,no,cellular,11,jan,499,2,91,3,failure,yes
53,technician,married,secondary,no,6831,no,no,cellular,13,may,1130,2,-1,0,unknown,yes
59,management,divorced,tertiary,no,258,yes,no,telephone,29,oct,266,1,-1,0,unknown,yes
61,retired,married,tertiary,no,3140,yes,yes,cellular,6,aug,975,4,98,1,unknown,yes
37,management,married,tertiary,no,255,no,no,cellular,24,feb,562,2,183,10,success,yes
51,self-employed,married,tertiary,no,5350,yes,yes,cellular,31,jul,612,4,-1,0,unknown,yes
52,management,single,tertiary,no,83,no,no,cellular,26,aug,1223,6,-1,0,unknown,yes
54,technician,single,tertiary,no,467,yes,no,cellular,18,jul,674,3,-1,0,unknown,yes
24,blue-collar,married,secondary,no,-389,yes,yes,unknown,4,jun,1242,1,-1,0,unknown,yes
36,admin.,single,tertiary,no,364,no,yes,cellular,31,aug,185,1,123,1,failure,yes
55,technician,divorced,secondary,no,3450,no,no,cellular,10,feb,169,1,183,1,failure,yes
32,technician,single,tertiary,no,5514,no,no,cellular,22,apr,319,1,182,1,success,yes
29,blue-collar,single,tertiary,no,455,no,no,telephone,27,may,214,2,36,1,success,yes
37,management,married,tertiary,no,0,no,no,cellular,16,jul,268,2,182,3,success,yes
39,management,single,tertiary,no,0,yes,no,cellular,18,feb,224,3,-1,0,unknown,yes
29,management,single,tertiary,no,265,no,no,cellular,22,may,491,1,-1,0,unknown,yes
24,unemployed,single,secondary,no,2573,no,no,cellular,24,may,375,2,-1,0,unknown,yes
67,management,married,tertiary,no,405,no,no,cellular,10,nov,344,2,95,2,success,yes
79,retired,married,secondary,no,2661,no,no,cellular,10,nov,254,5,-1,0,unknown,yes
53,technician,married,secondary,no,-725,yes,no,unknown,27,may,1205,1,-1,0,unknown,yes
38,technician,single,tertiary,no,25,yes,no,cellular,1,jun,232,2,-1,0,unknown,yes
48,entrepreneur,married,secondary,no,0,no,yes,cellular,28,jul,431,2,-1,0,unknown,yes
48,blue-collar,married,secondary,no,238,yes,yes,cellular,2,jun,118,2,81,1,success,no
37,entrepreneur,married,tertiary,no,7944,no,no,cellular,21,nov,102,1,-1,0,unknown,no
35,self-employed,married,secondary,no,347,no,no,unknown,20,jun,231,1,-1,0,unknown,no
29,self-employed,single,secondary,no,970,yes,no,cellular,13,may,240,1,-1,0,unknown,no
37,blue-collar,divorced,secondary,no,614,yes,no,unknown,20,may,185,1,-1,0,unknown,no
55,management,divorced,tertiary,no,608,yes,no,cellular,7,may,161,2,-1,0,unknown,no
32,blue-collar,married,primary,no,-105,yes,yes,telephone,31,jul,454,19,-1,0,unknown,no
31,self-employed,single,tertiary,no,84,no,no,cellular,6,aug,157,4,-1,0,unknown,no
48,management,divorced,tertiary,no,700,yes,no,cellular,29,aug,488,2,-1,0,unknown,no
53,blue-collar,married,primary,no,1388,no,no,cellular,7,aug,139,4,-1,0,unknown,no
51,management,married,tertiary,no,0,yes,yes,cellular,19,aug,263,1,84,1,other,no
56,unemployed,married,secondary,no,660,yes,no,unknown,6,jun,72,3,-1,0,unknown,no
61,retired,married,primary,no,296,yes,yes,unknown,3,jun,323,2,-1,0,unknown,no
45,services,married,secondary,no,561,yes,no,unknown,29,may,340,7,-1,0,unknown,no
53,management,divorced,tertiary,no,2894,yes,no,cellular,5,may,163,1,-1,0,unknown,no
55,management,married,tertiary,no,171,yes,no,cellular,8,aug,73,6,-1,0,unknown,no
50,technician,married,secondary,no,1838,yes,yes,cellular,13,aug,221,8,-1,0,unknown,no
53,unknown,married,unknown,no,549,no,no,telephone,28,jan,74,2,-1,0,unknown,no
33,blue-collar,married,primary,no,934,yes,no,unknown,4,jun,244,2,-1,0,unknown,no
37,technician,married,secondary,no,24,yes,no,cellular,13,aug,136,1,105,2,failure,no
32,self-employed,divorced,tertiary,no,3695,yes,no,cellular,15,may,34,1,353,3,other,no
40,services,married,secondary,no,0,yes,no,cellular,2,jun,297,1,28,3,failure,no
44,management,married,tertiary,no,6203,yes,yes,unknown,13,may,129,1,-1,0,unknown,no
39,blue-collar,married,secondary,no,0,yes,no,unknown,6,may,262,1,-1,0,unknown,no
53,self-employed,married,secondary,no,248,no,yes,cellular,17,nov,99,1,126,3,failure,no
35,technician,married,secondary,no,1144,no,no,cellular,20,aug,197,13,-1,0,unknown,no
40,management,married,tertiary,no,4381,no,no,telephone,29,jul,126,2,-1,0,unknown,no
31,self-employed,married,tertiary,no,1134,no,no,cellular,6,feb,174,2,-1,0,unknown,no
50,technician,married,primary,no,570,no,no,unknown,20,jun,21,3,-1,0,unknown,no
49,management,married,tertiary,no,234,no,no,cellular,22,aug,55,6,-1,0,unknown,no
53,retired,married,tertiary,no,7132,no,no,cellular,13,aug,88,2,-1,0,unknown,no
34,technician,single,tertiary,no,2047,yes,no,cellular,28,jul,57,5,-1,0,unknown,no
41,self-employed,single,tertiary,no,0,no,no,cellular,18,nov,256,1,-1,0,unknown,no
39,technician,married,secondary,no,1,yes,no,unknown,26,may,506,2,-1,0,unknown,no
22,student,single,secondary,no,2162,no,no,telephone,2,feb,168,1,-1,0,unknown,no
31,admin.,married,secondary,no,337,no,no,unknown,12,may,51,1,-1,0,unknown,no
56,management,married,tertiary,no,2366,yes,yes,cellular,3,feb,538,2,188,4,failure,no
41,admin.,married,secondary,no,-76,yes,no,cellular,16,apr,263,1,-1,0,unknown,no
34,services,married,secondary,no,40,yes,no,cellular,17,jul,302,2,-1,0,unknown,no
28,self-employed,single,secondary,no,123,yes,no,unknown,9,may,97,1,-1,0,unknown,no
35,blue-collar,married,secondary,no,667,yes,no,cellular,14,may,10,5,324,27,other,no
32,technician,married,secondary,no,616,yes,no,cellular,27,aug,118,7,-1,0,unknown,no
41,blue-collar,married,secondary,no,849,yes,yes,cellular,12,may,100,4,-1,0,unknown,no
51,services,married,unknown,no,3413,no,no,cellular,27,aug,146,7,-1,0,unknown,no
24,services,single,secondary,no,1299,yes,yes,cellular,18,may,113,2,-1,0,unknown,no
44,technician,married,secondary,no,1901,no,no,cellular,6,aug,165,2,-1,0,unknown,no
31,management,single,tertiary,no,-160,yes,no,unknown,28,may,202,2,-1,0,unknown,no
31,admin.,married,secondary,no,89,no,no,unknown,7,may,297,3,-1,0,unknown,no
25,management,single,tertiary,no,493,yes,no,unknown,4,jun,301,1,-1,0,unknown,no
59,retired,married,secondary,no,1723,no,no,unknown,19,jun,70,1,-1,0,unknown,no
50,technician,married,tertiary,no,247,no,no,unknown,23,may,173,1,-1,0,unknown,no
50,technician,married,tertiary,no,3117,no,no,cellular,20,nov,44,2,164,1,failure,no
49,management,married,tertiary,no,7007,no,no,cellular,17,nov,325,2,-1,0,unknown,no
35,self-employed,married,tertiary,no,1178,yes,yes,cellular,15,apr,220,2,183,5,failure,no
34,blue-collar,married,tertiary,no,748,yes,yes,cellular,6,may,161,1,-1,0,unknown,no
33,services,single,secondary,no,192,no,no,cellular,24,jul,255,1,-1,0,unknown,no
37,management,married,tertiary,no,-491,yes,no,cellular,5,feb,80,2,-1,0,unknown,no
27,admin.,single,secondary,no,276,yes,no,unknown,19,may,311,2,-1,0,unknown,no
52,services,married,primary,no,911,no,no,unknown,20,jun,29,2,-1,0,unknown,no
47,services,divorced,secondary,no,-288,yes,no,unknown,28,may,107,7,-1,0,unknown,no
39,admin.,single,secondary,no,2749,yes,no,cellular,19,nov,128,1,-1,0,unknown,no
40,entrepreneur,divorced,tertiary,no,224,no,no,unknown,20,jun,606,1,-1,0,unknown,no
29,management,single,tertiary,no,1218,no,no,cellular,30,jan,258,2,-1,0,unknown,no
32,management,single,tertiary,no,0,yes,no,cellular,20,apr,415,2,-1,0,unknown,no
30,student,married,tertiary,no,324,no,no,cellular,25,aug,585,4,-1,0,unknown,no
30,admin.,single,secondary,no,127,yes,no,cellular,18,may,16,6,368,1,other,no
44,management,married,tertiary,no,105,yes,no,unknown,6,may,1529,2,-1,0,unknown,no
42,blue-collar,married,secondary,no,634,yes,no,cellular,24,jul,256,2,-1,0,unknown,no
45,housemaid,married,primary,no,317,yes,no,cellular,8,apr,325,2,-1,0,unknown,no
57,housemaid,married,primary,no,2234,no,no,unknown,11,jun,201,5,-1,0,unknown,no
36,blue-collar,married,primary,no,223,yes,no,unknown,14,jul,12,3,-1,0,unknown,no
48,management,divorced,tertiary,no,313,no,no,cellular,8,may,208,1,-1,0,unknown,no
35,technician,married,secondary,no,0,yes,no,cellular,6,apr,139,1,-1,0,unknown,no
50,housemaid,married,primary,no,5296,no,no,cellular,19,nov,64,7,-1,0,unknown,no
34,blue-collar,married,secondary,no,-257,yes,no,cellular,15,may,160,1,368,4,failure,no
45,blue-collar,married,secondary,no,105,yes,yes,unknown,13,may,119,1,-1,0,unknown,no
53,technician,married,secondary,no,4930,no,yes,cellular,2,feb,228,2,-1,0,unknown,no
38,blue-collar,married,secondary,no,35,yes,no,unknown,28,may,130,2,-1,0,unknown,no
30,technician,single,secondary,no,728,yes,no,cellular,5,feb,393,1,261,1,other,no
37,self-employed,married,tertiary,no,0,no,no,unknown,6,jun,143,1,-1,0,unknown,no
29,admin.,married,secondary,no,6429,yes,yes,cellular,14,may,535,1,352,2,failure,no
34,management,single,tertiary,no,404,yes,no,cellular,5,feb,10,6,-1,0,unknown,no
38,services,married,secondary,no,2669,yes,no,cellular,20,apr,208,2,-1,0,unknown,no
37,management,single,unknown,no,715,yes,no,unknown,20,may,247,2,-1,0,unknown,no
35,blue-collar,married,secondary,no,674,yes,no,unknown,30,may,274,2,-1,0,unknown,no
33,management,single,tertiary,no,312,no,no,cellular,11,aug,271,1,369,3,failure,no
42,services,married,primary,no,473,yes,no,cellular,30,jan,54,1,-1,0,unknown,no
35,blue-collar,single,secondary,no,142,yes,no,cellular,7,may,266,2,168,1,failure,no
44,admin.,divorced,secondary,no,777,yes,no,cellular,18,may,517,3,350,2,failure,no
54,management,married,tertiary,no,2819,no,no,cellular,7,aug,123,3,-1,0,unknown,no
56,services,divorced,secondary,no,450,no,no,unknown,9,jun,47,1,-1,0,unknown,no
24,student,single,unknown,no,782,no,no,cellular,4,may,12,7,91,1,other,no
50,management,married,tertiary,no,-151,yes,no,cellular,18,nov,63,2,-1,0,unknown,no
31,blue-collar,married,primary,no,55,yes,yes,cellular,17,apr,340,2,-1,0,unknown,no
45,blue-collar,married,secondary,no,87,yes,no,cellular,14,may,96,1,360,3,failure,no
45,management,married,primary,no,4629,no,no,telephone,2,apr,285,2,-1,0,unknown,no
36,blue-collar,single,primary,no,2176,yes,no,unknown,28,may,52,2,-1,0,unknown,no
39,admin.,married,secondary,no,1388,yes,no,cellular,15,jul,150,5,-1,0,unknown,no
30,technician,single,secondary,no,281,no,no,cellular,12,aug,105,2,-1,0,unknown,no
40,technician,married,secondary,no,40,yes,no,cellular,21,nov,73,1,-1,0,unknown,no
30,admin.,divorced,primary,no,1032,yes,no,unknown,29,may,52,5,-1,0,unknown,no
47,technician,married,tertiary,yes,-813,yes,yes,unknown,16,jun,179,25,-1,0,unknown,no
34,admin.,married,secondary,no,79,yes,no,unknown,23,may,83,1,-1,0,unknown,no
31,blue-collar,single,secondary,no,1205,yes,no,cellular,16,apr,462,1,328,2,other,no
39,admin.,single,secondary,no,223,no,no,cellular,4,feb,277,1,-1,0,unknown,no
49,blue-collar,divorced,primary,no,0,yes,no,cellular,29,jul,468,2,-1,0,unknown,no
41,management,divorced,tertiary,no,107,yes,no,cellular,17,jul,122,17,-1,0,unknown,no
52,blue-collar,married,primary,no,1624,no,no,unknown,20,jun,114,3,-1,0,unknown,no
33,technician,single,tertiary,no,1257,yes,no,cellular,22,jul,66,1,-1,0,unknown,no
39,blue-collar,married,secondary,no,1403,no,no,cellular,11,may,214,8,326,2,failure,no
59,blue-collar,married,primary,no,416,no,no,unknown,16,jun,92,3,-1,0,unknown,no
35,technician,divorced,secondary,no,0,no,no,cellular,25,aug,124,4,-1,0,unknown,no
38,services,married,secondary,no,173,yes,no,unknown,20,may,130,2,-1,0,unknown,no
39,admin.,single,unknown,no,0,yes,no,cellular,11,may,62,1,-1,0,unknown,no
32,management,single,tertiary,no,1134,no,no,cellular,28,aug,85,4,-1,0,unknown,no
48,self-employed,single,unknown,no,0,no,no,unknown,18,jun,453,1,-1,0,unknown,no
37,services,divorced,secondary,no,239,yes,no,unknown,23,may,140,2,-1,0,unknown,no
47,technician,divorced,secondary,no,440,no,no,cellular,29,jan,147,1,-1,0,unknown,no
42,management,married,tertiary,no,877,yes,no,unknown,14,may,238,1,-1,0,unknown,no
47,self-employed,married,tertiary,no,192,no,no,telephone,30,jul,120,6,-1,0,unknown,no
49,blue-collar,married,primary,no,-232,no,yes,cellular,11,aug,106,2,-1,0,unknown,no
47,management,married,tertiary,no,761,yes,no,cellular,11,jul,80,2,-1,0,unknown,no
35,management,single,tertiary,no,0,no,no,cellular,18,aug,276,5,-1,0,unknown,no
51,blue-collar,married,primary,no,0,no,no,cellular,20,nov,85,1,-1,0,unknown,no
57,housemaid,married,primary,no,0,no,no,cellular,13,aug,189,2,-1,0,unknown,no
41,blue-collar,married,secondary,no,1954,no,no,cellular,18,nov,65,1,110,2,success,no
39,management,married,tertiary,no,839,no,yes,cellular,11,oct,365,2,774,11,failure,no
33,management,single,tertiary,no,576,no,no,cellular,25,may,220,1,111,2,other,no
32,management,married,tertiary,no,141,yes,no,cellular,4,may,78,3,89,9,success,no
33,technician,married,tertiary,no,8023,no,no,cellular,30,nov,107,1,105,3,failure,no
48,admin.,married,secondary,no,1131,no,yes,cellular,8,may,49,1,-1,0,unknown,no
55,management,married,primary,no,621,no,yes,cellular,2,feb,114,1,208,1,failure,no
28,management,married,tertiary,no,258,no,yes,cellular,17,apr,93,1,-1,0,unknown,no
51,management,divorced,tertiary,no,119,no,no,cellular,17,nov,200,1,165,2,failure,no
40,blue-collar,divorced,secondary,no,-90,yes,no,unknown,28,may,130,1,-1,0,unknown,no
35,services,married,secondary,no,0,yes,no,cellular,30,jul,251,3,-1,0,unknown,no
47,entrepreneur,divorced,secondary,no,392,yes,yes,cellular,19,nov,125,1,-1,0,unknown,no
35,management,single,tertiary,no,2486,yes,no,cellular,25,may,265,1,-1,0,unknown,no
56,blue-collar,married,secondary,no,1602,yes,no,unknown,6,may,427,1,-1,0,unknown,no
42,blue-collar,married,secondary,no,273,no,no,unknown,12,jun,315,1,-1,0,unknown,no
33,management,married,tertiary,no,307,no,no,unknown,16,may,806,4,-1,0,unknown,no
59,retired,divorced,secondary,no,93,no,no,unknown,26,may,193,2,-1,0,unknown,no
47,services,married,secondary,no,-150,no,no,cellular,14,aug,52,4,-1,0,unknown,no
31,admin.,single,tertiary,no,-218,yes,no,unknown,2,jun,227,15,-1,0,unknown,no
28,technician,single,tertiary,no,75,yes,yes,cellular,5,may,233,2,-1,0,unknown,no
56,technician,divorced,secondary,no,1480,yes,yes,cellular,5,feb,576,1,-1,0,unknown,no
31,services,single,secondary,no,6374,yes,no,unknown,23,may,922,2,-1,0,unknown,no
50,technician,married,primary,no,249,yes,no,unknown,6,may,129,1,-1,0,unknown,no
47,housemaid,married,tertiary,no,2290,no,no,cellular,15,apr,54,1,-1,0,unknown,no
36,management,married,primary,no,3953,yes,no,cellular,19,nov,277,1,-1,0,unknown,no
56,self-employed,married,tertiary,yes,0,no,no,cellular,19,nov,122,1,-1,0,unknown,no
38,management,married,tertiary,no,5432,yes,yes,cellular,17,apr,707,1,149,2,failure,no
40,management,married,secondary,no,4025,yes,no,cellular,15,jul,107,4,-1,0,unknown,no
38,technician,married,secondary,no,581,yes,no,unknown,6,may,79,1,-1,0,unknown,no
64,retired,married,tertiary,no,2139,no,no,cellular,14,oct,632,2,-1,0,unknown,no
32,blue-collar,married,secondary,no,-32,yes,no,cellular,12,may,145,1,-1,0,unknown,no
42,technician,married,secondary,no,1013,no,yes,cellular,28,aug,117,8,-1,0,unknown,no
51,management,married,tertiary,no,-3,no,no,cellular,21,aug,79,2,-1,0,unknown,no
37,management,married,tertiary,no,586,yes,no,cellular,11,jul,141,2,-1,0,unknown,no
52,management,married,tertiary,no,1944,yes,no,cellular,15,apr,238,3,323,2,failure,no
31,unemployed,married,secondary,no,20,no,no,telephone,18,nov,52,1,-1,0,unknown,no
34,services,single,secondary,no,4062,yes,yes,cellular,15,may,29,1,-1,0,unknown,no
38,services,married,primary,no,175,no,no,unknown,17,jun,132,2,-1,0,unknown,no
32,housemaid,married,primary,no,1349,yes,no,cellular,7,aug,132,2,-1,0,unknown,no
41,blue-collar,married,primary,no,6596,yes,no,cellular,20,nov,88,1,-1,0,unknown,no
29,blue-collar,married,primary,no,25,yes,no,unknown,4,jun,188,2,-1,0,unknown,no
48,entrepreneur,divorced,tertiary,no,0,yes,yes,unknown,20,jun,139,1,-1,0,unknown,no
45,blue-collar,married,primary,no,678,no,no,cellular,5,aug,104,3,-1,0,unknown,no
31,admin.,single,secondary,no,626,yes,no,unknown,21,may,211,1,-1,0,unknown,no
37,management,married,tertiary,no,165,no,no,cellular,24,aug,315,1,83,1,other,no
28,blue-collar,married,primary,no,-55,yes,no,unknown,7,may,361,2,-1,0,unknown,no
27,technician,divorced,secondary,no,21,yes,no,cellular,18,may,336,1,356,1,failure,no
33,services,married,primary,no,6904,no,no,telephone,20,nov,114,2,-1,0,unknown,no
31,management,married,tertiary,no,166,no,no,cellular,25,aug,392,6,-1,0,unknown,no
45,technician,divorced,secondary,no,0,no,no,cellular,26,aug,64,2,-1,0,unknown,no
34,technician,single,secondary,no,0,no,no,cellular,28,aug,195,6,-1,0,unknown,no
37,management,single,tertiary,no,600,yes,no,cellular,17,nov,116,2,196,1,failure,no
33,blue-collar,married,unknown,no,2655,yes,no,cellular,21,nov,195,1,-1,0,unknown,no
57,housemaid,divorced,primary,no,0,no,no,unknown,9,jun,97,1,-1,0,unknown,no
51,housemaid,married,primary,no,289,no,no,unknown,14,may,97,5,-1,0,unknown,no
25,blue-collar,single,secondary,no,-250,yes,no,unknown,13,may,456,1,-1,0,unknown,no
34,blue-collar,married,secondary,no,2595,yes,yes,cellular,17,apr,126,1,336,2,other,no
40,unemployed,married,secondary,no,1077,yes,yes,cellular,17,nov,148,2,-1,0,unknown,no
38,services,married,secondary,no,797,yes,no,cellular,20,apr,62,4,-1,0,unknown,no
39,admin.,married,secondary,no,3047,yes,no,cellular,11,may,279,1,370,2,failure,no
38,services,divorced,secondary,no,446,yes,no,unknown,18,jun,373,4,-1,0,unknown,no
42,technician,single,secondary,no,275,no,no,cellular,26,aug,31,8,-1,0,unknown,no
35,technician,single,secondary,no,196,yes,no,cellular,21,nov,318,1,-1,0,unknown,no
51,technician,married,secondary,no,1327,no,no,cellular,7,jul,21,2,-1,0,unknown,no
30,admin.,single,secondary,no,523,no,yes,cellular,12,jun,136,3,101,1,success,no
47,admin.,single,secondary,no,3957,yes,no,telephone,11,may,58,3,334,3,other,no
52,blue-collar,single,secondary,no,1541,yes,no,unknown,14,may,243,1,-1,0,unknown,no
34,technician,divorced,secondary,no,-276,yes,no,unknown,29,may,175,3,-1,0,unknown,no
31,management,single,tertiary,no,2983,yes,no,cellular,2,jul,153,1,-1,0,unknown,no
34,management,single,tertiary,no,171,yes,no,cellular,7,may,191,1,294,1,failure,no
36,management,married,tertiary,no,0,yes,no,unknown,27,may,145,2,-1,0,unknown,no
42,admin.,divorced,secondary,no,-249,yes,no,cellular,14,jul,149,3,-1,0,unknown,no
33,management,married,tertiary,no,455,yes,yes,unknown,29,may,122,10,-1,0,unknown,no
46,management,married,secondary,no,0,no,no,cellular,27,aug,38,6,-1,0,unknown,no
36,technician,single,secondary,no,7503,yes,no,unknown,4,jun,25,1,-1,0,unknown,no
31,blue-collar,single,secondary,no,530,no,yes,cellular,18,nov,251,2,-1,0,unknown,no
52,management,married,tertiary,no,1319,yes,no,cellular,17,nov,113,1,-1,0,unknown,no
44,management,married,tertiary,no,4087,yes,no,unknown,19,may,457,5,-1,0,unknown,no
44,blue-collar,married,primary,no,2,no,yes,telephone,7,jul,46,2,-1,0,unknown,no
52,management,married,tertiary,no,499,no,no,cellular,6,aug,115,4,-1,0,unknown,no
36,entrepreneur,married,tertiary,no,2700,no,no,cellular,4,feb,99,3,-1,0,unknown,no
52,management,married,secondary,no,189,no,no,cellular,22,aug,90,2,-1,0,unknown,no
30,technician,single,secondary,no,426,yes,no,telephone,17,nov,127,4,111,6,failure,no
52,self-employed,divorced,secondary,no,1291,yes,no,cellular,19,nov,559,1,169,2,failure,no
35,management,married,tertiary,no,105,yes,no,cellular,6,may,36,1,365,3,failure,no
54,entrepreneur,married,secondary,no,0,no,no,unknown,9,jun,96,1,-1,0,unknown,no
31,self-employed,single,secondary,no,203,no,yes,cellular,19,nov,177,1,-1,0,unknown,no
32,technician,married,tertiary,no,3850,yes,no,cellular,20,apr,63,4,-1,0,unknown,no
59,blue-collar,married,secondary,yes,-918,yes,no,unknown,16,jun,253,2,-1,0,unknown,no
28,blue-collar,single,secondary,no,-193,no,no,cellular,18,jul,580,7,-1,0,unknown,no
39,management,married,tertiary,no,0,yes,yes,cellular,17,jul,301,1,-1,0,unknown,no
33,admin.,single,secondary,no,598,yes,no,unknown,28,may,189,1,-1,0,unknown,no
30,admin.,married,tertiary,no,26,yes,no,cellular,16,apr,62,1,323,1,failure,no
59,retired,married,primary,no,-411,no,no,cellular,29,jan,225,1,-1,0,unknown,no
44,blue-collar,single,secondary,no,36,yes,no,unknown,8,may,712,1,-1,0,unknown,no
55,unemployed,married,secondary,no,512,no,no,cellular,28,jan,70,1,-1,0,unknown,no
26,blue-collar,single,secondary,no,786,yes,yes,unknown,14,may,103,5,-1,0,unknown,no
40,management,married,tertiary,no,423,yes,no,cellular,30,jul,134,24,-1,0,unknown,no
37,services,married,secondary,no,1694,yes,yes,cellular,29,jan,404,2,251,6,failure,no
47,technician,married,secondary,no,644,no,no,telephone,28,jan,54,3,160,13,failure,no
39,admin.,married,tertiary,no,1322,yes,no,cellular,24,sep,157,3,486,1,other,no
36,technician,single,secondary,yes,0,no,yes,cellular,26,aug,109,14,-1,0,unknown,no
33,blue-collar,married,secondary,yes,2,no,no,unknown,23,may,74,4,-1,0,unknown,no
30,management,single,tertiary,no,552,yes,no,cellular,5,aug,648,2,-1,0,unknown,no
54,admin.,married,secondary,no,0,yes,yes,cellular,23,jul,117,1,-1,0,unknown,no
36,management,married,secondary,no,1989,no,no,unknown,17,jun,344,2,-1,0,unknown,no
34,admin.,single,secondary,no,598,yes,no,cellular,17,apr,365,1,324,1,failure,no
66,retired,married,secondary,no,3473,no,no,cellular,14,apr,441,2,-1,0,unknown,no
63,housemaid,married,secondary,no,2,no,no,cellular,4,feb,45,2,93,1,success,no
24,services,single,secondary,no,11,yes,no,unknown,27,jun,114,4,-1,0,unknown,no
58,retired,divorced,tertiary,no,499,yes,yes,cellular,29,jan,181,1,-1,0,unknown,no
37,technician,single,secondary,no,6714,yes,no,unknown,23,may,90,1,-1,0,unknown,no
35,blue-collar,married,primary,no,623,yes,no,cellular,6,may,97,2,-1,0,unknown,no
28,student,single,tertiary,no,2306,no,no,cellular,29,oct,140,2,-1,0,unknown,no
32,technician,single,secondary,no,12,no,no,cellular,7,aug,173,2,-1,0,unknown,no
34,blue-collar,married,unknown,no,391,yes,yes,unknown,23,may,34,2,-1,0,unknown,no
46,admin.,divorced,secondary,no,875,yes,yes,cellular,11,may,269,3,353,2,failure,no
78,retired,divorced,secondary,no,631,no,no,telephone,11,aug,95,1,-1,0,unknown,no
80,retired,married,secondary,no,1610,no,no,cellular,12,aug,71,1,-1,0,unknown,no
50,management,married,tertiary,no,11528,yes,no,unknown,30,may,57,1,-1,0,unknown,no
36,management,married,tertiary,no,909,yes,yes,cellular,25,jul,250,3,-1,0,unknown,no
56,technician,married,secondary,no,147,no,no,cellular,12,apr,203,1,-1,0,unknown,no
55,retired,divorced,secondary,no,282,yes,no,unknown,5,jun,99,2,-1,0,unknown,no
46,technician,married,secondary,no,792,no,no,unknown,5,jun,170,2,-1,0,unknown,no
34,management,married,tertiary,no,417,yes,no,cellular,18,nov,138,1,-1,0,unknown,no
55,blue-collar,single,primary,no,1187,yes,no,unknown,2,jun,193,2,-1,0,unknown,no
29,technician,single,tertiary,no,910,yes,no,cellular,11,may,278,1,-1,0,unknown,no
28,management,single,secondary,no,-994,yes,yes,cellular,18,jul,174,2,-1,0,unknown,no
44,services,married,secondary,no,850,no,yes,cellular,16,jul,220,5,-1,0,unknown,no
55,entrepreneur,married,secondary,no,814,no,yes,cellular,28,jul,69,12,-1,0,unknown,no
35,services,married,secondary,no,819,yes,no,telephone,14,jul,102,14,-1,0,unknown,no
47,admin.,married,secondary,no,1265,no,no,cellular,7,aug,137,2,-1,0,unknown,no
42,admin.,single,secondary,no,1143,yes,yes,telephone,17,nov,106,1,-1,0,unknown,no
26,admin.,single,secondary,no,-12,yes,no,unknown,4,jun,98,1,-1,0,unknown,no
30,admin.,single,secondary,no,186,yes,no,cellular,13,may,390,1,-1,0,unknown,no
31,self-employed,single,tertiary,no,17924,yes,no,cellular,21,nov,608,3,-1,0,unknown,no
32,blue-collar,married,primary,no,388,yes,no,cellular,15,apr,171,2,-1,0,unknown,no
37,admin.,single,secondary,no,781,no,no,cellular,20,aug,75,1,-1,0,unknown,no
41,management,married,tertiary,no,223,yes,no,unknown,16,may,124,1,-1,0,unknown,no
30,blue-collar,single,primary,no,185,no,no,unknown,26,jun,11,1,-1,0,unknown,no
33,entrepreneur,married,secondary,no,5809,yes,no,cellular,22,aug,219,4,-1,0,unknown,no
32,blue-collar,married,secondary,no,897,yes,no,cellular,7,apr,293,3,322,2,failure,no
55,blue-collar,divorced,secondary,no,7378,no,no,unknown,14,may,316,3,-1,0,unknown,no
46,management,single,tertiary,no,593,yes,no,cellular,29,jan,190,3,-1,0,unknown,no
34,management,married,tertiary,no,3031,no,no,cellular,14,aug,94,6,-1,0,unknown,no
24,admin.,single,tertiary,no,1141,yes,no,unknown,23,may,230,1,-1,0,unknown,no
44,management,married,tertiary,no,1850,yes,no,cellular,6,may,274,1,-1,0,unknown,no
49,management,divorced,tertiary,no,178,no,no,cellular,6,aug,174,2,-1,0,unknown,no
43,entrepreneur,single,tertiary,no,42,no,no,cellular,7,jul,285,1,-1,0,unknown,no
29,admin.,single,tertiary,no,8,no,yes,cellular,2,mar,107,1,-1,0,unknown,no
52,housemaid,married,primary,no,256,no,no,cellular,6,aug,137,1,-1,0,unknown,no
61,blue-collar,divorced,primary,no,1428,yes,no,unknown,5,may,82,2,-1,0,unknown,no
52,services,married,secondary,no,108,yes,no,unknown,15,may,543,12,-1,0,unknown,no
38,admin.,married,secondary,no,47,yes,yes,cellular,31,jul,50,11,-1,0,unknown,no
51,housemaid,married,primary,no,618,yes,yes,cellular,4,feb,69,1,-1,0,unknown,no
29,self-employed,single,tertiary,no,162,no,yes,cellular,25,jul,324,1,-1,0,unknown,no
55,technician,married,secondary,no,6958,yes,yes,unknown,13,may,178,2,-1,0,unknown,no
27,blue-collar,married,secondary,no,821,yes,yes,unknown,16,sep,23,1,778,41,other,no
25,management,single,secondary,no,1272,yes,no,cellular,24,jul,342,2,-1,0,unknown,no
46,admin.,divorced,secondary,no,3201,yes,no,telephone,13,may,157,3,-1,0,unknown,no
26,services,single,secondary,no,1114,no,no,cellular,9,feb,44,2,-1,0,unknown,no
49,blue-collar,married,secondary,no,3309,yes,no,cellular,15,may,349,2,-1,0,unknown,no
49,services,married,secondary,no,1377,yes,no,unknown,7,may,1101,1,-1,0,unknown,no
43,housemaid,married,secondary,no,150,no,no,telephone,28,jul,290,7,-1,0,unknown,no
57,technician,married,secondary,no,458,no,yes,cellular,15,jul,177,3,-1,0,unknown,no
38,technician,married,secondary,no,565,no,no,cellular,20,aug,93,2,-1,0,unknown,no
40,blue-collar,married,primary,no,236,yes,no,unknown,20,may,167,2,-1,0,unknown,no
38,management,single,tertiary,no,1704,no,no,cellular,1,sep,222,1,-1,0,unknown,no
55,admin.,divorced,secondary,no,1693,no,no,cellular,10,aug,247,1,102,3,success,no
31,self-employed,married,primary,no,1074,yes,no,unknown,23,may,1438,2,-1,0,unknown,no
30,unemployed,married,secondary,no,142,yes,no,unknown,20,may,350,4,-1,0,unknown,no
37,admin.,single,secondary,no,810,yes,no,cellular,8,apr,376,1,295,1,failure,no
36,management,married,tertiary,no,1604,yes,no,unknown,11,jun,47,3,-1,0,unknown,no
39,admin.,divorced,secondary,no,399,yes,yes,cellular,14,aug,133,2,-1,0,unknown,no
33,technician,married,secondary,no,3071,yes,yes,cellular,21,jul,323,1,-1,0,unknown,no
43,blue-collar,divorced,primary,no,177,no,no,cellular,3,feb,124,1,-1,0,unknown,no
40,management,married,tertiary,no,10786,no,no,unknown,20,jun,111,3,-1,0,unknown,no
59,admin.,married,primary,no,879,yes,no,cellular,30,jan,126,5,259,7,failure,no
38,blue-collar,divorced,secondary,no,2998,yes,no,unknown,11,jun,91,1,-1,0,unknown,no
35,technician,married,secondary,no,249,no,no,cellular,21,aug,205,8,-1,0,unknown,no
44,technician,married,tertiary,no,964,no,no,cellular,29,jul,158,2,-1,0,unknown,no
52,admin.,divorced,secondary,no,361,no,yes,cellular,20,nov,147,1,-1,0,unknown,no
40,admin.,single,secondary,no,782,yes,no,cellular,21,dec,94,5,202,17,failure,no
44,management,married,secondary,no,488,no,yes,cellular,29,jan,138,2,183,11,failure,no
53,technician,married,secondary,no,287,no,no,telephone,6,feb,13,5,-1,0,unknown,no
53,admin.,married,secondary,no,578,no,no,cellular,29,aug,59,2,-1,0,unknown,no
29,admin.,single,secondary,no,3794,no,no,cellular,30,apr,249,1,-1,0,unknown,no
58,services,married,primary,no,943,yes,no,unknown,3,jun,243,3,-1,0,unknown,no
60,blue-collar,married,secondary,no,19447,yes,no,telephone,9,jul,196,1,-1,0,unknown,no
23,student,single,unknown,no,565,no,no,cellular,28,may,162,7,-1,0,unknown,no
28,admin.,married,secondary,no,5,yes,no,cellular,18,jul,121,1,-1,0,unknown,no
23,student,single,secondary,no,9216,no,no,cellular,5,jun,471,2,-1,0,unknown,no
30,entrepreneur,married,secondary,no,2551,yes,no,unknown,5,jun,142,2,-1,0,unknown,no
29,admin.,married,secondary,no,-150,yes,no,unknown,6,may,328,1,-1,0,unknown,no
43,admin.,single,tertiary,no,664,yes,no,cellular,17,apr,119,1,-1,0,unknown,no
31,entrepreneur,divorced,secondary,no,290,yes,no,cellular,13,apr,230,1,-1,0,unknown,no
56,admin.,married,secondary,no,360,yes,yes,cellular,24,jul,98,2,-1,0,unknown,no
34,management,married,tertiary,no,1352,no,no,cellular,8,aug,265,2,-1,0,unknown,no
40,admin.,divorced,secondary,no,221,yes,no,unknown,13,may,154,2,-1,0,unknown,no
48,blue-collar,married,primary,no,-254,no,yes,cellular,29,aug,134,4,-1,0,unknown,no
46,services,married,secondary,no,1757,yes,no,unknown,14,may,380,4,-1,0,unknown,no
37,services,single,secondary,no,934,yes,no,unknown,16,may,242,3,-1,0,unknown,no
34,unemployed,married,secondary,no,438,yes,yes,cellular,9,apr,272,1,323,1,failure,no
31,services,married,secondary,no,0,yes,no,cellular,29,jan,224,2,-1,0,unknown,no
38,blue-collar,married,secondary,no,-367,yes,yes,cellular,12,may,354,1,-1,0,unknown,no
27,admin.,single,secondary,no,592,yes,yes,cellular,5,feb,466,3,-1,0,unknown,no
56,blue-collar,married,primary,no,-85,yes,yes,unknown,26,may,118,1,-1,0,unknown,no
48,management,married,tertiary,no,263,yes,no,unknown,5,may,350,2,-1,0,unknown,no
32,blue-collar,single,secondary,no,604,no,no,cellular,30,jan,410,2,196,2,other,no
32,blue-collar,married,primary,no,1518,yes,no,telephone,6,feb,35,3,-1,0,unknown,no
31,admin.,married,secondary,no,535,no,no,unknown,9,may,249,3,-1,0,unknown,no
31,blue-collar,single,secondary,no,33,yes,no,unknown,15,may,214,4,-1,0,unknown,no
36,technician,married,tertiary,no,1327,no,no,cellular,29,oct,174,2,-1,0,unknown,no
18,student,single,secondary,no,5,no,no,cellular,24,aug,143,2,-1,0,unknown,no
45,blue-collar,married,secondary,no,2071,no,yes,telephone,22,jul,1148,2,-1,0,unknown,no
43,management,single,tertiary,no,0,no,no,cellular,11,aug,155,2,-1,0,unknown,no
45,services,married,unknown,no,318,no,no,cellular,16,jul,63,2,-1,0,unknown,no
47,housemaid,divorced,primary,no,1405,no,no,unknown,12,jun,127,1,-1,0,unknown,no
35,blue-collar,married,tertiary,no,5271,yes,no,cellular,14,apr,119,2,-1,0,unknown,no
31,management,married,tertiary,no,3914,no,yes,cellular,29,jan,266,1,-1,0,unknown,no
39,management,single,tertiary,no,0,yes,no,cellular,12,may,561,4,369,3,failure,no
43,technician,single,secondary,no,1462,no,no,unknown,9,jun,75,2,-1,0,unknown,no
47,management,married,primary,no,4151,yes,no,unknown,14,may,114,1,-1,0,unknown,no
45,entrepreneur,married,tertiary,no,219,yes,yes,cellular,28,jul,118,4,-1,0,unknown,no
36,technician,married,tertiary,no,4388,no,no,cellular,8,aug,52,3,-1,0,unknown,no
38,technician,divorced,secondary,no,1221,yes,yes,cellular,18,aug,73,7,-1,0,unknown,no
35,technician,married,secondary,no,0,no,no,cellular,14,jul,125,2,-1,0,unknown,no
34,entrepreneur,married,secondary,no,1368,yes,no,cellular,18,nov,252,2,-1,0,unknown,no
36,unemployed,married,secondary,no,-35,no,no,cellular,30,jan,339,3,-1,0,unknown,no
51,admin.,married,primary,no,1330,yes,no,unknown,15,may,415,8,-1,0,unknown,no
34,management,married,tertiary,no,11,yes,no,cellular,17,jul,654,1,-1,0,unknown,no
54,management,married,secondary,no,0,no,no,cellular,19,nov,106,1,-1,0,unknown,no
58,services,married,primary,no,65,no,no,unknown,27,jun,162,1,-1,0,unknown,no
31,admin.,married,secondary,no,368,yes,no,cellular,5,may,414,5,361,3,other,no
45,technician,married,secondary,no,3492,yes,yes,unknown,20,jun,46,4,-1,0,unknown,no
29,management,single,tertiary,no,-11,yes,no,cellular,14,may,164,2,-1,0,unknown,no
36,management,married,tertiary,no,-547,yes,no,cellular,30,apr,267,1,259,2,failure,no
39,management,married,tertiary,no,562,no,no,cellular,13,sep,303,2,-1,0,unknown,no
53,blue-collar,divorced,primary,no,4222,no,no,unknown,9,jun,112,1,-1,0,unknown,no
38,services,single,secondary,no,0,yes,no,unknown,27,may,166,2,-1,0,unknown,no
40,services,married,secondary,no,0,yes,yes,cellular,2,feb,226,2,-1,0,unknown,no
51,technician,single,tertiary,no,11222,yes,no,cellular,21,nov,126,2,171,7,failure,no
33,admin.,married,secondary,no,1737,no,no,cellular,30,apr,524,2,-1,0,unknown,no
30,technician,single,secondary,no,54,no,no,cellular,11,aug,194,2,-1,0,unknown,no
61,technician,married,primary,no,2282,no,no,cellular,25,nov,1092,1,-1,0,unknown,no
34,technician,single,tertiary,no,184,yes,no,cellular,30,jul,87,3,-1,0,unknown,no
45,technician,married,unknown,no,886,yes,no,cellular,13,oct,75,2,42,1,failure,no
38,blue-collar,married,primary,no,4592,yes,no,cellular,12,may,360,1,-1,0,unknown,no
52,technician,married,secondary,no,-38,no,no,unknown,6,jun,613,1,-1,0,unknown,no
28,blue-collar,single,primary,no,431,yes,no,cellular,13,may,68,2,363,2,failure,no
42,technician,divorced,secondary,no,1689,yes,no,cellular,31,jul,50,2,-1,0,unknown,no
52,technician,married,tertiary,no,7,no,yes,unknown,5,may,175,1,-1,0,unknown,no
27,management,single,secondary,no,35,no,no,cellular,4,jul,255,1,-1,0,unknown,no
51,blue-collar,married,primary,no,216,yes,no,cellular,17,apr,666,3,274,3,failure,no
44,admin.,married,secondary,no,764,yes,no,cellular,3,sep,232,1,213,1,failure,no
54,self-employed,married,tertiary,no,368,no,no,telephone,31,jul,7,4,-1,0,unknown,no
25,admin.,single,secondary,no,96,yes,no,unknown,9,may,176,2,-1,0,unknown,no
33,unemployed,single,tertiary,no,157,yes,no,unknown,26,may,897,5,-1,0,unknown,no
60,retired,married,primary,no,71,no,no,cellular,10,jul,121,3,-1,0,unknown,no
27,services,single,secondary,no,223,yes,yes,cellular,13,may,297,2,-1,0,unknown,no
23,technician,single,secondary,no,-782,yes,yes,unknown,19,jun,197,10,-1,0,unknown,no
33,management,single,tertiary,no,1240,yes,no,cellular,4,feb,505,2,260,1,other,no
36,admin.,single,secondary,no,191,yes,no,cellular,25,jul,18,7,-1,0,unknown,no
36,admin.,single,secondary,no,0,yes,no,cellular,21,nov,139,2,-1,0,unknown,no
70,retired,married,primary,no,3782,no,no,cellular,16,mar,618,1,-1,0,unknown,no
52,management,married,tertiary,no,6,no,no,telephone,19,oct,57,1,-1,0,unknown,no
34,admin.,single,secondary,no,88,yes,no,unknown,27,may,169,2,-1,0,unknown,no
54,entrepreneur,married,tertiary,no,84,no,no,cellular,29,jul,34,2,-1,0,unknown,no
32,management,married,tertiary,no,937,no,no,cellular,26,may,61,1,190,1,failure,no
38,blue-collar,married,secondary,no,3598,no,no,unknown,6,jun,154,1,-1,0,unknown,no
40,blue-collar,married,primary,no,1206,no,yes,telephone,16,jul,201,5,-1,0,unknown,no
42,entrepreneur,married,secondary,no,46,no,no,cellular,2,feb,1013,1,-1,0,unknown,no
32,technician,married,secondary,no,-300,no,no,cellular,28,aug,226,9,-1,0,unknown,no
54,services,married,unknown,no,386,no,yes,cellular,19,nov,74,1,152,1,success,no
36,management,divorced,tertiary,no,14930,no,no,cellular,23,jul,190,1,-1,0,unknown,no
28,student,single,tertiary,no,3733,yes,no,cellular,21,aug,419,5,91,7,success,no
43,technician,married,secondary,no,994,yes,yes,cellular,5,may,51,1,-1,0,unknown,no
25,blue-collar,married,secondary,no,758,yes,no,unknown,28,may,504,3,-1,0,unknown,no
31,management,married,tertiary,no,256,yes,no,cellular,7,jul,28,24,-1,0,unknown,no
60,retired,married,tertiary,no,3461,no,no,cellular,3,feb,128,2,-1,0,unknown,no
50,housemaid,married,secondary,no,388,no,no,cellular,8,jun,152,2,89,2,success,no
57,housemaid,married,primary,no,260,yes,no,unknown,16,may,38,3,-1,0,unknown,no
38,self-employed,divorced,secondary,no,0,yes,no,cellular,20,apr,84,1,-1,0,unknown,no
46,services,divorced,unknown,no,3390,no,no,unknown,20,jun,152,3,-1,0,unknown,no
52,self-employed,single,primary,no,217,no,yes,cellular,15,jul,193,6,-1,0,unknown,no
44,admin.,single,secondary,no,275,yes,no,cellular,14,may,7,5,367,4,failure,no
39,management,married,primary,no,738,yes,yes,cellular,18,jul,215,3,-1,0,unknown,no
43,management,divorced,tertiary,no,1133,yes,no,cellular,5,may,131,1,-1,0,unknown,no
42,admin.,single,secondary,no,4253,yes,no,cellular,13,may,146,1,-1,0,unknown,no
53,unemployed,married,secondary,no,582,yes,no,unknown,8,may,96,2,-1,0,unknown,no
44,entrepreneur,married,tertiary,no,3463,yes,yes,cellular,28,aug,210,3,-1,0,unknown,no
37,technician,married,secondary,no,5953,no,no,cellular,5,aug,1113,1,-1,0,unknown,no
45,retired,divorced,secondary,no,1735,no,yes,unknown,17,jun,306,1,-1,0,unknown,no
60,admin.,married,primary,no,-444,no,yes,cellular,16,jul,227,1,-1,0,unknown,no
44,admin.,married,secondary,no,262,yes,no,cellular,9,jul,74,1,-1,0,unknown,no
30,management,single,tertiary,no,6392,yes,no,cellular,5,may,335,1,-1,0,unknown,no
47,unknown,married,unknown,no,194,no,no,cellular,4,aug,108,1,-1,0,unknown,no
74,retired,divorced,primary,no,2308,no,no,telephone,16,sep,251,2,535,2,success,no
31,technician,single,secondary,no,109,yes,no,unknown,21,may,419,1,-1,0,unknown,no
23,blue-collar,married,secondary,no,94,yes,no,unknown,5,may,193,1,-1,0,unknown,no
43,management,divorced,unknown,no,7702,no,no,cellular,1,sep,108,7,102,3,success,no
38,technician,married,tertiary,no,127,yes,no,cellular,14,oct,113,1,50,2,success,no
43,blue-collar,married,secondary,no,1096,no,yes,unknown,30,may,180,1,-1,0,unknown,no
45,services,married,secondary,no,0,no,no,cellular,11,jul,106,2,-1,0,unknown,no
59,blue-collar,married,primary,no,625,no,no,cellular,9,jul,133,1,-1,0,unknown,no
48,blue-collar,married,secondary,no,3776,no,no,telephone,4,may,254,4,-1,0,unknown,no
34,blue-collar,single,secondary,no,79,no,yes,cellular,20,nov,104,1,-1,0,unknown,no
40,management,married,tertiary,no,964,yes,no,telephone,13,may,95,3,-1,0,unknown,no
27,blue-collar,single,secondary,no,240,yes,no,cellular,18,may,166,4,-1,0,unknown,no
26,technician,single,tertiary,no,686,yes,no,unknown,30,may,98,2,-1,0,unknown,no
35,technician,married,secondary,no,149,yes,no,cellular,29,jan,99,1,245,2,failure,no
39,technician,married,tertiary,no,11766,yes,no,cellular,14,aug,313,4,102,5,failure,no
31,technician,single,secondary,no,137,no,no,cellular,27,aug,27,14,-1,0,unknown,no
27,admin.,married,secondary,no,16,yes,no,cellular,3,feb,54,3,-1,0,unknown,no
35,blue-collar,married,tertiary,no,1016,yes,no,cellular,17,jul,294,2,-1,0,unknown,no
53,housemaid,divorced,secondary,no,292,no,no,unknown,12,jun,92,2,-1,0,unknown,no
58,retired,single,primary,no,999,no,no,cellular,25,jul,188,6,-1,0,unknown,no
30,services,single,secondary,no,-100,yes,yes,cellular,15,may,292,1,-1,0,unknown,no
53,blue-collar,married,secondary,no,1653,no,no,unknown,17,jun,88,2,-1,0,unknown,no
40,self-employed,married,secondary,no,1516,yes,yes,unknown,23,may,373,1,-1,0,unknown,no
48,services,married,secondary,no,127,no,no,cellular,8,jul,117,1,-1,0,unknown,no
30,management,single,tertiary,no,2876,no,no,cellular,6,aug,103,4,-1,0,unknown,no
40,blue-collar,married,secondary,no,475,yes,no,unknown,5,may,332,2,-1,0,unknown,no
29,blue-collar,single,secondary,no,244,yes,no,cellular,15,may,19,2,-1,0,unknown,no
42,management,married,tertiary,no,386,yes,no,unknown,7,may,168,1,-1,0,unknown,no
57,services,divorced,primary,no,1367,no,no,unknown,9,jun,144,3,-1,0,unknown,no
47,blue-collar,married,secondary,no,303,no,no,unknown,11,jun,261,1,-1,0,unknown,no
57,services,divorced,secondary,no,-752,yes,no,unknown,28,may,102,1,-1,0,unknown,no
40,retired,married,tertiary,no,794,no,no,unknown,9,may,138,1,-1,0,unknown,no
53,management,married,tertiary,no,5261,no,yes,cellular,25,jul,1209,3,-1,0,unknown,no
26,admin.,single,secondary,no,712,yes,no,unknown,6,may,232,1,-1,0,unknown,no
42,technician,married,secondary,no,827,no,no,cellular,25,aug,153,3,-1,0,unknown,no
32,services,married,secondary,no,-344,no,yes,cellular,4,feb,44,1,-1,0,unknown,no
40,housemaid,divorced,secondary,no,4328,no,no,cellular,20,aug,133,2,-1,0,unknown,no
32,technician,married,secondary,no,11431,no,no,cellular,12,aug,141,5,-1,0,unknown,no
44,blue-collar,married,primary,no,140,yes,no,unknown,15,may,7,9,-1,0,unknown,no
41,blue-collar,married,primary,no,-441,yes,no,cellular,5,may,352,1,-1,0,unknown,no
31,services,married,secondary,no,182,no,no,cellular,20,aug,231,2,-1,0,unknown,no
47,technician,married,secondary,no,2283,yes,no,cellular,21,nov,170,2,-1,0,unknown,no
32,admin.,married,secondary,no,20011,no,no,cellular,20,apr,234,1,-1,0,unknown,no
31,entrepreneur,single,secondary,no,159,yes,no,cellular,21,nov,66,1,182,1,failure,no
30,technician,single,secondary,no,-754,yes,yes,unknown,26,may,974,1,-1,0,unknown,no
36,management,single,secondary,no,992,no,no,unknown,6,jun,351,1,-1,0,unknown,no
52,self-employed,married,secondary,no,517,no,no,cellular,26,aug,77,4,-1,0,unknown,no
44,unemployed,married,primary,no,97,yes,no,unknown,5,jun,105,3,-1,0,unknown,no
42,management,divorced,tertiary,no,0,no,no,unknown,19,may,131,2,-1,0,unknown,no
46,admin.,married,secondary,no,1264,no,no,telephone,28,jan,100,2,-1,0,unknown,no
22,student,single,secondary,no,64,no,no,cellular,4,jun,112,1,-1,0,unknown,no
50,technician,married,secondary,no,2497,yes,no,cellular,21,nov,35,1,176,1,failure,no
50,technician,single,secondary,no,-97,yes,no,cellular,8,apr,425,1,306,2,failure,no
39,blue-collar,married,secondary,no,94,yes,yes,cellular,19,nov,181,1,-1,0,unknown,no
45,management,married,secondary,no,21,yes,no,unknown,3,jun,788,2,-1,0,unknown,no
51,technician,married,secondary,no,564,no,yes,cellular,8,jul,187,2,-1,0,unknown,no
60,self-employed,married,primary,no,46,yes,no,unknown,6,may,202,4,-1,0,unknown,no
34,management,single,tertiary,no,0,yes,yes,cellular,26,may,197,2,98,1,other,no
35,blue-collar,married,primary,no,2490,yes,no,cellular,18,may,170,1,180,3,failure,no
26,blue-collar,single,secondary,no,184,no,no,cellular,3,feb,110,2,6,1,other,no
33,technician,married,secondary,yes,72,yes,no,unknown,6,may,623,1,-1,0,unknown,no
38,blue-collar,single,primary,no,0,yes,no,cellular,7,may,350,2,-1,0,unknown,no
42,management,married,tertiary,no,0,no,no,cellular,13,aug,325,2,-1,0,unknown,no
30,management,single,tertiary,no,565,yes,no,cellular,26,oct,104,1,-1,0,unknown,no
23,technician,single,secondary,no,598,no,no,cellular,30,apr,166,1,-1,0,unknown,no
33,technician,married,tertiary,no,5641,no,no,cellular,18,aug,168,2,-1,0,unknown,no
40,blue-collar,single,secondary,no,1066,yes,no,unknown,21,may,171,1,-1,0,unknown,no
58,retired,married,secondary,no,35,no,no,cellular,29,jul,336,7,-1,0,unknown,no
38,admin.,divorced,secondary,no,930,yes,no,cellular,5,may,46,1,-1,0,unknown,no
34,management,divorced,secondary,no,291,no,no,cellular,7,aug,91,2,-1,0,unknown,no
46,blue-collar,married,primary,no,1303,no,no,cellular,4,aug,174,1,-1,0,unknown,no
34,admin.,married,tertiary,no,788,yes,no,cellular,5,feb,269,1,-1,0,unknown,no
50,blue-collar,married,primary,no,-37,yes,no,unknown,12,may,78,3,-1,0,unknown,no
30,blue-collar,single,secondary,no,522,no,no,cellular,6,feb,197,3,-1,0,unknown,no
50,management,divorced,tertiary,no,60,no,no,cellular,19,aug,255,2,-1,0,unknown,no
53,admin.,divorced,secondary,no,0,yes,yes,cellular,30,apr,586,2,-1,0,unknown,no
38,entrepreneur,married,tertiary,no,678,no,yes,cellular,18,nov,82,2,152,1,failure,no
59,unknown,married,unknown,no,2443,no,no,unknown,20,jun,8,8,-1,0,unknown,no
21,student,single,tertiary,no,1258,no,no,cellular,7,jul,404,1,-1,0,unknown,no
57,admin.,divorced,secondary,no,0,no,no,cellular,9,sep,121,2,-1,0,unknown,no
36,management,married,tertiary,no,332,yes,no,cellular,22,may,566,7,-1,0,unknown,no
30,admin.,single,secondary,no,2702,yes,no,cellular,24,jul,129,2,-1,0,unknown,no
58,admin.,married,secondary,no,1813,yes,no,telephone,17,jul,15,1,-1,0,unknown,no
28,blue-collar,single,secondary,no,1106,yes,no,cellular,17,apr,73,2,-1,0,unknown,no
33,student,single,unknown,no,2321,no,no,cellular,15,apr,699,2,381,2,failure,no
56,admin.,married,secondary,no,33,no,yes,cellular,19,nov,111,1,-1,0,unknown,no
50,management,married,tertiary,no,101,yes,no,unknown,15,may,348,1,-1,0,unknown,no
37,technician,single,secondary,no,-59,yes,no,cellular,22,jul,70,1,-1,0,unknown,no
49,services,married,secondary,no,486,yes,yes,unknown,30,may,43,2,-1,0,unknown,no
54,retired,married,primary,no,136,yes,no,cellular,3,apr,352,1,332,2,failure,no
43,management,married,tertiary,no,8,no,no,cellular,11,aug,95,4,-1,0,unknown,no
35,blue-collar,single,primary,no,21,yes,no,unknown,27,may,129,1,-1,0,unknown,no
55,technician,married,secondary,no,570,no,no,cellular,27,aug,94,6,-1,0,unknown,no
57,blue-collar,married,secondary,no,6004,yes,no,cellular,12,aug,157,6,-1,0,unknown,no
63,technician,married,secondary,no,896,yes,no,cellular,28,jan,115,3,91,4,other,no
36,management,married,tertiary,no,4,no,yes,cellular,29,jul,261,6,-1,0,unknown,no
60,retired,married,primary,no,894,yes,no,unknown,15,may,65,7,-1,0,unknown,no
42,management,married,tertiary,no,478,no,yes,cellular,8,jul,165,1,-1,0,unknown,no
33,admin.,married,secondary,no,30,yes,no,telephone,5,may,125,2,-1,0,unknown,no
33,management,single,tertiary,no,2360,yes,no,cellular,20,nov,268,1,-1,0,unknown,no
31,technician,single,secondary,no,1282,no,no,cellular,12,may,144,1,460,2,failure,no
33,management,single,tertiary,no,5276,no,no,cellular,4,nov,572,1,-1,0,unknown,no
36,management,single,tertiary,no,1089,yes,no,unknown,30,may,126,1,-1,0,unknown,no
29,blue-collar,married,primary,no,544,no,yes,cellular,21,jul,121,4,-1,0,unknown,no
36,management,married,tertiary,no,8564,yes,no,unknown,23,may,125,1,-1,0,unknown,no
41,admin.,married,tertiary,no,5426,yes,no,unknown,14,may,149,2,-1,0,unknown,no
50,management,single,tertiary,no,297,yes,no,unknown,5,may,119,1,-1,0,unknown,no
51,blue-collar,divorced,secondary,no,734,yes,yes,cellular,5,may,17,1,-1,0,unknown,no
40,technician,single,secondary,no,153,no,no,cellular,7,aug,125,2,-1,0,unknown,no
45,technician,married,secondary,no,1441,yes,no,cellular,18,nov,93,1,113,2,other,no
31,management,married,tertiary,no,927,no,no,cellular,18,aug,100,4,-1,0,unknown,no
56,services,married,secondary,no,9,no,yes,cellular,20,aug,285,2,-1,0,unknown,no
42,blue-collar,married,secondary,no,879,yes,no,cellular,18,nov,140,1,-1,0,unknown,no
36,blue-collar,married,secondary,no,1797,yes,yes,cellular,17,nov,166,1,181,2,failure,no
80,retired,married,primary,no,2994,no,no,cellular,6,aug,320,1,-1,0,unknown,no
80,retired,married,secondary,no,173,no,no,cellular,2,aug,87,3,-1,0,unknown,no
33,blue-collar,single,secondary,no,15341,no,no,cellular,20,apr,335,1,334,3,failure,no
51,unemployed,divorced,secondary,no,-56,yes,no,cellular,19,nov,544,3,-1,0,unknown,no
48,blue-collar,married,primary,no,1670,no,no,unknown,17,jun,145,1,-1,0,unknown,no
34,technician,single,tertiary,no,370,no,no,cellular,11,aug,116,2,-1,0,unknown,no
28,management,single,tertiary,no,466,yes,no,cellular,23,jul,170,2,-1,0,unknown,no
36,services,married,secondary,no,1177,yes,yes,cellular,3,feb,50,5,-1,0,unknown,no
40,self-employed,married,secondary,no,311,yes,no,unknown,20,may,723,2,-1,0,unknown,no
53,admin.,divorced,secondary,no,-372,yes,no,unknown,26,may,104,1,-1,0,unknown,no
52,entrepreneur,divorced,secondary,no,7,no,no,cellular,24,jul,150,5,-1,0,unknown,no
27,management,single,tertiary,no,446,no,no,cellular,23,jun,205,3,-1,0,unknown,no
29,admin.,married,secondary,no,252,yes,no,cellular,15,may,1223,3,371,1,failure,no
43,blue-collar,married,secondary,no,1324,yes,no,telephone,12,may,179,5,-1,0,unknown,no
57,entrepreneur,married,unknown,no,657,no,no,unknown,12,jun,344,1,-1,0,unknown,no
25,management,single,tertiary,no,2140,no,no,cellular,1,oct,81,1,-1,0,unknown,no
43,services,divorced,secondary,no,5571,no,no,unknown,9,jun,149,1,-1,0,unknown,no
50,technician,married,secondary,no,103,yes,no,unknown,12,may,79,6,-1,0,unknown,no
54,technician,divorced,tertiary,no,2133,no,no,cellular,18,nov,176,1,-1,0,unknown,no
38,services,married,secondary,no,8876,no,no,cellular,19,nov,636,1,-1,0,unknown,no
35,admin.,married,secondary,no,3854,yes,no,cellular,5,may,131,1,-1,0,unknown,no
51,management,married,tertiary,no,1612,yes,no,cellular,18,nov,61,2,131,1,failure,no
57,entrepreneur,married,unknown,no,975,yes,yes,cellular,22,jul,236,4,-1,0,unknown,no
49,services,married,tertiary,no,306,yes,no,cellular,18,aug,285,7,-1,0,unknown,no
33,technician,single,tertiary,no,154,no,no,cellular,18,mar,159,2,-1,0,unknown,no
34,self-employed,married,tertiary,no,1972,yes,no,cellular,23,jul,61,2,-1,0,unknown,no
56,unemployed,divorced,primary,no,1770,no,no,cellular,5,feb,916,3,-1,0,unknown,no
43,management,married,tertiary,no,-183,no,no,cellular,24,jul,65,1,-1,0,unknown,no
33,technician,single,secondary,no,3499,yes,no,cellular,11,may,143,3,356,1,other,no
39,management,married,tertiary,no,378,yes,yes,unknown,5,may,127,2,-1,0,unknown,no
26,technician,single,secondary,no,855,yes,no,unknown,28,may,87,2,-1,0,unknown,no
36,unemployed,divorced,primary,no,0,no,no,telephone,4,jul,304,3,-1,0,unknown,no
28,blue-collar,married,secondary,no,1238,yes,no,unknown,14,may,246,1,-1,0,unknown,no
39,technician,single,secondary,no,1048,yes,yes,cellular,8,apr,201,2,-1,0,unknown,no
53,admin.,divorced,secondary,no,592,yes,no,unknown,13,may,151,1,-1,0,unknown,no
45,self-employed,married,secondary,no,396,no,no,cellular,28,aug,238,1,-1,0,unknown,no
30,services,single,secondary,no,268,no,no,unknown,24,jul,86,1,-1,0,unknown,no
32,admin.,divorced,secondary,no,1611,yes,yes,unknown,13,may,93,1,-1,0,unknown,no
44,management,married,tertiary,no,22,yes,no,cellular,6,aug,265,2,-1,0,unknown,no
31,technician,divorced,secondary,no,10787,yes,no,unknown,4,jun,135,2,-1,0,unknown,no
42,blue-collar,married,secondary,no,414,yes,no,cellular,17,apr,400,3,-1,0,unknown,no
34,admin.,divorced,secondary,no,67,yes,no,unknown,6,may,90,1,-1,0,unknown,no
31,blue-collar,single,tertiary,no,328,yes,no,cellular,14,may,414,1,175,1,failure,no
31,management,single,tertiary,no,471,no,no,cellular,29,aug,153,2,-1,0,unknown,no
47,blue-collar,married,primary,no,3038,yes,no,cellular,14,jul,151,2,-1,0,unknown,no
31,blue-collar,married,primary,no,-848,yes,no,unknown,23,may,559,3,-1,0,unknown,no
55,retired,married,tertiary,no,357,yes,no,cellular,30,apr,878,1,-1,0,unknown,no
74,retired,married,tertiary,no,4912,no,no,telephone,21,oct,129,3,-1,0,unknown,no
30,technician,single,secondary,no,194,no,yes,cellular,27,aug,60,3,-1,0,unknown,no
36,management,divorced,tertiary,no,649,no,no,cellular,16,jul,237,2,91,1,failure,no
40,blue-collar,married,secondary,no,679,yes,no,cellular,17,apr,642,2,304,1,failure,no
54,management,married,tertiary,no,154,no,no,unknown,9,may,155,3,-1,0,unknown,no
33,blue-collar,single,secondary,no,45,no,no,unknown,20,jun,13,12,-1,0,unknown,no
40,blue-collar,married,primary,no,46,yes,no,unknown,6,may,119,1,-1,0,unknown,no
54,blue-collar,married,unknown,no,-361,yes,no,unknown,26,may,227,1,-1,0,unknown,no
57,retired,married,unknown,no,-157,no,no,cellular,28,aug,31,9,-1,0,unknown,no
41,management,divorced,tertiary,no,4567,yes,yes,cellular,16,jul,106,1,-1,0,unknown,no
31,technician,single,secondary,no,40,no,no,cellular,7,aug,123,2,-1,0,unknown,no
34,technician,single,tertiary,no,0,yes,no,cellular,17,apr,158,2,-1,0,unknown,no
46,blue-collar,married,secondary,no,-27,yes,no,cellular,11,may,254,1,-1,0,unknown,no
42,blue-collar,single,primary,no,156,yes,no,telephone,15,may,7,4,371,5,failure,no
33,blue-collar,married,secondary,no,0,yes,yes,cellular,31,jul,16,43,-1,0,unknown,no
31,blue-collar,married,secondary,no,557,yes,yes,unknown,27,may,185,1,-1,0,unknown,no
41,technician,single,secondary,no,769,no,yes,cellular,20,nov,222,4,98,4,other,no
46,blue-collar,married,secondary,no,536,yes,no,unknown,15,may,164,2,-1,0,unknown,no
40,services,divorced,secondary,no,49,no,yes,cellular,18,jul,191,1,-1,0,unknown,no
32,management,married,tertiary,no,-383,yes,no,unknown,27,may,241,1,-1,0,unknown,no
33,technician,single,tertiary,no,469,no,no,cellular,26,aug,158,9,-1,0,unknown,no
30,management,single,tertiary,no,2,no,no,cellular,23,mar,269,1,-1,0,unknown,no
39,management,divorced,tertiary,no,2193,yes,yes,unknown,2,jun,550,3,-1,0,unknown,no
26,technician,single,secondary,no,84,yes,no,cellular,29,jul,70,3,-1,0,unknown,no
59,blue-collar,married,secondary,no,2605,no,no,cellular,30,jan,85,2,-1,0,unknown,no
34,management,married,tertiary,no,557,yes,no,cellular,16,jul,513,1,-1,0,unknown,no
29,technician,single,secondary,no,1395,yes,no,unknown,26,may,61,1,-1,0,unknown,no
31,blue-collar,single,secondary,no,609,yes,no,cellular,14,apr,1126,1,335,1,failure,no
29,technician,single,secondary,no,1856,yes,yes,cellular,18,may,134,1,-1,0,unknown,no
31,services,single,secondary,no,222,yes,no,cellular,13,may,168,2,-1,0,unknown,no
53,management,married,tertiary,no,37,no,no,cellular,28,aug,51,9,-1,0,unknown,no
42,services,married,secondary,no,1301,yes,no,cellular,21,jul,510,6,-1,0,unknown,no
46,unemployed,divorced,secondary,no,0,no,no,cellular,30,jul,638,3,-1,0,unknown,no
60,management,divorced,primary,no,21,no,yes,telephone,14,jul,113,3,-1,0,unknown,no
43,technician,married,primary,no,4844,yes,no,cellular,19,nov,434,1,-1,0,unknown,no
34,blue-collar,married,secondary,no,577,no,no,unknown,14,may,337,1,-1,0,unknown,no
20,student,single,tertiary,no,2764,yes,no,unknown,29,may,139,2,-1,0,unknown,no
58,retired,married,secondary,no,-324,yes,no,cellular,7,may,229,2,-1,0,unknown,no
51,management,married,tertiary,no,4,yes,no,cellular,21,nov,58,2,-1,0,unknown,no
34,blue-collar,married,secondary,no,405,yes,no,unknown,21,may,103,1,-1,0,unknown,no
52,technician,married,secondary,no,22755,yes,no,unknown,29,may,70,2,-1,0,unknown,no
37,blue-collar,married,primary,no,89,no,yes,telephone,8,jul,336,4,-1,0,unknown,no
31,student,single,tertiary,no,4951,no,no,cellular,28,jun,150,3,-1,0,unknown,no
53,blue-collar,married,secondary,no,1093,yes,yes,unknown,16,jun,244,3,-1,0,unknown,no
56,technician,divorced,secondary,no,1561,no,no,cellular,13,aug,75,1,-1,0,unknown,no
63,housemaid,married,primary,no,333,no,no,telephone,1,oct,321,1,-1,0,unknown,no
43,admin.,married,secondary,no,388,yes,no,cellular,19,nov,111,2,-1,0,unknown,no
25,admin.,single,secondary,no,654,no,no,cellular,8,apr,216,1,-1,0,unknown,no
51,services,married,secondary,no,-467,no,no,unknown,9,jun,216,5,-1,0,unknown,no
30,technician,single,secondary,no,458,no,no,cellular,20,nov,51,7,-1,0,unknown,no
37,technician,single,secondary,yes,375,no,no,unknown,9,jun,223,2,-1,0,unknown,no
36,management,divorced,tertiary,no,133,yes,no,unknown,9,may,117,1,-1,0,unknown,no
47,housemaid,divorced,primary,no,61,no,no,cellular,29,jul,69,5,-1,0,unknown,no
31,technician,single,secondary,no,628,yes,no,unknown,12,may,1083,2,-1,0,unknown,no
28,blue-collar,married,primary,no,254,yes,no,cellular,20,apr,149,2,-1,0,unknown,no
47,management,married,primary,no,2793,yes,no,telephone,25,jul,102,4,-1,0,unknown,no
47,technician,married,tertiary,no,4568,no,no,unknown,9,jun,100,1,-1,0,unknown,no
42,technician,married,tertiary,no,1189,no,no,unknown,5,jun,323,3,-1,0,unknown,no
51,admin.,divorced,secondary,no,520,no,yes,cellular,10,jul,157,1,-1,0,unknown,no
52,unemployed,married,tertiary,no,2133,no,yes,cellular,18,jul,90,1,-1,0,unknown,no
44,management,married,tertiary,no,70,no,no,cellular,20,aug,165,3,-1,0,unknown,no
36,blue-collar,married,primary,no,409,yes,no,unknown,11,jun,81,3,-1,0,unknown,no
46,admin.,divorced,secondary,no,-60,no,no,cellular,17,nov,117,1,-1,0,unknown,no
50,entrepreneur,married,primary,no,237,yes,yes,unknown,30,may,184,4,-1,0,unknown,no
53,technician,married,tertiary,no,2557,no,no,cellular,29,jul,95,4,182,7,success,no
36,entrepreneur,married,secondary,no,546,no,no,cellular,9,feb,297,3,-1,0,unknown,no
40,management,married,tertiary,no,24450,no,no,cellular,25,aug,73,2,-1,0,unknown,no
32,technician,single,tertiary,no,703,yes,no,cellular,3,feb,489,2,271,2,success,no
41,admin.,married,secondary,no,0,no,no,unknown,20,jun,89,1,-1,0,unknown,no
41,self-employed,single,tertiary,no,1755,no,no,unknown,11,jun,152,10,-1,0,unknown,no
36,technician,married,secondary,no,432,yes,no,cellular,11,may,61,3,255,2,failure,no
54,self-employed,divorced,primary,no,4382,yes,no,telephone,18,may,193,4,-1,0,unknown,no
45,admin.,married,secondary,no,0,no,no,cellular,19,aug,145,10,-1,0,unknown,no
40,blue-collar,married,primary,no,104,yes,no,unknown,26,may,470,2,-1,0,unknown,no
39,blue-collar,married,primary,no,766,yes,no,unknown,3,jun,350,3,-1,0,unknown,no
41,blue-collar,divorced,secondary,no,3,yes,no,cellular,31,jul,228,4,-1,0,unknown,no
34,services,single,secondary,no,1239,yes,no,unknown,23,may,164,1,-1,0,unknown,no
56,admin.,single,secondary,no,-13,no,no,unknown,16,jun,52,3,-1,0,unknown,no
57,entrepreneur,married,tertiary,no,958,no,no,unknown,6,jun,250,2,-1,0,unknown,no
29,blue-collar,single,secondary,no,922,yes,no,cellular,18,may,72,1,-1,0,unknown,no
37,services,married,secondary,no,144,yes,no,cellular,20,apr,724,2,-1,0,unknown,no
35,admin.,married,secondary,no,0,yes,no,cellular,20,apr,18,5,-1,0,unknown,no
34,services,divorced,secondary,no,1281,no,no,cellular,5,feb,237,1,-1,0,unknown,no
30,management,single,tertiary,no,222,yes,no,cellular,12,aug,112,4,-1,0,unknown,no
54,retired,divorced,primary,no,22,no,no,unknown,20,jun,23,4,-1,0,unknown,no
53,management,married,tertiary,no,12,no,no,cellular,27,aug,345,10,-1,0,unknown,no
45,blue-collar,married,primary,no,1794,yes,no,unknown,14,may,174,2,-1,0,unknown,no
37,management,divorced,tertiary,no,1170,yes,yes,cellular,18,may,106,1,-1,0,unknown,no
43,blue-collar,married,primary,no,0,yes,no,unknown,12,may,3,1,-1,0,unknown,no
42,services,divorced,secondary,no,466,no,no,cellular,28,jan,48,1,-1,0,unknown,no
29,technician,single,secondary,yes,-397,yes,no,unknown,28,may,114,1,-1,0,unknown,no
33,admin.,married,secondary,no,1077,yes,no,cellular,18,may,432,3,374,3,other,no
40,technician,divorced,secondary,no,275,no,no,cellular,13,aug,409,4,-1,0,unknown,no
34,services,married,secondary,no,-315,yes,no,unknown,8,may,56,2,-1,0,unknown,no
46,technician,married,secondary,no,0,no,no,cellular,28,aug,63,2,-1,0,unknown,no
44,self-employed,married,primary,no,0,no,no,cellular,20,nov,843,3,-1,0,unknown,no
43,unemployed,married,primary,no,9,yes,yes,cellular,6,may,472,1,-1,0,unknown,no
40,blue-collar,married,secondary,no,668,yes,no,cellular,17,apr,156,2,318,1,other,no
34,blue-collar,married,unknown,no,568,yes,no,cellular,25,jul,256,1,-1,0,unknown,no
41,technician,married,secondary,no,0,no,no,cellular,29,aug,141,2,-1,0,unknown,no
34,management,single,tertiary,no,757,no,no,cellular,18,aug,37,4,-1,0,unknown,no
50,blue-collar,divorced,secondary,no,203,yes,no,telephone,19,nov,265,1,127,4,other,no
32,self-employed,married,secondary,no,67,no,no,cellular,5,aug,153,1,-1,0,unknown,no
60,housemaid,divorced,secondary,no,387,yes,no,unknown,4,jun,235,1,-1,0,unknown,no
58,unemployed,married,secondary,no,18,no,no,cellular,31,jul,70,1,-1,0,unknown,no
58,management,married,tertiary,no,0,no,no,unknown,20,jun,22,4,-1,0,unknown,no
34,technician,single,secondary,no,174,no,no,telephone,11,may,259,4,-1,0,unknown,no
31,admin.,married,secondary,no,113,yes,no,cellular,18,nov,474,3,-1,0,unknown,no
35,admin.,single,secondary,no,182,yes,no,unknown,3,jun,117,1,-1,0,unknown,no
42,services,single,secondary,no,247,yes,no,cellular,31,jul,114,2,-1,0,unknown,no
43,technician,divorced,secondary,no,6835,no,no,unknown,20,jun,262,2,-1,0,unknown,no
69,retired,married,primary,no,2398,no,no,cellular,12,apr,161,1,186,1,failure,no
38,technician,married,unknown,no,573,yes,no,unknown,6,may,87,1,-1,0,unknown,no
31,management,married,tertiary,no,1575,no,no,cellular,12,aug,178,4,-1,0,unknown,no
31,services,single,secondary,no,-475,yes,no,telephone,12,may,232,3,-1,0,unknown,no
32,management,married,tertiary,no,128,yes,no,cellular,28,jul,320,3,-1,0,unknown,no
31,management,married,tertiary,no,1170,no,no,cellular,20,aug,200,4,-1,0,unknown,no
60,admin.,divorced,secondary,no,683,no,no,cellular,8,nov,507,1,-1,0,unknown,no
55,retired,married,secondary,no,2312,no,no,unknown,12,jun,60,1,-1,0,unknown,no
45,blue-collar,married,secondary,no,28,no,yes,cellular,4,feb,215,1,222,1,other,no
37,management,married,tertiary,no,-57,yes,no,cellular,31,jul,37,20,-1,0,unknown,no
31,management,single,tertiary,no,0,no,no,cellular,25,aug,11,16,-1,0,unknown,no
41,blue-collar,married,secondary,no,2413,no,no,unknown,16,jun,64,3,-1,0,unknown,no
35,technician,single,tertiary,no,33,no,no,cellular,29,aug,300,2,-1,0,unknown,no
60,admin.,married,unknown,no,738,no,no,unknown,19,may,529,3,-1,0,unknown,no
25,student,single,unknown,no,2503,no,no,cellular,26,feb,100,2,-1,0,unknown,no
37,management,married,tertiary,no,393,yes,no,cellular,12,aug,62,2,104,2,success,no
26,blue-collar,married,secondary,no,557,yes,yes,unknown,27,may,282,2,-1,0,unknown,no
52,management,married,secondary,no,173,no,no,unknown,23,may,48,5,-1,0,unknown,no
33,admin.,married,secondary,no,0,yes,no,cellular,17,nov,78,1,-1,0,unknown,no
35,management,married,tertiary,no,109,no,yes,cellular,21,aug,257,2,-1,0,unknown,no
37,blue-collar,divorced,secondary,no,811,yes,yes,cellular,6,apr,185,3,-1,0,unknown,no
33,technician,single,tertiary,no,538,yes,no,unknown,29,may,359,2,-1,0,unknown,no
26,services,single,secondary,no,209,yes,no,cellular,22,jul,319,2,-1,0,unknown,no
31,unknown,married,secondary,no,3,no,no,cellular,20,jul,91,2,-1,0,unknown,no
38,admin.,married,secondary,no,326,yes,no,cellular,17,apr,69,2,-1,0,unknown,no
36,technician,single,secondary,no,7503,yes,no,telephone,5,may,193,1,335,1,failure,no
48,blue-collar,married,primary,no,492,no,yes,cellular,21,aug,139,2,-1,0,unknown,no
57,services,married,primary,no,1728,yes,no,telephone,16,jul,164,1,-1,0,unknown,no
43,blue-collar,married,primary,no,1401,yes,no,unknown,12,may,195,2,-1,0,unknown,no
43,unemployed,married,secondary,no,1943,yes,no,cellular,18,nov,202,2,-1,0,unknown,no
32,admin.,single,tertiary,no,272,yes,no,cellular,7,oct,73,2,-1,0,unknown,no
40,services,married,secondary,no,113,yes,no,unknown,4,jun,126,1,-1,0,unknown,no
40,housemaid,divorced,secondary,no,108,no,no,unknown,9,may,93,1,-1,0,unknown,no
29,admin.,married,tertiary,no,167,yes,yes,cellular,13,oct,357,2,237,2,failure,no
37,blue-collar,married,primary,no,1796,yes,yes,cellular,17,apr,232,2,-1,0,unknown,no
28,technician,single,secondary,no,593,yes,no,unknown,19,jun,202,1,-1,0,unknown,no
40,services,single,secondary,no,316,no,no,unknown,11,jun,122,5,-1,0,unknown,no
27,technician,married,secondary,no,876,yes,no,cellular,18,may,268,1,355,1,failure,no
52,blue-collar,married,primary,no,1271,no,no,cellular,18,aug,131,3,-1,0,unknown,no
31,technician,married,tertiary,no,165,no,no,cellular,15,may,218,4,-1,0,unknown,no
59,technician,divorced,secondary,no,2595,yes,no,cellular,29,aug,398,2,-1,0,unknown,no
46,admin.,married,secondary,no,1252,yes,yes,cellular,17,nov,59,1,-1,0,unknown,no
51,management,married,tertiary,no,656,yes,no,cellular,25,jul,268,2,-1,0,unknown,no
34,blue-collar,single,secondary,no,39,no,no,cellular,18,jul,138,3,-1,0,unknown,no
32,management,divorced,tertiary,no,787,yes,no,cellular,11,aug,72,2,-1,0,unknown,no
49,blue-collar,married,secondary,no,102,no,no,cellular,29,aug,210,2,-1,0,unknown,no
43,admin.,married,secondary,no,1996,no,yes,cellular,31,jul,34,3,-1,0,unknown,no
31,management,married,secondary,no,1064,no,no,telephone,20,nov,60,1,-1,0,unknown,no
46,blue-collar,divorced,secondary,no,138,no,no,cellular,19,nov,277,1,-1,0,unknown,no
53,management,single,tertiary,no,720,yes,no,unknown,17,nov,99,1,-1,0,unknown,no
33,entrepreneur,married,tertiary,no,606,yes,no,cellular,2,feb,194,1,-1,0,unknown,no
39,blue-collar,divorced,primary,yes,-294,yes,no,unknown,5,jun,181,2,-1,0,unknown,no
29,technician,single,tertiary,no,2485,no,no,telephone,24,jul,48,6,-1,0,unknown,no
29,admin.,single,secondary,no,209,no,no,cellular,5,feb,605,2,-1,0,unknown,no
33,management,married,tertiary,no,71,no,no,cellular,16,nov,136,1,287,1,failure,no
42,technician,married,secondary,no,534,no,no,cellular,5,aug,314,1,-1,0,unknown,no
27,blue-collar,single,secondary,no,484,yes,no,cellular,15,apr,309,2,-1,0,unknown,no
43,self-employed,married,primary,no,66,yes,no,unknown,7,may,175,5,-1,0,unknown,no
33,management,married,tertiary,no,0,no,no,cellular,29,aug,60,2,-1,0,unknown,no
56,management,divorced,tertiary,no,382,no,no,cellular,19,nov,117,2,-1,0,unknown,no
31,technician,single,secondary,no,1222,yes,no,cellular,20,apr,186,3,-1,0,unknown,no
27,blue-collar,married,secondary,no,0,yes,no,cellular,17,jul,444,6,-1,0,unknown,no
33,management,single,tertiary,no,369,no,no,cellular,25,aug,143,10,-1,0,unknown,no
47,technician,married,secondary,no,1571,yes,no,cellular,11,may,261,1,369,2,failure,no
41,blue-collar,married,primary,no,3140,yes,no,unknown,13,may,87,9,-1,0,unknown,no
30,services,single,secondary,no,1510,yes,no,cellular,18,nov,191,1,-1,0,unknown,no
45,blue-collar,divorced,secondary,no,756,yes,no,unknown,6,may,179,2,-1,0,unknown,no
26,technician,married,secondary,no,744,no,no,cellular,15,apr,609,1,-1,0,unknown,no
49,technician,married,secondary,no,2400,no,no,cellular,21,oct,262,3,-1,0,unknown,no
42,technician,married,secondary,no,27,no,no,cellular,14,aug,259,4,-1,0,unknown,no
35,admin.,divorced,secondary,no,0,no,no,cellular,30,jul,186,6,-1,0,unknown,no
41,services,married,secondary,no,804,yes,no,unknown,20,may,127,8,-1,0,unknown,no
39,management,single,secondary,no,2644,no,no,cellular,19,aug,192,7,-1,0,unknown,no
46,admin.,single,secondary,no,272,no,no,cellular,31,jul,149,4,-1,0,unknown,no
34,technician,married,unknown,no,4053,yes,no,unknown,23,may,123,2,-1,0,unknown,no
40,blue-collar,married,secondary,no,2158,no,no,cellular,10,jul,277,1,-1,0,unknown,no
30,technician,single,primary,no,2731,yes,no,cellular,14,apr,314,1,-1,0,unknown,no
25,blue-collar,single,secondary,no,76,no,yes,cellular,28,jul,50,4,-1,0,unknown,no
36,blue-collar,married,primary,no,679,yes,yes,cellular,13,may,115,1,-1,0,unknown,no
54,blue-collar,married,primary,no,2933,yes,no,unknown,15,may,144,2,-1,0,unknown,no
28,blue-collar,married,secondary,no,948,yes,no,unknown,9,may,455,1,-1,0,unknown,no
23,blue-collar,single,secondary,no,0,yes,no,cellular,8,may,6,5,350,2,failure,no
48,technician,married,secondary,no,23495,no,no,cellular,22,aug,63,8,-1,0,unknown,no
35,technician,single,secondary,no,365,yes,no,unknown,8,may,256,2,-1,0,unknown,no
40,entrepreneur,single,secondary,no,5,no,yes,cellular,15,jul,117,3,-1,0,unknown,no
31,blue-collar,married,primary,no,-454,yes,yes,unknown,28,may,861,2,-1,0,unknown,no
52,unemployed,married,secondary,no,1639,no,no,cellular,8,aug,93,1,-1,0,unknown,no
26,services,single,secondary,no,-481,yes,yes,cellular,6,may,595,5,-1,0,unknown,no
43,technician,single,secondary,no,34,no,no,telephone,30,jul,29,1,-1,0,unknown,no
32,admin.,single,secondary,no,223,yes,yes,unknown,27,may,236,4,-1,0,unknown,no
35,admin.,single,tertiary,no,1374,yes,no,cellular,15,may,319,1,-1,0,unknown,no
52,services,divorced,primary,no,130,yes,no,unknown,29,may,103,2,-1,0,unknown,no
29,management,single,secondary,no,293,yes,no,unknown,28,may,188,2,-1,0,unknown,no
53,management,married,primary,no,13901,yes,no,cellular,21,nov,59,1,-1,0,unknown,no
34,technician,married,secondary,no,563,yes,yes,cellular,29,aug,32,15,-1,0,unknown,no
60,housemaid,married,primary,no,352,no,yes,unknown,17,jun,81,2,-1,0,unknown,no
49,management,married,tertiary,no,3842,no,no,cellular,5,apr,163,1,186,3,failure,no
49,admin.,single,secondary,no,7426,no,no,telephone,20,nov,65,2,-1,0,unknown,no
39,admin.,divorced,secondary,no,1,no,yes,cellular,7,jul,281,1,-1,0,unknown,no
45,admin.,married,secondary,no,231,yes,no,unknown,18,jun,151,3,-1,0,unknown,no
58,technician,married,secondary,no,86,no,no,cellular,30,jul,95,3,-1,0,unknown,no
32,services,single,secondary,no,0,no,yes,cellular,11,jul,333,2,-1,0,unknown,no
34,management,single,tertiary,no,29,yes,no,cellular,13,may,248,2,-1,0,unknown,no
52,blue-collar,married,tertiary,no,297,yes,no,unknown,7,may,55,1,-1,0,unknown,no
34,management,single,tertiary,no,-292,yes,no,cellular,19,aug,181,6,-1,0,unknown,no
26,blue-collar,single,secondary,no,396,yes,no,unknown,28,may,302,1,-1,0,unknown,no
46,technician,married,tertiary,no,4176,yes,no,unknown,12,jun,153,6,-1,0,unknown,no
44,management,married,tertiary,no,0,yes,no,cellular,31,jul,49,5,-1,0,unknown,no
34,management,single,tertiary,no,416,no,no,cellular,14,aug,1217,4,-1,0,unknown,no
45,self-employed,divorced,tertiary,yes,75,yes,yes,cellular,4,feb,236,1,-1,0,unknown,no
34,self-employed,married,tertiary,no,7602,no,no,cellular,20,nov,222,1,-1,0,unknown,no
76,retired,married,primary,no,163,no,no,telephone,13,oct,120,1,-1,0,unknown,no
48,technician,divorced,secondary,no,-154,no,no,unknown,3,jun,342,3,-1,0,unknown,no
34,admin.,single,secondary,no,296,no,no,cellular,20,nov,68,1,136,4,failure,no
31,services,married,secondary,no,-327,yes,no,unknown,28,may,408,1,-1,0,unknown,no
32,services,married,secondary,no,201,yes,no,unknown,18,jun,110,2,-1,0,unknown,no
47,blue-collar,married,secondary,no,-337,yes,yes,cellular,12,may,366,1,-1,0,unknown,no
36,management,married,tertiary,no,-633,yes,no,cellular,17,jul,106,1,-1,0,unknown,no
42,admin.,divorced,secondary,no,0,yes,no,unknown,7,may,229,2,-1,0,unknown,no
43,unemployed,single,primary,no,698,yes,no,unknown,14,may,322,1,-1,0,unknown,no
34,technician,married,secondary,no,484,no,no,unknown,9,may,84,4,-1,0,unknown,no
33,services,married,secondary,no,7,yes,no,unknown,20,may,217,1,-1,0,unknown,no
46,admin.,married,secondary,no,3098,yes,no,telephone,21,nov,192,9,-1,0,unknown,no
50,management,married,tertiary,no,2050,no,no,cellular,6,aug,158,3,-1,0,unknown,no
53,blue-collar,married,primary,no,4641,no,no,unknown,16,jun,356,2,-1,0,unknown,no
48,management,married,tertiary,no,1167,yes,yes,cellular,26,jan,122,4,50,4,other,no
35,management,married,tertiary,no,750,yes,no,cellular,18,aug,233,12,-1,0,unknown,no
48,self-employed,married,secondary,no,1559,no,no,cellular,4,feb,130,2,-1,0,unknown,no
31,blue-collar,married,primary,no,0,yes,yes,unknown,12,may,59,4,-1,0,unknown,no
55,admin.,married,tertiary,no,46,no,no,cellular,29,aug,59,4,-1,0,unknown,no
41,technician,married,tertiary,no,0,no,no,unknown,20,jun,95,1,-1,0,unknown,no
40,blue-collar,married,primary,no,7831,yes,no,unknown,14,may,78,1,-1,0,unknown,no
26,unknown,single,secondary,no,3247,no,no,telephone,6,feb,341,3,-1,0,unknown,no
28,management,single,tertiary,no,637,yes,no,cellular,4,feb,324,1,-1,0,unknown,no
56,management,married,tertiary,no,94,no,no,cellular,23,jul,530,3,-1,0,unknown,no
38,self-employed,married,tertiary,no,2084,yes,no,cellular,16,apr,71,2,330,2,failure,no
28,entrepreneur,single,secondary,no,1734,yes,no,unknown,3,jun,161,3,-1,0,unknown,no
31,blue-collar,married,secondary,no,369,yes,yes,unknown,14,may,89,2,-1,0,unknown,no
32,student,single,tertiary,no,922,no,no,cellular,18,oct,338,2,-1,0,unknown,no
35,management,married,unknown,no,1128,yes,no,unknown,4,jun,457,1,-1,0,unknown,no
37,management,married,tertiary,no,355,no,no,cellular,4,aug,340,1,-1,0,unknown,no
37,self-employed,married,primary,no,0,no,no,unknown,7,may,112,4,-1,0,unknown,no
46,services,married,tertiary,no,2520,yes,no,cellular,19,nov,144,1,-1,0,unknown,no
51,technician,married,unknown,no,573,yes,yes,unknown,14,may,231,1,-1,0,unknown,no
30,management,single,secondary,no,186,yes,no,cellular,20,nov,235,3,-1,0,unknown,no
27,blue-collar,single,secondary,no,87,no,no,telephone,10,jul,245,1,-1,0,unknown,no
42,technician,single,secondary,no,49,no,no,cellular,9,feb,7,10,-1,0,unknown,no
34,technician,single,tertiary,no,2671,no,no,cellular,19,aug,119,9,-1,0,unknown,no
56,retired,married,primary,no,63,no,no,cellular,19,aug,122,2,-1,0,unknown,no
45,management,married,secondary,yes,237,yes,no,cellular,21,nov,526,1,-1,0,unknown,no
26,blue-collar,married,secondary,no,245,yes,no,unknown,28,may,146,2,-1,0,unknown,no
29,admin.,married,secondary,no,494,yes,no,unknown,26,may,341,2,-1,0,unknown,no
40,unemployed,divorced,secondary,no,262,yes,no,unknown,14,may,163,5,-1,0,unknown,no
34,management,single,tertiary,no,2555,yes,no,cellular,26,may,129,2,-1,0,unknown,no
35,self-employed,single,tertiary,no,1129,yes,no,cellular,21,nov,64,2,184,2,failure,no
42,housemaid,married,primary,yes,16,no,no,unknown,11,jun,79,1,-1,0,unknown,no
25,services,single,secondary,no,895,yes,no,unknown,3,jun,167,1,-1,0,unknown,no
27,services,single,secondary,no,504,yes,no,cellular,18,may,106,5,362,8,other,no
29,management,single,tertiary,no,1566,yes,no,unknown,4,jun,233,1,-1,0,unknown,no
56,housemaid,divorced,secondary,no,1866,no,yes,cellular,1,oct,760,1,-1,0,unknown,no
39,management,married,tertiary,no,0,no,no,unknown,27,may,205,8,-1,0,unknown,no
60,retired,married,secondary,no,143,no,no,telephone,30,jan,345,1,-1,0,unknown,no
48,blue-collar,married,primary,no,5366,yes,no,unknown,21,may,248,3,-1,0,unknown,no
51,housemaid,married,primary,no,1093,no,yes,unknown,18,jun,18,1,-1,0,unknown,no
43,admin.,married,secondary,no,817,yes,yes,cellular,21,nov,51,1,-1,0,unknown,no
31,blue-collar,married,primary,no,196,no,no,cellular,7,aug,248,1,-1,0,unknown,no
36,housemaid,married,secondary,no,205,yes,no,telephone,18,nov,176,4,-1,0,unknown,no
37,admin.,divorced,tertiary,no,-65,no,no,cellular,21,jul,226,1,-1,0,unknown,no
34,technician,married,secondary,no,260,yes,no,cellular,17,apr,20,2,238,2,failure,no
60,services,divorced,secondary,no,758,no,no,cellular,3,feb,282,1,-1,0,unknown,no
39,self-employed,married,secondary,no,4722,yes,no,unknown,17,jun,483,1,-1,0,unknown,no
60,retired,divorced,secondary,no,935,no,no,cellular,31,jul,8,17,-1,0,unknown,no
40,admin.,divorced,secondary,no,220,yes,no,cellular,18,may,197,2,-1,0,unknown,no
43,management,single,secondary,no,109,yes,no,unknown,27,may,64,3,-1,0,unknown,no
31,admin.,single,secondary,no,162,yes,no,unknown,28,may,247,1,-1,0,unknown,no
33,blue-collar,married,tertiary,no,6138,yes,no,unknown,20,may,369,1,-1,0,unknown,no
52,management,married,tertiary,no,0,no,no,cellular,12,aug,106,2,-1,0,unknown,no
39,admin.,divorced,secondary,no,83,yes,no,cellular,30,jul,69,6,-1,0,unknown,no
31,admin.,single,secondary,no,430,yes,no,cellular,15,apr,103,2,-1,0,unknown,no
26,blue-collar,single,secondary,no,277,no,no,unknown,14,may,514,2,-1,0,unknown,no
31,management,single,tertiary,no,0,yes,yes,cellular,14,may,117,3,352,3,failure,no
35,blue-collar,single,secondary,no,487,yes,no,unknown,15,may,117,1,-1,0,unknown,no
46,admin.,married,secondary,no,171,yes,yes,cellular,11,oct,251,1,430,1,failure,no
32,technician,single,tertiary,no,13711,yes,no,cellular,14,may,638,1,175,3,success,no
41,entrepreneur,married,secondary,no,187,no,yes,cellular,21,jul,354,1,-1,0,unknown,no
41,services,married,secondary,no,205,yes,no,unknown,8,may,91,1,-1,0,unknown,no
37,management,single,tertiary,no,2875,no,no,cellular,20,nov,110,2,-1,0,unknown,no
50,blue-collar,married,unknown,no,452,no,no,cellular,20,aug,181,2,-1,0,unknown,no
59,housemaid,married,secondary,no,454,no,no,cellular,21,aug,162,1,-1,0,unknown,no
35,management,single,tertiary,no,2306,no,no,cellular,18,aug,86,7,-1,0,unknown,no
57,self-employed,married,secondary,no,2109,no,no,cellular,21,aug,107,6,-1,0,unknown,no
29,management,married,tertiary,no,0,yes,yes,cellular,15,jul,218,1,-1,0,unknown,no
42,admin.,married,primary,no,-466,no,yes,telephone,31,jul,94,15,-1,0,unknown,no
52,blue-collar,married,primary,no,66653,no,no,cellular,14,aug,109,3,-1,0,unknown,no
38,housemaid,married,secondary,no,110,no,no,cellular,25,may,167,1,-1,0,unknown,no
46,management,married,secondary,no,0,no,no,unknown,12,jun,155,1,-1,0,unknown,no
54,management,married,secondary,yes,5249,yes,no,cellular,17,nov,108,1,-1,0,unknown,no
41,blue-collar,single,secondary,no,925,yes,no,telephone,13,may,43,1,-1,0,unknown,no
32,management,married,tertiary,no,393,no,no,cellular,28,jan,458,2,-1,0,unknown,no
38,management,married,tertiary,no,980,no,no,unknown,3,jun,662,5,-1,0,unknown,no
27,unemployed,single,tertiary,no,3060,no,no,cellular,30,jan,533,1,-1,0,unknown,no
41,housemaid,married,primary,no,46,no,no,cellular,22,aug,268,1,-1,0,unknown,no
45,admin.,married,secondary,no,805,yes,no,unknown,15,may,186,3,-1,0,unknown,no
36,technician,divorced,secondary,no,160,yes,no,unknown,26,may,142,1,-1,0,unknown,no
40,services,divorced,secondary,no,694,yes,no,cellular,31,jul,75,14,-1,0,unknown,no
37,blue-collar,married,secondary,no,509,yes,no,cellular,20,apr,172,1,-1,0,unknown,no
46,management,married,tertiary,no,16,yes,no,cellular,6,may,304,1,-1,0,unknown,no
48,blue-collar,married,secondary,no,558,yes,no,telephone,5,feb,708,8,-1,0,unknown,no
58,retired,married,secondary,no,5435,yes,no,unknown,6,may,118,1,-1,0,unknown,no
26,blue-collar,single,primary,no,102,yes,no,unknown,16,may,46,1,-1,0,unknown,no
42,blue-collar,married,unknown,no,149,yes,no,telephone,23,jul,329,3,-1,0,unknown,no
45,blue-collar,married,primary,no,61,no,no,cellular,17,apr,108,1,-1,0,unknown,no
31,technician,single,secondary,no,2088,no,no,cellular,9,feb,15,14,-1,0,unknown,no
63,self-employed,married,tertiary,no,661,no,no,cellular,2,mar,56,2,-1,0,unknown,no
42,management,divorced,tertiary,no,1064,no,no,cellular,18,aug,101,2,-1,0,unknown,no
50,technician,divorced,secondary,no,-298,yes,no,cellular,6,feb,68,8,-1,0,unknown,no
30,services,single,secondary,no,0,yes,no,cellular,7,jul,161,2,-1,0,unknown,no
41,technician,married,secondary,no,-378,yes,no,cellular,5,feb,361,1,253,2,failure,no
39,technician,divorced,secondary,no,0,yes,yes,cellular,30,apr,85,1,-1,0,unknown,no
40,entrepreneur,married,secondary,no,1238,yes,no,telephone,21,jul,50,2,-1,0,unknown,no
33,blue-collar,married,secondary,no,370,yes,no,cellular,8,apr,249,1,-1,0,unknown,no
29,management,married,tertiary,no,2417,yes,no,cellular,7,may,126,2,-1,0,unknown,no
50,housemaid,married,primary,no,4,no,no,unknown,16,jun,51,1,-1,0,unknown,no
39,admin.,married,primary,no,444,yes,no,cellular,8,may,374,2,-1,0,unknown,no
49,management,married,tertiary,no,2139,no,no,cellular,5,aug,278,1,-1,0,unknown,no
36,self-employed,married,secondary,no,189,yes,no,cellular,22,jul,632,1,-1,0,unknown,no
44,management,married,secondary,no,13054,yes,no,cellular,11,may,471,2,174,12,other,no
65,retired,married,secondary,no,23421,no,no,cellular,2,feb,432,1,-1,0,unknown,no
55,retired,married,tertiary,no,101,yes,no,cellular,9,jul,111,1,-1,0,unknown,no
36,admin.,single,secondary,no,2556,yes,no,cellular,13,apr,342,1,-1,0,unknown,no
37,admin.,married,secondary,no,1283,yes,no,unknown,20,may,209,1,-1,0,unknown,no
33,services,single,secondary,no,772,yes,no,cellular,29,jan,323,2,259,3,success,no
29,services,single,secondary,no,146,yes,no,unknown,19,may,104,2,-1,0,unknown,no
36,unemployed,married,secondary,no,439,yes,no,telephone,6,feb,18,6,-1,0,unknown,no
36,blue-collar,married,primary,no,871,yes,yes,telephone,18,nov,2,1,-1,0,unknown,no
40,technician,single,secondary,no,360,yes,no,unknown,9,may,73,1,-1,0,unknown,no
46,management,single,tertiary,no,2044,no,no,telephone,4,feb,25,1,-1,0,unknown,no
32,housemaid,married,tertiary,no,10,yes,no,unknown,2,jun,658,2,-1,0,unknown,no
38,management,married,tertiary,no,4293,yes,no,cellular,6,may,92,2,250,2,failure,no
26,technician,single,secondary,no,33,no,no,cellular,23,jul,91,7,-1,0,unknown,no
83,retired,divorced,primary,no,4565,no,no,cellular,13,sep,175,2,-1,0,unknown,no
46,self-employed,married,primary,no,3262,no,no,cellular,14,aug,77,8,-1,0,unknown,no
44,management,married,tertiary,no,3665,no,no,cellular,17,mar,325,1,-1,0,unknown,no
53,housemaid,married,primary,yes,945,no,no,cellular,29,jan,82,2,-1,0,unknown,no
46,admin.,divorced,secondary,no,-637,yes,no,cellular,17,nov,153,1,-1,0,unknown,no
34,technician,married,tertiary,no,178,yes,no,cellular,18,nov,85,1,-1,0,unknown,no
24,student,single,primary,no,0,no,no,unknown,5,jun,25,26,-1,0,unknown,no
33,management,single,tertiary,no,23,no,no,cellular,20,aug,216,3,-1,0,unknown,no
46,blue-collar,married,primary,no,143,yes,no,unknown,7,may,279,1,-1,0,unknown,no
27,services,single,secondary,no,1928,no,yes,cellular,15,jul,513,5,-1,0,unknown,no
32,admin.,single,secondary,no,1630,yes,no,cellular,30,jan,122,1,-1,0,unknown,no
40,retired,married,secondary,no,102,no,no,cellular,6,may,168,1,-1,0,unknown,no
36,blue-collar,married,secondary,no,1790,yes,no,cellular,16,apr,386,2,-1,0,unknown,no
34,blue-collar,married,secondary,yes,-745,yes,yes,cellular,11,jul,131,2,-1,0,unknown,no
34,self-employed,married,secondary,no,-56,yes,no,unknown,19,may,248,3,-1,0,unknown,no
37,services,single,tertiary,no,223,yes,no,unknown,28,may,25,1,-1,0,unknown,no
31,blue-collar,married,secondary,no,3364,yes,no,cellular,20,nov,290,1,-1,0,unknown,no
31,management,single,tertiary,no,0,no,no,cellular,19,aug,155,4,-1,0,unknown,no
57,entrepreneur,married,primary,no,1153,yes,yes,unknown,9,jun,238,6,-1,0,unknown,no
34,management,married,tertiary,no,101,no,no,cellular,8,aug,472,2,-1,0,unknown,no
32,technician,married,secondary,no,963,no,no,cellular,28,aug,15,13,-1,0,unknown,no
46,blue-collar,divorced,secondary,no,1074,yes,no,cellular,14,may,277,2,-1,0,unknown,no
42,admin.,single,secondary,no,243,yes,no,unknown,14,may,46,5,-1,0,unknown,no
31,self-employed,married,tertiary,no,414,no,no,cellular,14,aug,169,5,-1,0,unknown,no
29,admin.,single,secondary,no,1992,no,no,cellular,12,apr,119,2,-1,0,unknown,no
50,management,married,secondary,no,2910,no,no,telephone,19,nov,433,1,113,1,failure,no
32,technician,married,secondary,no,599,no,no,cellular,19,nov,79,1,-1,0,unknown,no
42,technician,married,secondary,no,89,yes,no,cellular,5,may,159,1,-1,0,unknown,no
36,technician,married,tertiary,no,571,yes,yes,cellular,31,jul,46,3,-1,0,unknown,no
57,self-employed,married,secondary,no,11494,no,no,cellular,19,nov,198,1,-1,0,unknown,no
26,management,single,tertiary,no,155,yes,no,cellular,27,may,74,4,43,5,other,no
55,management,married,unknown,no,179,no,no,unknown,19,jun,97,1,-1,0,unknown,no
48,self-employed,married,tertiary,no,7,yes,no,unknown,5,may,286,1,-1,0,unknown,no
67,retired,divorced,primary,no,1746,no,no,cellular,5,aug,134,1,-1,0,unknown,no
38,housemaid,divorced,tertiary,no,4312,no,no,cellular,15,may,67,4,175,6,failure,no
36,technician,single,tertiary,no,268,no,no,cellular,29,aug,54,12,-1,0,unknown,no
35,management,married,tertiary,no,365,no,no,cellular,21,nov,168,2,-1,0,unknown,no
58,services,married,secondary,no,1667,yes,yes,unknown,6,may,85,1,-1,0,unknown,no
34,technician,married,secondary,no,652,yes,yes,cellular,18,jul,50,4,-1,0,unknown,no
42,technician,married,secondary,no,1812,yes,no,cellular,31,jul,84,2,-1,0,unknown,no
33,technician,married,secondary,no,264,no,no,cellular,28,aug,180,4,-1,0,unknown,no
59,blue-collar,married,secondary,no,1376,no,yes,unknown,9,may,61,4,-1,0,unknown,no
38,blue-collar,married,primary,no,668,no,no,unknown,8,may,238,1,-1,0,unknown,no
33,services,married,secondary,no,703,no,no,cellular,18,nov,160,2,-1,0,unknown,no
33,management,married,tertiary,no,133,yes,no,unknown,26,may,308,4,-1,0,unknown,no
30,management,single,tertiary,no,277,yes,no,cellular,8,may,166,1,42,1,other,no
49,housemaid,married,primary,no,78,no,no,telephone,10,jul,139,1,-1,0,unknown,no
44,entrepreneur,divorced,secondary,no,1,no,no,cellular,31,jul,388,4,-1,0,unknown,no
45,management,married,tertiary,no,623,no,no,cellular,9,sep,405,3,-1,0,unknown,no
53,services,married,primary,no,8918,yes,no,telephone,23,jul,173,2,-1,0,unknown,no
34,blue-collar,married,secondary,no,199,yes,no,unknown,8,may,627,3,-1,0,unknown,no
39,technician,married,tertiary,no,437,no,no,telephone,27,may,186,2,-1,0,unknown,no
31,management,married,tertiary,no,0,yes,no,cellular,4,may,108,2,167,1,failure,no
46,blue-collar,divorced,secondary,no,709,yes,no,cellular,18,jul,100,4,-1,0,unknown,no
39,services,married,secondary,no,-311,yes,no,cellular,6,may,55,2,345,2,other,no
29,management,married,tertiary,no,7832,yes,no,unknown,27,may,304,2,-1,0,unknown,no
24,admin.,single,secondary,no,172,no,no,cellular,3,feb,114,1,-1,0,unknown,no
30,blue-collar,married,secondary,no,1131,yes,yes,cellular,18,nov,189,1,144,5,failure,no
55,management,single,tertiary,no,797,no,no,cellular,29,jul,24,2,-1,0,unknown,no
34,blue-collar,married,primary,no,425,yes,no,cellular,16,jul,1389,7,-1,0,unknown,no
56,entrepreneur,divorced,primary,no,29,no,no,cellular,29,jan,52,2,227,1,failure,no
33,management,single,tertiary,no,0,no,no,cellular,27,aug,191,4,-1,0,unknown,no
67,admin.,married,primary,no,1093,no,no,telephone,8,jul,64,3,-1,0,unknown,no
53,housemaid,married,primary,no,70,no,no,cellular,21,aug,77,8,-1,0,unknown,no
41,housemaid,married,primary,no,39,no,no,cellular,21,aug,299,4,-1,0,unknown,no
50,housemaid,married,tertiary,no,5260,yes,no,cellular,24,jul,51,2,-1,0,unknown,no
51,management,single,tertiary,no,4305,yes,no,cellular,4,may,126,1,-1,0,unknown,no
38,admin.,married,primary,no,1487,no,no,unknown,9,jun,332,2,-1,0,unknown,no
42,technician,divorced,secondary,no,-78,yes,yes,cellular,29,jul,10,23,-1,0,unknown,no
57,blue-collar,single,primary,no,3495,no,yes,cellular,19,nov,362,3,-1,0,unknown,no
22,student,single,unknown,no,3317,no,no,cellular,10,aug,148,1,-1,0,unknown,no
42,technician,married,tertiary,no,446,no,no,cellular,6,aug,286,3,-1,0,unknown,no
41,services,married,secondary,no,-140,no,yes,unknown,6,jun,190,1,-1,0,unknown,no
32,management,single,tertiary,no,728,yes,no,unknown,21,may,125,1,-1,0,unknown,no
42,technician,divorced,tertiary,no,802,no,no,telephone,28,jan,119,2,-1,0,unknown,no
32,services,single,tertiary,no,0,no,no,cellular,28,aug,23,12,-1,0,unknown,no
34,management,married,tertiary,no,0,no,no,cellular,29,aug,120,2,-1,0,unknown,no
53,services,divorced,primary,no,3107,no,no,unknown,5,jun,152,1,-1,0,unknown,no
38,services,married,primary,no,0,no,no,cellular,28,jul,33,3,-1,0,unknown,no
54,management,married,tertiary,no,1146,yes,no,cellular,12,aug,205,2,-1,0,unknown,no
33,management,married,tertiary,no,1195,yes,no,telephone,13,may,355,4,-1,0,unknown,no
40,blue-collar,married,secondary,no,280,yes,no,cellular,8,may,435,2,340,3,failure,no
27,blue-collar,single,primary,no,3955,yes,no,unknown,28,may,205,3,-1,0,unknown,no
53,blue-collar,married,secondary,no,1103,yes,yes,cellular,4,feb,101,2,250,4,failure,no
36,services,married,tertiary,no,0,yes,no,cellular,8,may,52,1,-1,0,unknown,no
38,housemaid,married,primary,no,3918,no,no,cellular,27,aug,101,3,-1,0,unknown,no
56,retired,married,secondary,no,4577,no,no,cellular,29,aug,133,2,-1,0,unknown,no
58,services,married,secondary,no,12180,no,no,unknown,16,jun,121,5,-1,0,unknown,no
47,technician,married,secondary,no,19,yes,no,unknown,6,may,105,2,-1,0,unknown,no
52,management,married,primary,no,48,no,no,unknown,9,jun,135,2,-1,0,unknown,no
31,blue-collar,married,secondary,no,255,yes,yes,cellular,18,may,295,1,-1,0,unknown,no
33,entrepreneur,married,secondary,no,135,yes,no,cellular,17,apr,114,1,345,2,failure,no
53,retired,married,secondary,no,303,yes,no,unknown,6,may,593,2,-1,0,unknown,no
41,entrepreneur,single,primary,no,7264,no,yes,unknown,1,jul,125,3,-1,0,unknown,no
42,unemployed,married,tertiary,no,0,no,no,cellular,8,oct,113,1,-1,0,unknown,no
42,services,divorced,secondary,no,444,no,no,cellular,21,nov,171,1,-1,0,unknown,no
44,blue-collar,single,primary,no,287,no,no,cellular,29,jan,301,1,-1,0,unknown,no
53,management,married,tertiary,no,800,no,no,cellular,18,nov,90,1,-1,0,unknown,no
47,entrepreneur,married,unknown,no,1481,yes,no,cellular,6,may,64,2,364,3,failure,no
31,management,single,tertiary,no,5691,yes,no,cellular,21,nov,37,2,123,1,failure,no
40,management,married,tertiary,no,294,yes,no,cellular,23,jul,97,5,-1,0,unknown,no
42,blue-collar,married,secondary,no,3,yes,no,unknown,14,may,34,1,-1,0,unknown,no
55,technician,married,secondary,no,462,no,no,cellular,11,aug,116,2,-1,0,unknown,no
59,technician,married,primary,no,3163,yes,no,unknown,29,may,240,2,-1,0,unknown,no
35,management,single,tertiary,no,4348,yes,no,cellular,2,apr,1074,3,217,8,failure,no
51,blue-collar,married,tertiary,no,7816,yes,no,unknown,12,may,76,2,-1,0,unknown,no
29,technician,single,secondary,no,5763,no,yes,cellular,5,jun,271,2,92,2,success,no
42,self-employed,married,secondary,no,240,yes,no,cellular,4,feb,183,1,189,16,other,no
39,management,married,tertiary,no,1654,no,yes,cellular,21,nov,151,1,-1,0,unknown,no
52,self-employed,married,secondary,no,-488,yes,no,unknown,29,may,322,1,-1,0,unknown,no
41,management,married,tertiary,no,-412,yes,no,cellular,29,jan,85,1,195,5,other,no
32,management,married,tertiary,no,282,no,no,cellular,22,aug,92,2,-1,0,unknown,no
49,management,married,tertiary,no,350,no,no,cellular,12,aug,238,6,-1,0,unknown,no
57,retired,married,primary,no,1623,yes,yes,cellular,18,jul,246,1,-1,0,unknown,no
53,services,divorced,primary,no,778,yes,no,cellular,17,apr,221,2,-1,0,unknown,no
33,management,single,tertiary,no,541,yes,yes,unknown,21,may,572,1,-1,0,unknown,no
50,management,married,tertiary,no,0,no,no,cellular,30,jan,199,1,205,1,failure,no
32,admin.,single,secondary,no,-32,no,no,cellular,29,jan,320,1,185,5,other,no
45,blue-collar,single,primary,no,999,no,no,cellular,29,jan,182,2,-1,0,unknown,no
34,management,married,tertiary,no,0,yes,no,unknown,20,may,150,1,-1,0,unknown,no
49,management,single,tertiary,no,1350,yes,yes,cellular,11,may,716,1,-1,0,unknown,no
44,management,single,tertiary,no,709,yes,no,cellular,19,nov,54,1,-1,0,unknown,no
35,blue-collar,single,primary,no,2040,no,no,cellular,21,nov,258,1,157,4,failure,no
31,management,married,tertiary,no,303,yes,no,unknown,14,may,143,1,-1,0,unknown,no
34,management,married,secondary,no,-311,yes,no,unknown,27,may,305,2,-1,0,unknown,no
49,technician,married,secondary,no,-142,yes,yes,cellular,23,jul,73,4,-1,0,unknown,no
34,blue-collar,married,primary,no,3868,yes,no,cellular,18,may,134,1,350,1,failure,no
57,blue-collar,divorced,primary,no,5041,yes,no,cellular,16,apr,284,1,336,1,failure,no
34,admin.,married,secondary,no,260,no,no,cellular,28,jan,50,1,-1,0,unknown,no
47,technician,divorced,secondary,no,157,yes,no,cellular,25,aug,163,8,-1,0,unknown,no
48,blue-collar,married,secondary,no,1513,no,yes,cellular,17,jul,1171,1,-1,0,unknown,no
36,technician,single,secondary,no,1044,yes,no,cellular,20,aug,15,19,-1,0,unknown,no
43,blue-collar,married,unknown,no,245,yes,no,cellular,16,apr,829,1,-1,0,unknown,no
62,self-employed,married,tertiary,no,3685,no,no,cellular,3,feb,181,3,-1,0,unknown,no
32,management,married,tertiary,no,1636,yes,no,cellular,18,nov,124,1,-1,0,unknown,no
35,management,married,tertiary,no,0,yes,no,cellular,5,may,310,1,-1,0,unknown,no
54,technician,married,primary,no,3067,yes,no,telephone,29,jul,222,3,-1,0,unknown,no
30,technician,married,secondary,no,384,no,no,cellular,25,aug,73,3,-1,0,unknown,no
35,management,single,tertiary,no,592,no,yes,unknown,14,may,192,1,-1,0,unknown,no
32,management,single,tertiary,no,1271,yes,no,unknown,20,may,51,1,-1,0,unknown,no
28,admin.,single,tertiary,no,1104,yes,no,cellular,28,jul,73,7,-1,0,unknown,no
31,blue-collar,single,secondary,no,23,no,no,cellular,21,nov,116,1,-1,0,unknown,no
28,blue-collar,married,secondary,no,1137,no,no,cellular,6,feb,129,4,211,3,other,no
41,technician,married,secondary,no,871,yes,no,unknown,6,may,145,1,-1,0,unknown,no
52,management,single,tertiary,no,4,no,yes,cellular,28,jul,30,9,-1,0,unknown,no
40,technician,married,secondary,no,192,no,no,cellular,7,aug,266,2,-1,0,unknown,no
42,blue-collar,married,primary,no,803,yes,no,unknown,7,may,171,2,-1,0,unknown,no
38,blue-collar,married,secondary,no,-40,yes,no,unknown,23,may,227,1,-1,0,unknown,no
34,admin.,married,secondary,no,-312,yes,no,unknown,9,may,232,1,-1,0,unknown,no
31,admin.,married,secondary,no,3540,yes,no,cellular,21,nov,441,1,-1,0,unknown,no
45,blue-collar,married,secondary,no,-221,yes,yes,unknown,3,jun,170,1,-1,0,unknown,no
34,blue-collar,married,secondary,no,467,yes,no,cellular,13,may,195,2,357,2,failure,no
53,technician,married,tertiary,no,476,yes,no,cellular,28,jan,160,1,-1,0,unknown,no
58,technician,married,secondary,no,116,no,no,unknown,16,jun,580,3,-1,0,unknown,no
37,admin.,married,secondary,no,0,yes,no,cellular,22,jul,185,1,-1,0,unknown,no
28,blue-collar,single,secondary,no,3817,yes,no,cellular,4,may,528,3,-1,0,unknown,no
36,technician,married,tertiary,no,1109,no,no,cellular,13,aug,328,2,-1,0,unknown,no
53,services,married,secondary,no,2925,yes,no,unknown,15,may,1392,4,-1,0,unknown,no
26,services,single,secondary,no,397,no,no,cellular,29,jan,268,1,-1,0,unknown,no
42,entrepreneur,married,tertiary,no,233,no,no,cellular,5,feb,446,1,-1,0,unknown,no
43,services,married,secondary,no,43,yes,no,cellular,18,may,199,1,-1,0,unknown,no
30,services,single,secondary,no,101,yes,no,cellular,19,nov,85,2,-1,0,unknown,no
57,management,married,tertiary,no,1410,yes,no,cellular,10,jul,185,1,-1,0,unknown,no
33,student,single,unknown,no,5969,no,no,cellular,30,apr,110,1,83,7,failure,no
42,management,divorced,secondary,no,-272,no,no,cellular,8,jul,186,1,-1,0,unknown,no
32,blue-collar,single,secondary,no,1036,yes,yes,unknown,30,may,62,2,-1,0,unknown,no
42,technician,married,secondary,no,9324,no,no,cellular,27,aug,67,4,-1,0,unknown,no
41,technician,married,secondary,no,1043,yes,yes,unknown,14,may,225,1,-1,0,unknown,no
48,entrepreneur,married,secondary,no,183,yes,no,unknown,3,jun,203,9,-1,0,unknown,no
24,management,single,secondary,no,86,no,no,unknown,2,jun,1075,2,-1,0,unknown,no
45,blue-collar,married,primary,no,2388,no,no,cellular,11,aug,317,2,-1,0,unknown,no
52,retired,married,secondary,no,0,no,no,cellular,22,aug,351,5,-1,0,unknown,no
49,self-employed,married,tertiary,no,503,yes,no,cellular,6,feb,310,4,200,1,failure,no
26,technician,single,tertiary,no,192,yes,no,unknown,15,may,477,1,-1,0,unknown,no
41,management,married,tertiary,no,15,no,no,unknown,20,jun,13,5,-1,0,unknown,no
52,retired,married,tertiary,no,350,no,yes,cellular,9,jul,156,1,-1,0,unknown,no
38,blue-collar,married,secondary,no,2008,yes,no,cellular,18,nov,354,1,-1,0,unknown,no
42,technician,single,tertiary,no,35,yes,yes,cellular,17,nov,38,1,115,5,other,no
40,services,divorced,secondary,no,160,no,no,cellular,14,jul,123,3,-1,0,unknown,no
41,student,single,secondary,no,1934,yes,no,cellular,21,nov,162,2,-1,0,unknown,no
31,unemployed,single,tertiary,no,1489,yes,no,cellular,3,feb,678,1,-1,0,unknown,no
46,unknown,married,unknown,no,2911,no,no,telephone,7,jul,41,9,-1,0,unknown,no
51,self-employed,married,secondary,no,1178,no,no,cellular,6,aug,530,2,-1,0,unknown,no
29,services,married,secondary,no,57,yes,no,telephone,21,jul,342,9,-1,0,unknown,no
27,management,single,tertiary,no,3104,yes,no,unknown,28,may,160,2,-1,0,unknown,no
35,management,married,tertiary,no,648,no,no,cellular,30,jul,674,2,-1,0,unknown,no
36,admin.,single,secondary,no,10041,yes,no,cellular,20,nov,91,2,184,1,other,no
33,management,single,tertiary,no,1150,yes,no,telephone,12,may,109,2,-1,0,unknown,no
45,services,married,secondary,no,27,yes,yes,cellular,31,jul,43,2,-1,0,unknown,no
30,management,single,tertiary,no,7845,yes,no,unknown,3,jun,59,1,-1,0,unknown,no
37,blue-collar,married,primary,no,157,yes,no,unknown,30,may,833,8,-1,0,unknown,no
34,unemployed,married,secondary,no,428,yes,no,cellular,7,apr,221,2,267,3,other,no
44,technician,single,secondary,no,54,no,yes,cellular,19,aug,199,2,-1,0,unknown,no
39,entrepreneur,married,tertiary,yes,1,yes,yes,unknown,29,may,102,1,-1,0,unknown,no
32,blue-collar,single,tertiary,no,3014,yes,no,cellular,7,may,291,2,-1,0,unknown,no
49,management,married,tertiary,no,735,yes,no,unknown,13,may,50,3,-1,0,unknown,no
36,management,married,tertiary,no,1257,no,no,cellular,8,feb,108,9,101,1,other,no
30,admin.,single,secondary,no,585,no,yes,cellular,2,feb,7,6,-1,0,unknown,no
38,self-employed,divorced,secondary,no,2674,yes,no,unknown,19,jun,163,2,-1,0,unknown,no
43,blue-collar,married,secondary,no,625,yes,no,unknown,30,sep,175,1,-1,0,unknown,no
35,management,single,secondary,no,73,yes,no,unknown,28,may,79,2,-1,0,unknown,no
40,blue-collar,married,secondary,no,95,no,yes,unknown,20,jun,61,4,-1,0,unknown,no
50,blue-collar,married,primary,no,106,no,no,cellular,12,aug,460,2,-1,0,unknown,no
57,technician,married,secondary,no,28,yes,no,cellular,8,may,163,1,358,1,failure,no
48,services,married,secondary,no,1573,no,no,cellular,5,aug,165,1,-1,0,unknown,no
72,retired,married,primary,no,0,no,no,cellular,29,dec,215,2,-1,0,unknown,no
37,technician,married,primary,no,0,yes,no,unknown,6,may,76,4,-1,0,unknown,no
59,retired,divorced,primary,no,217,yes,no,unknown,26,may,574,3,-1,0,unknown,no
57,retired,married,tertiary,no,11254,no,no,cellular,30,jul,229,2,-1,0,unknown,no
47,housemaid,married,secondary,yes,-1531,yes,no,cellular,31,jul,156,8,-1,0,unknown,no
58,retired,married,tertiary,no,4048,no,yes,cellular,15,jul,270,5,-1,0,unknown,no
70,retired,married,secondary,no,1310,no,no,cellular,15,oct,634,1,-1,0,unknown,no
29,management,single,tertiary,no,573,yes,yes,unknown,16,jun,190,4,-1,0,unknown,no
56,management,married,tertiary,no,6798,yes,no,cellular,17,nov,250,1,-1,0,unknown,no
39,technician,single,unknown,no,75,no,no,unknown,6,jun,26,1,-1,0,unknown,no
36,management,married,tertiary,no,2326,yes,no,cellular,20,nov,7,5,-1,0,unknown,no
34,blue-collar,married,primary,no,-78,yes,no,unknown,9,may,198,1,-1,0,unknown,no
50,admin.,divorced,secondary,yes,2405,yes,no,cellular,6,may,114,1,287,8,failure,no
48,technician,divorced,tertiary,no,113,no,yes,cellular,22,jul,38,1,-1,0,unknown,no
31,technician,single,secondary,no,4105,no,no,cellular,30,apr,264,1,-1,0,unknown,no
30,services,married,secondary,no,1808,yes,no,cellular,18,may,83,2,-1,0,unknown,no
59,management,divorced,tertiary,no,1304,no,no,unknown,18,jun,220,1,-1,0,unknown,no
25,management,single,tertiary,no,1602,yes,no,cellular,26,may,154,1,-1,0,unknown,no
36,technician,married,secondary,no,84,yes,no,unknown,20,may,67,1,-1,0,unknown,no
56,retired,married,primary,no,1906,no,yes,unknown,19,jun,45,9,-1,0,unknown,no
31,management,single,tertiary,no,518,yes,no,cellular,18,may,399,1,-1,0,unknown,no
32,management,married,secondary,no,1477,yes,no,cellular,18,nov,111,1,-1,0,unknown,no
42,blue-collar,married,secondary,no,160,yes,yes,unknown,26,jun,190,1,-1,0,unknown,no
38,technician,divorced,secondary,no,-397,yes,yes,cellular,21,jul,91,9,-1,0,unknown,no
30,admin.,married,secondary,no,590,no,no,cellular,11,aug,443,3,-1,0,unknown,no
50,technician,married,secondary,no,778,no,no,cellular,23,jul,16,1,-1,0,unknown,no
50,management,married,tertiary,no,19,no,yes,cellular,23,jul,205,1,-1,0,unknown,no
43,admin.,married,secondary,no,0,no,no,unknown,20,jun,804,12,-1,0,unknown,no
47,management,married,tertiary,no,274,no,yes,cellular,4,feb,313,2,-1,0,unknown,no
42,blue-collar,single,primary,no,92,no,no,cellular,30,jul,86,2,-1,0,unknown,no
52,blue-collar,divorced,primary,yes,-183,yes,no,unknown,6,may,145,1,-1,0,unknown,no
38,management,married,tertiary,no,0,no,no,cellular,28,aug,77,18,-1,0,unknown,no
53,technician,married,unknown,no,2242,no,no,cellular,10,jul,154,14,-1,0,unknown,no
46,blue-collar,married,secondary,no,137,no,no,unknown,20,jun,252,3,-1,0,unknown,no
34,technician,single,secondary,no,5731,yes,no,cellular,21,jul,101,3,-1,0,unknown,no
55,blue-collar,married,primary,no,158,yes,no,unknown,15,may,176,18,-1,0,unknown,no
29,technician,single,secondary,no,309,yes,no,unknown,13,may,214,1,-1,0,unknown,no
41,management,married,primary,no,733,yes,no,cellular,7,may,69,1,335,7,failure,no
34,management,single,tertiary,no,0,yes,no,unknown,21,may,759,1,-1,0,unknown,no
41,self-employed,married,unknown,no,1377,yes,no,cellular,15,may,111,4,371,2,other,no
51,blue-collar,married,secondary,no,0,yes,no,unknown,5,may,173,2,-1,0,unknown,no
39,entrepreneur,married,secondary,no,0,no,no,cellular,21,nov,108,7,-1,0,unknown,no
44,technician,married,tertiary,no,717,no,no,cellular,3,jun,150,2,-1,0,unknown,no
33,management,single,tertiary,no,561,no,no,cellular,7,apr,104,1,-1,0,unknown,no
39,management,divorced,tertiary,no,3261,yes,no,unknown,9,jun,150,17,-1,0,unknown,no
46,management,single,tertiary,no,2223,no,no,unknown,12,jun,67,3,-1,0,unknown,no
47,admin.,married,secondary,no,29,no,yes,cellular,22,aug,150,8,-1,0,unknown,no
44,management,married,tertiary,no,17361,no,no,unknown,18,jun,476,1,-1,0,unknown,no
33,technician,divorced,secondary,no,370,yes,no,cellular,11,aug,145,4,-1,0,unknown,no
43,management,divorced,tertiary,no,666,no,no,cellular,13,aug,160,3,-1,0,unknown,no
29,admin.,married,secondary,no,0,yes,no,unknown,9,may,121,1,-1,0,unknown,no
56,management,married,tertiary,no,705,no,no,cellular,19,nov,164,2,-1,0,unknown,no
57,retired,married,tertiary,no,34,no,yes,cellular,28,jan,139,1,-1,0,unknown,no
47,blue-collar,single,unknown,no,2443,no,no,unknown,18,jun,422,1,-1,0,unknown,no
34,management,married,tertiary,no,63,no,no,cellular,18,nov,83,1,102,2,failure,no
36,blue-collar,married,secondary,no,418,yes,yes,cellular,13,may,132,2,-1,0,unknown,no
46,management,married,tertiary,no,0,yes,no,cellular,14,jul,247,2,-1,0,unknown,no
31,admin.,married,secondary,no,8784,yes,no,unknown,21,may,63,2,-1,0,unknown,no
31,technician,single,secondary,no,1970,no,no,telephone,17,apr,284,3,-1,0,unknown,no
50,blue-collar,divorced,secondary,no,204,yes,yes,unknown,14,may,421,1,-1,0,unknown,no
47,blue-collar,married,primary,no,304,yes,no,unknown,12,may,185,1,-1,0,unknown,no
26,management,single,tertiary,no,1177,no,no,cellular,19,oct,116,1,-1,0,unknown,no
66,management,married,unknown,no,2149,yes,no,cellular,30,nov,151,6,103,4,other,no
31,unknown,married,tertiary,no,526,no,no,cellular,26,aug,130,13,-1,0,unknown,no
33,management,married,tertiary,no,0,yes,yes,cellular,14,may,83,2,-1,0,unknown,no
32,unemployed,married,secondary,no,365,yes,no,cellular,30,jan,210,3,-1,0,unknown,no
53,entrepreneur,single,unknown,no,717,no,no,cellular,30,jul,594,2,-1,0,unknown,no
57,management,married,tertiary,yes,1218,yes,no,cellular,18,jul,317,6,-1,0,unknown,no
45,blue-collar,married,primary,no,351,yes,no,unknown,19,jun,66,1,-1,0,unknown,no
57,retired,married,primary,no,1532,no,no,telephone,6,feb,286,3,-1,0,unknown,no
37,self-employed,married,secondary,no,1549,yes,no,unknown,20,jun,161,7,-1,0,unknown,no
35,technician,married,tertiary,no,6,yes,no,cellular,18,nov,47,1,-1,0,unknown,no
46,management,married,tertiary,no,110,yes,yes,cellular,20,aug,243,5,-1,0,unknown,no
49,blue-collar,married,secondary,no,1127,yes,yes,cellular,17,apr,162,2,281,1,failure,no
27,student,single,unknown,no,468,no,no,cellular,4,feb,270,2,-1,0,unknown,no
43,services,married,secondary,no,2478,yes,no,cellular,28,jan,347,1,230,1,failure,no
48,blue-collar,married,primary,no,3304,no,no,unknown,11,jun,409,3,-1,0,unknown,no
30,blue-collar,married,secondary,no,0,yes,no,unknown,26,may,30,1,-1,0,unknown,no
36,services,married,secondary,no,472,yes,no,unknown,19,jun,1017,1,-1,0,unknown,no
50,management,married,tertiary,no,398,no,no,telephone,30,jul,1567,5,-1,0,unknown,no
58,unemployed,married,secondary,no,610,yes,no,telephone,29,jul,246,2,-1,0,unknown,no
32,management,single,tertiary,yes,4,no,no,cellular,29,jan,181,1,-1,0,unknown,no
50,technician,married,secondary,no,892,yes,yes,unknown,15,may,234,1,-1,0,unknown,no
40,blue-collar,married,primary,no,-35,yes,no,cellular,18,may,194,3,-1,0,unknown,no
35,self-employed,married,secondary,no,2251,no,no,cellular,19,aug,151,8,-1,0,unknown,no
39,housemaid,married,primary,no,2460,no,no,cellular,11,jul,194,3,-1,0,unknown,no
34,blue-collar,married,secondary,no,34,no,no,cellular,30,jan,379,1,-1,0,unknown,no
36,admin.,single,secondary,no,1281,no,no,telephone,24,jul,119,2,-1,0,unknown,no
41,blue-collar,married,secondary,no,1459,no,no,unknown,5,jun,82,1,-1,0,unknown,no
25,blue-collar,single,primary,no,-289,yes,no,telephone,13,may,56,2,-1,0,unknown,no
29,services,single,secondary,no,9,no,yes,cellular,8,jul,202,2,-1,0,unknown,no
47,blue-collar,married,primary,no,113,yes,no,unknown,13,may,276,1,-1,0,unknown,no
49,entrepreneur,married,secondary,no,89,yes,no,cellular,12,may,351,1,-1,0,unknown,no
49,services,married,unknown,no,463,yes,no,telephone,15,jul,541,2,-1,0,unknown,no
32,services,single,secondary,no,310,yes,no,unknown,6,may,144,1,-1,0,unknown,no
53,technician,married,secondary,no,65,no,no,cellular,25,nov,99,1,92,2,failure,no
32,management,single,tertiary,no,974,yes,no,unknown,3,jun,228,1,-1,0,unknown,no
56,self-employed,married,secondary,no,784,no,yes,cellular,30,jul,149,2,-1,0,unknown,no
37,blue-collar,married,secondary,no,342,yes,no,cellular,12,may,340,2,175,1,failure,no
58,technician,married,unknown,no,49,yes,no,unknown,15,may,75,2,-1,0,unknown,no
46,blue-collar,divorced,primary,no,916,yes,no,cellular,11,may,472,2,-1,0,unknown,no
42,unemployed,divorced,secondary,no,325,yes,no,unknown,28,may,97,4,-1,0,unknown,no
29,blue-collar,single,secondary,no,0,no,no,cellular,6,feb,437,2,-1,0,unknown,no
35,admin.,married,secondary,no,-488,yes,no,unknown,2,jun,97,4,-1,0,unknown,no
48,management,married,tertiary,no,7867,yes,yes,unknown,30,may,306,3,-1,0,unknown,no
48,management,married,tertiary,no,291,yes,no,telephone,23,jul,350,2,-1,0,unknown,no
26,blue-collar,single,secondary,no,658,no,yes,telephone,23,jul,34,4,-1,0,unknown,no
27,management,single,tertiary,yes,0,no,yes,cellular,8,jul,46,1,-1,0,unknown,no
45,technician,married,secondary,no,2403,no,no,cellular,21,nov,207,1,-1,0,unknown,no
28,services,single,secondary,no,123,yes,no,cellular,6,may,115,1,359,3,failure,no
35,technician,single,primary,no,744,yes,no,cellular,7,apr,1096,1,-1,0,unknown,no
31,management,single,tertiary,no,-173,yes,no,unknown,6,may,396,2,-1,0,unknown,no
35,services,single,secondary,no,1239,yes,no,cellular,5,may,60,2,347,1,failure,no
54,retired,married,secondary,no,3846,yes,yes,unknown,19,jun,216,2,-1,0,unknown,no
41,admin.,married,secondary,no,0,yes,no,cellular,17,nov,595,2,-1,0,unknown,no
47,entrepreneur,married,secondary,no,0,no,no,unknown,19,jun,563,2,-1,0,unknown,no
72,retired,married,primary,no,2079,no,no,cellular,13,aug,100,1,191,3,other,no
39,housemaid,married,primary,no,34,yes,no,cellular,14,jul,377,3,-1,0,unknown,no
31,blue-collar,married,primary,no,292,yes,yes,unknown,30,may,30,18,-1,0,unknown,no
52,admin.,married,secondary,no,1113,no,yes,cellular,8,jul,83,1,-1,0,unknown,no
45,management,married,tertiary,no,904,yes,yes,unknown,20,jun,14,9,-1,0,unknown,no
29,admin.,single,secondary,no,-498,yes,no,cellular,2,feb,99,3,227,14,failure,no
35,blue-collar,married,secondary,no,67,no,no,unknown,20,may,60,6,-1,0,unknown,no
41,self-employed,married,secondary,no,305,yes,no,cellular,13,may,174,2,-1,0,unknown,no
45,services,married,primary,no,7811,no,no,unknown,16,jun,143,2,-1,0,unknown,no
59,retired,married,secondary,no,5744,no,no,unknown,18,jun,632,1,-1,0,unknown,no
54,management,single,secondary,no,602,no,no,cellular,30,jul,101,2,-1,0,unknown,no
37,management,married,tertiary,no,5016,no,no,cellular,8,aug,119,1,-1,0,unknown,no
45,self-employed,married,tertiary,no,-497,yes,yes,cellular,15,may,217,1,176,1,failure,no
34,services,single,secondary,no,544,yes,no,unknown,27,may,257,2,-1,0,unknown,no
40,management,married,tertiary,no,7780,no,no,telephone,4,may,364,1,355,1,other,no
50,management,married,tertiary,no,67,no,yes,unknown,20,jun,156,3,-1,0,unknown,no
49,blue-collar,married,secondary,no,134,yes,yes,unknown,27,may,265,2,-1,0,unknown,no
37,technician,married,secondary,no,1824,yes,no,cellular,3,jul,112,2,324,2,other,no
36,services,married,secondary,no,0,yes,yes,cellular,15,jul,201,4,-1,0,unknown,no
50,self-employed,married,secondary,no,1138,no,no,cellular,14,aug,219,10,-1,0,unknown,no
49,blue-collar,married,primary,no,1898,no,no,cellular,21,aug,159,1,-1,0,unknown,no
35,services,married,secondary,no,142,yes,no,cellular,20,nov,315,2,196,4,failure,no
45,blue-collar,married,primary,no,4696,no,no,unknown,17,jun,99,1,-1,0,unknown,no
30,management,single,secondary,no,135,no,no,cellular,14,aug,112,2,-1,0,unknown,no
47,self-employed,married,primary,no,574,yes,no,cellular,20,nov,137,5,-1,0,unknown,no
41,management,single,tertiary,no,0,no,no,cellular,7,aug,91,2,-1,0,unknown,no
35,unemployed,married,secondary,no,1,yes,no,cellular,28,jul,173,8,-1,0,unknown,no
54,admin.,married,tertiary,no,59,yes,no,cellular,10,jul,268,1,-1,0,unknown,no
33,blue-collar,married,secondary,no,58,no,no,unknown,16,may,144,2,-1,0,unknown,no
35,services,married,secondary,no,0,no,no,unknown,9,jun,115,4,-1,0,unknown,no
58,technician,single,secondary,no,382,no,no,cellular,13,aug,460,2,-1,0,unknown,no
51,technician,married,secondary,no,130,no,no,cellular,22,aug,547,3,-1,0,unknown,no
37,technician,married,secondary,no,0,yes,yes,cellular,15,jul,101,3,-1,0,unknown,no
51,management,married,tertiary,no,1394,yes,no,cellular,5,aug,115,1,-1,0,unknown,no
35,blue-collar,married,secondary,no,975,yes,no,cellular,16,jul,102,1,-1,0,unknown,no
47,admin.,married,tertiary,no,12276,no,no,unknown,20,jun,77,5,-1,0,unknown,no
43,admin.,single,secondary,no,6,no,no,cellular,4,feb,58,1,264,1,failure,no
54,blue-collar,married,secondary,no,1070,no,no,cellular,18,nov,373,4,-1,0,unknown,no
51,blue-collar,married,secondary,no,50,yes,yes,unknown,6,may,121,1,-1,0,unknown,no
32,management,married,tertiary,no,62,yes,no,telephone,13,nov,45,1,-1,0,unknown,no
30,technician,single,secondary,no,925,no,no,cellular,20,nov,240,1,-1,0,unknown,no
42,management,divorced,primary,no,0,yes,no,cellular,19,nov,73,5,-1,0,unknown,no
35,blue-collar,married,secondary,no,120,yes,no,unknown,28,may,245,2,-1,0,unknown,no
42,technician,divorced,secondary,no,0,yes,no,unknown,28,may,471,2,-1,0,unknown,no
48,management,married,tertiary,no,2498,no,no,cellular,14,aug,98,2,-1,0,unknown,no
37,blue-collar,married,secondary,no,288,yes,no,cellular,5,may,159,6,-1,0,unknown,no
44,blue-collar,divorced,secondary,no,-222,yes,no,unknown,27,may,112,3,-1,0,unknown,no
28,services,single,secondary,no,159,yes,no,telephone,12,may,345,2,-1,0,unknown,no
35,management,single,tertiary,no,304,yes,no,cellular,19,nov,274,2,-1,0,unknown,no
30,management,single,secondary,no,1299,no,no,cellular,14,aug,515,2,-1,0,unknown,no
36,blue-collar,married,secondary,no,537,no,yes,cellular,7,jul,206,6,-1,0,unknown,no
28,blue-collar,married,secondary,no,708,yes,no,unknown,6,jun,339,5,-1,0,unknown,no
31,services,single,secondary,no,671,yes,no,unknown,7,may,193,3,-1,0,unknown,no
30,technician,single,secondary,no,486,no,no,cellular,28,jan,335,3,-1,0,unknown,no
31,services,married,secondary,no,-414,yes,no,cellular,6,may,1369,3,-1,0,unknown,no
48,admin.,married,secondary,no,1060,yes,no,cellular,20,apr,87,2,318,3,failure,no
34,blue-collar,married,secondary,no,808,yes,yes,cellular,17,jul,20,3,-1,0,unknown,no
31,admin.,single,secondary,no,396,yes,no,unknown,19,may,104,1,-1,0,unknown,no
40,technician,married,secondary,no,-28,yes,yes,unknown,30,may,289,2,-1,0,unknown,no
33,management,married,tertiary,no,310,no,no,cellular,29,aug,179,2,-1,0,unknown,no
33,blue-collar,married,secondary,no,0,yes,yes,cellular,28,jul,83,12,-1,0,unknown,no
54,retired,married,secondary,no,-152,yes,yes,unknown,26,may,14,11,-1,0,unknown,no
35,admin.,married,secondary,no,907,no,yes,unknown,2,jul,97,4,-1,0,unknown,no
41,blue-collar,single,primary,no,22,yes,no,unknown,14,may,152,1,-1,0,unknown,no
28,blue-collar,single,secondary,no,0,no,yes,cellular,31,jul,11,21,-1,0,unknown,no
34,student,single,unknown,no,2321,no,no,cellular,9,nov,600,2,99,5,failure,no
46,technician,divorced,secondary,no,1,yes,yes,unknown,26,may,200,3,-1,0,unknown,no
38,technician,married,secondary,no,20,no,no,cellular,2,feb,147,1,-1,0,unknown,no
30,admin.,married,secondary,no,39,yes,no,cellular,28,jul,101,3,-1,0,unknown,no
39,blue-collar,married,primary,no,332,yes,no,unknown,8,may,277,3,-1,0,unknown,no
42,management,married,tertiary,no,687,no,no,cellular,11,aug,667,2,-1,0,unknown,no
55,retired,married,primary,no,1821,no,no,cellular,8,aug,224,2,-1,0,unknown,no
56,retired,married,secondary,no,878,no,no,unknown,20,jun,123,3,-1,0,unknown,no
36,admin.,married,secondary,no,110,yes,no,telephone,4,feb,185,1,-1,0,unknown,no
34,housemaid,single,primary,no,443,no,no,cellular,30,jan,10,1,2,1,other,no
48,technician,married,primary,no,788,no,no,telephone,9,jul,36,2,-1,0,unknown,no
49,services,divorced,secondary,no,933,no,yes,cellular,29,jul,92,33,-1,0,unknown,no
44,entrepreneur,married,tertiary,no,1631,yes,no,cellular,17,nov,81,1,195,2,failure,no
44,unemployed,married,secondary,yes,-505,yes,no,unknown,3,jun,113,11,-1,0,unknown,no
60,admin.,married,secondary,no,7336,no,no,cellular,31,mar,494,1,-1,0,unknown,no
51,blue-collar,married,secondary,no,-92,yes,no,unknown,4,jun,28,4,-1,0,unknown,no
44,admin.,married,secondary,no,497,yes,no,cellular,3,feb,321,3,270,2,other,no
42,blue-collar,married,secondary,no,3,yes,no,cellular,12,may,118,1,-1,0,unknown,no
49,admin.,married,secondary,no,1096,yes,no,cellular,17,apr,609,1,303,5,failure,no
40,management,married,tertiary,no,413,yes,no,unknown,14,may,150,1,-1,0,unknown,no
39,services,married,secondary,no,20928,no,no,cellular,14,may,1166,1,352,1,other,no
42,services,married,secondary,no,115,yes,yes,cellular,17,apr,161,1,149,2,failure,no
32,blue-collar,married,secondary,no,320,yes,yes,cellular,3,feb,22,4,-1,0,unknown,no
48,management,divorced,tertiary,no,148,no,no,cellular,12,aug,152,2,-1,0,unknown,no
58,management,married,tertiary,no,2261,yes,no,cellular,3,jun,1361,1,391,1,failure,no
43,blue-collar,married,primary,no,18,yes,no,cellular,14,may,131,2,370,3,other,no
41,blue-collar,married,secondary,no,393,yes,yes,cellular,10,jul,122,1,-1,0,unknown,no
27,admin.,single,secondary,no,125,no,no,cellular,21,jul,104,1,288,8,failure,no
43,admin.,married,secondary,no,315,no,no,cellular,23,jul,129,2,-1,0,unknown,no
57,blue-collar,married,secondary,no,773,yes,yes,unknown,18,jun,97,8,-1,0,unknown,no
27,blue-collar,single,secondary,no,317,yes,no,unknown,20,may,16,10,-1,0,unknown,no
31,blue-collar,single,primary,no,2369,yes,no,cellular,18,may,87,1,-1,0,unknown,no
36,admin.,divorced,tertiary,no,125,yes,no,unknown,26,may,172,1,-1,0,unknown,no
32,housemaid,married,primary,no,51,yes,no,cellular,12,may,324,1,-1,0,unknown,no
52,management,married,secondary,no,0,yes,yes,unknown,27,may,62,13,-1,0,unknown,no
48,blue-collar,married,primary,no,456,yes,yes,unknown,19,may,289,1,-1,0,unknown,no
57,retired,married,secondary,no,3783,yes,no,unknown,6,jun,198,3,-1,0,unknown,no
37,technician,married,secondary,no,261,no,no,cellular,29,aug,301,4,-1,0,unknown,no
53,housemaid,married,secondary,no,1182,yes,no,cellular,7,sep,82,1,293,1,failure,no
32,technician,married,unknown,no,102,yes,no,unknown,21,may,12,11,-1,0,unknown,no
60,self-employed,married,secondary,no,0,no,no,unknown,6,jun,97,1,-1,0,unknown,no
27,blue-collar,single,secondary,no,23,no,no,cellular,26,feb,590,2,-1,0,unknown,no
46,services,married,primary,no,116,yes,no,cellular,18,may,267,4,341,3,failure,no
37,management,single,tertiary,no,10269,yes,no,cellular,18,may,28,2,-1,0,unknown,no
32,entrepreneur,married,secondary,no,1996,yes,no,cellular,18,nov,271,1,-1,0,unknown,no
38,services,married,secondary,no,-349,yes,no,cellular,20,apr,111,2,328,5,failure,no
45,admin.,married,secondary,no,6971,no,no,cellular,22,may,119,1,-1,0,unknown,no
51,blue-collar,married,primary,no,4497,yes,no,unknown,15,may,276,3,-1,0,unknown,no
38,technician,single,tertiary,no,2496,no,no,unknown,17,jun,193,1,-1,0,unknown,no
57,technician,married,primary,no,0,no,no,unknown,5,jun,58,8,-1,0,unknown,no
39,blue-collar,single,secondary,no,1170,no,no,unknown,6,jun,383,1,-1,0,unknown,no
32,blue-collar,single,secondary,no,232,no,no,unknown,13,dec,232,1,-1,0,unknown,no
43,blue-collar,married,primary,yes,1202,no,no,unknown,30,may,295,1,-1,0,unknown,no
33,admin.,single,tertiary,no,867,yes,no,cellular,14,apr,247,1,-1,0,unknown,no
31,admin.,single,secondary,no,-422,yes,no,cellular,18,may,64,2,329,15,other,no
45,admin.,married,secondary,no,67,no,no,cellular,5,feb,326,2,-1,0,unknown,no
42,management,married,tertiary,no,72,yes,no,cellular,20,apr,124,2,348,3,failure,no
25,blue-collar,single,secondary,no,84,yes,no,cellular,18,may,6,2,-1,0,unknown,no
33,blue-collar,married,primary,no,925,no,no,cellular,20,nov,884,3,-1,0,unknown,no
29,blue-collar,married,secondary,no,0,yes,no,cellular,11,may,116,6,-1,0,unknown,no
38,technician,married,secondary,no,1,yes,no,cellular,21,nov,57,5,199,1,success,no
39,management,divorced,secondary,no,4314,yes,no,cellular,20,nov,141,4,-1,0,unknown,no
47,technician,married,tertiary,no,2155,no,no,unknown,20,jun,178,3,-1,0,unknown,no
56,management,married,secondary,no,230,no,no,unknown,9,may,73,4,-1,0,unknown,no
54,management,divorced,tertiary,no,7010,no,no,cellular,11,mar,275,2,-1,0,unknown,no
31,management,married,tertiary,no,84,no,yes,unknown,1,jul,143,1,-1,0,unknown,no
21,student,single,unknown,no,200,no,no,unknown,1,jun,8,1,-1,0,unknown,no
51,technician,married,secondary,no,2937,no,no,telephone,21,nov,30,3,-1,0,unknown,no
55,blue-collar,married,secondary,no,660,no,no,unknown,5,jun,348,1,-1,0,unknown,no
32,admin.,divorced,secondary,no,-273,yes,no,cellular,5,may,64,1,-1,0,unknown,no
53,management,married,tertiary,no,7067,no,no,unknown,6,jun,82,3,-1,0,unknown,no
41,management,married,tertiary,no,65,yes,no,unknown,6,may,524,2,-1,0,unknown,no
25,management,single,tertiary,no,490,no,no,cellular,7,sep,394,1,-1,0,unknown,no
56,management,single,tertiary,no,6507,yes,yes,cellular,29,jan,134,1,196,1,failure,no
28,services,married,secondary,no,4,yes,no,unknown,27,jun,133,5,-1,0,unknown,no
33,services,single,secondary,no,1852,no,no,telephone,25,feb,371,1,204,3,other,no
54,technician,married,secondary,no,719,yes,no,cellular,2,feb,242,1,264,1,failure,no
46,technician,married,secondary,no,363,yes,no,cellular,6,aug,209,3,-1,0,unknown,no
20,student,single,primary,no,0,no,no,cellular,1,feb,143,5,91,8,failure,no
31,services,married,secondary,no,505,no,no,cellular,11,jul,773,3,-1,0,unknown,no
27,technician,single,tertiary,no,11862,no,no,telephone,25,may,281,5,101,1,success,no
38,services,married,secondary,no,-762,yes,yes,unknown,30,may,408,2,-1,0,unknown,no
40,blue-collar,married,secondary,no,273,yes,no,unknown,19,jun,1082,1,-1,0,unknown,no
36,technician,married,secondary,no,1345,yes,no,unknown,30,may,231,3,-1,0,unknown,no
52,blue-collar,married,secondary,no,1027,no,no,cellular,23,jul,59,1,-1,0,unknown,no
43,admin.,married,secondary,no,59,yes,no,cellular,15,jul,60,3,-1,0,unknown,no
29,unemployed,single,unknown,no,67,no,no,cellular,28,jan,330,2,-1,0,unknown,no
36,blue-collar,married,secondary,no,-206,yes,no,unknown,8,may,177,2,-1,0,unknown,no
29,technician,single,secondary,no,-13,yes,no,cellular,14,may,512,3,-1,0,unknown,no
58,retired,divorced,unknown,no,5920,yes,no,cellular,21,nov,96,1,121,1,failure,no
33,management,single,tertiary,no,2667,yes,no,cellular,18,may,57,1,180,3,failure,no
41,management,married,tertiary,no,144,no,no,cellular,27,feb,123,3,-1,0,unknown,no
29,blue-collar,married,primary,no,258,yes,no,unknown,26,may,130,1,-1,0,unknown,no
49,blue-collar,divorced,secondary,yes,259,no,no,unknown,16,may,283,2,-1,0,unknown,no
56,admin.,married,secondary,no,292,yes,no,unknown,28,may,228,9,-1,0,unknown,no
31,management,single,tertiary,no,2384,yes,no,cellular,14,apr,608,2,-1,0,unknown,no
29,technician,single,secondary,no,307,yes,no,cellular,3,feb,216,1,-1,0,unknown,no
53,management,married,tertiary,no,1348,no,yes,cellular,17,jul,120,3,-1,0,unknown,no
48,blue-collar,married,secondary,no,741,yes,no,cellular,16,apr,227,1,-1,0,unknown,no
52,management,single,tertiary,no,741,no,no,cellular,7,aug,63,2,-1,0,unknown,no
54,management,married,secondary,no,1660,no,no,cellular,20,nov,337,3,-1,0,unknown,no
44,self-employed,married,unknown,no,163,yes,no,cellular,12,aug,44,1,100,3,success,no
65,retired,married,primary,no,493,no,no,cellular,16,oct,622,1,182,1,failure,no
49,management,married,unknown,no,0,no,no,cellular,19,nov,99,2,-1,0,unknown,no
34,management,married,tertiary,no,179,yes,no,cellular,20,nov,184,1,-1,0,unknown,no
28,services,single,secondary,no,6332,yes,no,telephone,7,may,149,1,343,4,failure,no
34,services,married,secondary,no,-451,yes,yes,cellular,23,jul,498,1,-1,0,unknown,no
53,management,married,tertiary,no,261,no,no,cellular,19,aug,100,2,-1,0,unknown,no
58,retired,married,secondary,no,235,no,no,cellular,27,aug,88,4,-1,0,unknown,no
50,management,divorced,tertiary,no,405,no,no,cellular,2,apr,82,6,-1,0,unknown,no
37,blue-collar,married,primary,no,3517,yes,no,unknown,23,may,445,1,-1,0,unknown,no
41,blue-collar,married,primary,no,943,yes,no,unknown,29,may,242,3,-1,0,unknown,no
43,blue-collar,married,primary,no,794,yes,no,cellular,13,may,38,3,-1,0,unknown,no
33,management,married,tertiary,no,644,no,no,cellular,11,aug,99,2,-1,0,unknown,no
41,management,married,tertiary,no,-195,no,yes,cellular,20,nov,112,1,-1,0,unknown,no
51,blue-collar,married,primary,no,5050,no,yes,unknown,16,jun,75,7,-1,0,unknown,no
42,entrepreneur,married,secondary,no,324,yes,no,cellular,15,jul,528,3,-1,0,unknown,no
59,retired,married,secondary,no,374,no,no,cellular,29,aug,272,2,-1,0,unknown,no
34,admin.,married,secondary,no,2064,yes,no,unknown,26,may,165,2,-1,0,unknown,no
30,blue-collar,married,secondary,no,128,yes,no,unknown,14,may,273,1,-1,0,unknown,no
31,technician,single,secondary,no,863,yes,no,cellular,3,feb,146,1,263,5,success,no
46,technician,married,tertiary,no,841,yes,no,unknown,6,may,158,1,-1,0,unknown,no
44,services,divorced,secondary,no,206,yes,no,cellular,14,may,78,1,365,1,failure,no
39,technician,single,secondary,no,201,no,yes,unknown,6,jun,148,4,-1,0,unknown,no
36,admin.,single,unknown,no,1815,no,no,unknown,5,jun,387,1,-1,0,unknown,no
59,admin.,married,primary,no,1040,no,no,telephone,31,jul,733,1,-1,0,unknown,no
33,admin.,married,secondary,no,920,no,no,cellular,13,aug,111,1,105,1,success,no
44,housemaid,married,primary,yes,-972,yes,yes,unknown,16,may,114,2,-1,0,unknown,no
41,management,married,tertiary,no,3016,yes,no,cellular,14,jul,80,3,-1,0,unknown,no
43,management,divorced,tertiary,no,3578,no,no,cellular,29,jan,376,2,-1,0,unknown,no
41,blue-collar,married,primary,no,0,yes,yes,unknown,6,may,238,1,-1,0,unknown,no
38,management,married,unknown,no,1349,yes,no,unknown,6,may,100,1,-1,0,unknown,no
52,blue-collar,divorced,primary,no,2800,no,no,unknown,19,jun,149,1,-1,0,unknown,no
37,blue-collar,married,primary,no,240,yes,no,cellular,11,may,259,1,370,2,other,no
59,management,married,unknown,no,3534,no,no,cellular,21,nov,216,4,-1,0,unknown,no
41,technician,divorced,secondary,no,1545,no,yes,cellular,13,aug,183,2,-1,0,unknown,no
27,management,single,unknown,no,3196,no,no,cellular,9,feb,10,2,-1,0,unknown,no
39,admin.,married,secondary,no,159,no,no,cellular,19,nov,177,1,-1,0,unknown,no
33,management,married,tertiary,no,296,no,no,cellular,16,jul,90,2,-1,0,unknown,no
50,blue-collar,married,secondary,no,3558,no,no,cellular,26,aug,84,10,-1,0,unknown,no
46,admin.,married,primary,no,469,yes,no,cellular,2,feb,75,1,264,10,other,no
56,entrepreneur,married,tertiary,no,-124,yes,no,unknown,15,may,374,5,-1,0,unknown,no
48,management,married,tertiary,no,3842,no,no,cellular,1,oct,168,1,122,2,success,no
31,blue-collar,married,secondary,no,-720,yes,yes,unknown,15,may,112,2,-1,0,unknown,no
27,blue-collar,married,secondary,no,-59,no,yes,cellular,8,jul,154,3,-1,0,unknown,no
36,admin.,married,secondary,no,0,yes,yes,cellular,11,may,94,1,-1,0,unknown,no
39,entrepreneur,married,secondary,no,283,yes,no,unknown,26,may,126,2,-1,0,unknown,no
45,management,single,tertiary,no,16,no,no,cellular,31,jul,59,2,-1,0,unknown,no
36,blue-collar,married,primary,no,973,yes,yes,unknown,23,may,293,1,-1,0,unknown,no
28,blue-collar,married,primary,no,115,yes,no,unknown,28,may,78,4,-1,0,unknown,no
42,housemaid,single,secondary,no,578,no,no,telephone,28,jan,44,1,-1,0,unknown,no
42,housemaid,married,primary,no,4279,yes,no,cellular,22,jul,98,1,-1,0,unknown,no
27,management,single,tertiary,no,1137,yes,no,cellular,8,may,26,1,-1,0,unknown,no
38,management,single,tertiary,no,8669,yes,no,telephone,20,apr,5,3,150,6,failure,no
45,entrepreneur,married,primary,no,488,yes,no,telephone,28,jul,90,11,-1,0,unknown,no
32,management,single,tertiary,no,1077,no,no,cellular,5,aug,200,1,717,4,failure,no
48,technician,married,secondary,no,256,yes,no,unknown,29,may,150,4,-1,0,unknown,no
28,blue-collar,single,secondary,no,1011,yes,no,cellular,20,apr,204,3,-1,0,unknown,no
54,retired,divorced,secondary,no,2761,no,no,cellular,16,jul,771,1,-1,0,unknown,no
38,blue-collar,married,primary,no,714,yes,no,unknown,29,may,225,3,-1,0,unknown,no
36,technician,single,secondary,no,-15,yes,no,unknown,6,may,341,3,-1,0,unknown,no
43,services,divorced,secondary,no,-287,yes,no,cellular,20,apr,580,4,-1,0,unknown,no
53,blue-collar,married,secondary,no,0,yes,no,cellular,7,may,407,2,-1,0,unknown,no
51,blue-collar,married,secondary,no,700,no,no,cellular,8,aug,237,4,-1,0,unknown,no
26,student,single,tertiary,no,641,yes,no,cellular,15,may,55,1,368,1,failure,no
40,technician,married,secondary,no,8379,no,no,unknown,12,jun,52,6,-1,0,unknown,no
40,unemployed,single,secondary,no,1744,yes,no,unknown,21,may,465,11,-1,0,unknown,no
59,management,divorced,tertiary,no,81,no,no,cellular,26,may,140,1,-1,0,unknown,no
33,blue-collar,married,secondary,no,202,yes,no,cellular,17,apr,377,1,-1,0,unknown,no
40,blue-collar,married,secondary,no,-60,yes,no,cellular,21,jul,250,1,-1,0,unknown,no
31,admin.,married,secondary,no,941,yes,no,cellular,8,apr,213,4,-1,0,unknown,no
50,entrepreneur,married,secondary,no,854,no,no,cellular,16,apr,198,1,-1,0,unknown,no
46,unemployed,married,secondary,no,16397,no,no,cellular,18,nov,641,1,-1,0,unknown,no
35,management,single,tertiary,no,687,yes,no,unknown,30,may,166,2,-1,0,unknown,no
43,management,married,tertiary,no,136,no,no,cellular,6,aug,120,2,-1,0,unknown,no
40,technician,married,secondary,no,7313,yes,no,cellular,18,nov,241,2,182,1,failure,no
29,blue-collar,married,secondary,no,-565,yes,no,unknown,18,jun,164,3,-1,0,unknown,no
54,retired,single,primary,no,767,no,no,unknown,9,jun,42,2,-1,0,unknown,no
33,technician,married,secondary,no,480,yes,no,cellular,30,jan,272,1,270,1,other,no
59,admin.,married,secondary,no,4196,no,no,telephone,31,jul,10,2,-1,0,unknown,no
31,services,single,secondary,no,-45,no,no,unknown,7,may,246,2,-1,0,unknown,no
35,technician,married,secondary,no,410,yes,no,cellular,20,nov,67,2,-1,0,unknown,no
55,self-employed,married,secondary,no,12159,yes,no,cellular,20,nov,142,2,174,2,failure,no
33,blue-collar,married,secondary,no,395,yes,no,unknown,2,jun,122,1,-1,0,unknown,no
30,blue-collar,single,primary,no,395,no,no,cellular,21,nov,429,1,-1,0,unknown,no
59,management,married,tertiary,no,1585,no,no,telephone,28,aug,91,5,-1,0,unknown,no
29,technician,married,secondary,no,-910,yes,no,cellular,21,jul,260,1,-1,0,unknown,no
32,blue-collar,married,secondary,no,43,yes,no,unknown,21,may,173,2,-1,0,unknown,no
34,admin.,single,tertiary,no,64,yes,no,cellular,28,jul,76,2,-1,0,unknown,no
46,technician,divorced,secondary,no,3455,yes,no,unknown,14,may,566,2,-1,0,unknown,no
39,management,married,tertiary,no,309,no,no,cellular,26,aug,94,14,-1,0,unknown,no
32,self-employed,married,tertiary,no,102,no,no,cellular,22,aug,398,5,-1,0,unknown,no
50,self-employed,married,tertiary,no,202,yes,no,cellular,15,apr,107,1,148,4,failure,no
57,management,married,unknown,no,0,no,no,cellular,30,sep,585,1,-1,0,unknown,no
37,admin.,single,secondary,no,22,yes,no,cellular,7,may,28,2,289,5,failure,no
27,blue-collar,single,secondary,no,5563,yes,no,unknown,30,may,435,2,-1,0,unknown,no
58,management,married,tertiary,no,287,yes,no,cellular,21,aug,676,8,-1,0,unknown,no
31,admin.,single,secondary,no,437,yes,yes,unknown,4,jun,173,14,-1,0,unknown,no
31,services,married,secondary,no,418,yes,yes,cellular,9,jul,219,1,-1,0,unknown,no
41,blue-collar,married,primary,no,449,yes,no,cellular,20,apr,10,6,-1,0,unknown,no
32,management,single,tertiary,no,17,no,no,cellular,22,aug,72,4,-1,0,unknown,no
47,blue-collar,married,primary,no,4040,no,no,cellular,11,aug,53,5,-1,0,unknown,no
58,retired,single,tertiary,no,1411,yes,no,cellular,13,may,425,2,-1,0,unknown,no
47,entrepreneur,married,secondary,no,318,no,no,cellular,4,aug,299,2,-1,0,unknown,no
46,blue-collar,married,secondary,no,2603,yes,yes,cellular,11,may,50,3,277,2,failure,no
57,services,married,primary,no,443,no,no,telephone,17,jul,167,1,-1,0,unknown,no
58,retired,married,primary,no,5092,no,no,unknown,11,jun,199,6,-1,0,unknown,no
36,blue-collar,divorced,secondary,no,719,yes,no,unknown,13,may,1052,1,-1,0,unknown,no
37,blue-collar,married,primary,no,0,yes,no,unknown,26,may,24,1,-1,0,unknown,no
33,blue-collar,married,secondary,no,1134,yes,no,unknown,23,may,304,2,-1,0,unknown,no
60,blue-collar,married,primary,no,228,yes,no,unknown,28,may,249,11,-1,0,unknown,no
52,management,married,tertiary,no,1453,no,no,telephone,29,jul,254,21,-1,0,unknown,no
46,management,divorced,tertiary,no,0,no,yes,cellular,29,aug,38,6,-1,0,unknown,no
29,blue-collar,married,secondary,no,15,no,no,cellular,3,jun,136,1,-1,0,unknown,no
44,services,married,secondary,no,983,no,no,cellular,28,jan,123,1,-1,0,unknown,no
53,admin.,divorced,secondary,no,223,yes,yes,cellular,22,jul,534,1,-1,0,unknown,no
30,management,single,tertiary,no,1636,no,no,unknown,6,jun,301,2,-1,0,unknown,no
28,blue-collar,married,secondary,no,4287,no,no,cellular,30,apr,171,1,-1,0,unknown,no
43,management,divorced,tertiary,no,1,yes,yes,unknown,2,jun,28,8,-1,0,unknown,no
33,management,married,tertiary,no,3301,yes,no,cellular,2,nov,131,2,171,2,failure,no
48,blue-collar,married,primary,no,2227,no,no,cellular,18,aug,98,12,-1,0,unknown,no
58,entrepreneur,married,secondary,no,2,no,no,unknown,16,jun,684,1,-1,0,unknown,no
56,housemaid,married,primary,no,445,no,no,cellular,21,nov,13,6,-1,0,unknown,no
53,management,married,tertiary,no,241,yes,no,cellular,19,nov,137,1,-1,0,unknown,no
35,admin.,married,secondary,no,11,yes,no,cellular,23,jul,103,4,-1,0,unknown,no
31,management,married,tertiary,no,50,no,no,cellular,19,aug,37,5,-1,0,unknown,no
51,admin.,divorced,secondary,no,2195,yes,no,unknown,13,may,59,1,-1,0,unknown,no
56,retired,married,secondary,no,5879,no,no,unknown,20,jun,237,3,-1,0,unknown,no
25,student,single,secondary,no,469,no,no,cellular,24,feb,524,1,187,2,success,no
35,admin.,single,tertiary,no,777,no,yes,cellular,28,may,85,1,-1,0,unknown,no
36,technician,married,secondary,no,-393,no,no,telephone,14,aug,119,4,-1,0,unknown,no
52,blue-collar,married,primary,no,4660,no,no,cellular,18,aug,82,3,-1,0,unknown,no
33,unemployed,married,tertiary,no,3335,no,no,cellular,15,jun,92,1,301,6,failure,no
71,retired,married,secondary,no,2064,no,no,cellular,9,nov,379,2,92,3,failure,no
54,blue-collar,married,primary,no,2440,no,yes,cellular,17,nov,334,1,-1,0,unknown,no
35,technician,married,tertiary,no,4,yes,no,cellular,14,may,88,1,-1,0,unknown,no
33,technician,married,secondary,no,8,no,no,cellular,29,aug,462,2,-1,0,unknown,no
30,self-employed,single,tertiary,no,3137,yes,no,cellular,31,jul,368,7,-1,0,unknown,no
43,services,single,secondary,no,21,no,no,cellular,3,feb,203,3,-1,0,unknown,no
28,blue-collar,single,secondary,no,455,yes,no,cellular,11,jul,166,1,-1,0,unknown,no
41,blue-collar,married,primary,no,4,no,no,cellular,23,jul,74,5,-1,0,unknown,no
30,technician,single,tertiary,no,6619,yes,no,cellular,21,aug,239,8,-1,0,unknown,no
45,unemployed,married,primary,no,0,yes,no,cellular,2,feb,570,2,-1,0,unknown,no
59,admin.,married,secondary,no,2552,no,yes,cellular,5,aug,125,3,-1,0,unknown,no
27,technician,married,tertiary,no,276,no,no,unknown,16,may,218,2,-1,0,unknown,no
50,blue-collar,married,primary,no,71,yes,no,unknown,6,may,678,1,-1,0,unknown,no
27,management,single,secondary,no,843,no,no,cellular,12,jul,123,2,185,1,success,no
46,blue-collar,married,secondary,no,229,yes,no,cellular,17,apr,191,1,-1,0,unknown,no
51,admin.,married,secondary,no,176,no,no,cellular,28,jan,214,1,183,2,failure,no
32,blue-collar,married,primary,no,0,yes,yes,cellular,8,may,82,2,361,4,failure,no
45,blue-collar,married,primary,no,900,yes,no,unknown,9,jun,213,1,-1,0,unknown,no
29,admin.,single,secondary,no,260,yes,no,cellular,4,feb,453,2,273,2,failure,no
57,admin.,married,primary,no,1694,yes,no,telephone,17,nov,378,1,-1,0,unknown,no
41,blue-collar,married,secondary,no,167,no,no,unknown,20,jun,48,1,-1,0,unknown,no
36,entrepreneur,married,tertiary,no,0,no,no,unknown,2,jun,87,3,-1,0,unknown,no
57,management,married,tertiary,no,337,no,no,cellular,5,feb,59,2,-1,0,unknown,no
44,blue-collar,divorced,unknown,no,284,no,no,cellular,3,feb,167,4,187,5,other,no
28,technician,single,secondary,no,922,yes,no,cellular,7,apr,304,1,-1,0,unknown,no
39,services,married,secondary,no,93,yes,no,cellular,11,may,72,4,-1,0,unknown,no
40,technician,single,tertiary,no,693,no,no,cellular,30,jan,427,1,-1,0,unknown,no
39,blue-collar,divorced,unknown,no,463,yes,no,cellular,18,may,169,1,-1,0,unknown,no
48,management,married,tertiary,no,190,no,no,cellular,25,aug,14,22,-1,0,unknown,no
51,technician,married,secondary,no,2682,no,no,unknown,18,jun,56,1,-1,0,unknown,no
35,technician,single,tertiary,no,144,yes,yes,cellular,4,feb,202,4,113,20,failure,no
40,blue-collar,married,secondary,no,1938,yes,no,cellular,7,may,228,1,-1,0,unknown,no
37,admin.,married,secondary,no,10465,no,no,unknown,17,jun,144,6,-1,0,unknown,no
46,admin.,divorced,secondary,no,1198,yes,yes,cellular,7,apr,837,1,307,1,other,no
34,services,single,tertiary,no,371,no,no,unknown,20,may,77,1,-1,0,unknown,no
52,management,married,tertiary,no,575,no,no,unknown,3,jun,315,1,-1,0,unknown,no
35,management,single,tertiary,no,0,yes,no,unknown,2,jun,184,1,-1,0,unknown,no
31,technician,single,tertiary,no,279,yes,no,unknown,13,may,198,1,-1,0,unknown,no
33,admin.,single,secondary,no,241,no,no,cellular,22,jul,490,1,-1,0,unknown,no
48,technician,divorced,tertiary,no,2328,no,no,cellular,27,aug,129,7,-1,0,unknown,no
36,blue-collar,married,secondary,no,222,yes,no,unknown,23,may,188,1,-1,0,unknown,no
50,admin.,married,secondary,no,715,no,no,cellular,28,aug,131,13,-1,0,unknown,no
32,services,married,secondary,no,1398,yes,yes,cellular,15,may,233,1,-1,0,unknown,no
46,management,married,tertiary,yes,-337,no,yes,cellular,21,aug,120,2,-1,0,unknown,no
25,self-employed,married,tertiary,no,1182,yes,no,unknown,26,may,141,2,-1,0,unknown,no
47,management,divorced,tertiary,no,4556,yes,no,unknown,14,may,146,1,-1,0,unknown,no
39,management,divorced,tertiary,no,373,no,no,cellular,26,aug,148,4,-1,0,unknown,no
28,admin.,married,secondary,no,170,yes,yes,unknown,21,may,492,1,-1,0,unknown,no
30,management,married,tertiary,no,1384,yes,no,telephone,14,aug,60,2,-1,0,unknown,no
31,management,single,tertiary,no,18,no,no,cellular,8,aug,82,2,-1,0,unknown,no
52,unemployed,married,primary,no,1724,no,no,cellular,29,jan,73,1,-1,0,unknown,no
32,technician,married,secondary,no,367,yes,no,cellular,11,may,214,2,276,3,failure,no
23,blue-collar,single,secondary,no,537,yes,no,cellular,7,may,172,1,353,2,other,no
32,management,married,tertiary,no,1683,yes,yes,cellular,20,apr,72,2,-1,0,unknown,no
49,technician,married,unknown,no,-287,yes,no,unknown,26,may,49,1,-1,0,unknown,no
60,retired,married,secondary,no,5632,yes,no,cellular,30,jul,380,7,-1,0,unknown,no
33,management,single,tertiary,no,383,yes,no,cellular,9,jul,125,1,-1,0,unknown,no
26,management,single,tertiary,no,3178,no,no,cellular,2,jun,64,1,-1,0,unknown,no
56,management,divorced,tertiary,no,505,no,no,cellular,9,feb,108,2,199,3,other,no
26,management,single,tertiary,no,1720,no,no,cellular,3,feb,383,1,-1,0,unknown,no
88,retired,married,primary,no,648,no,no,telephone,3,sep,318,1,-1,0,unknown,no
38,admin.,married,secondary,no,0,yes,no,telephone,16,jul,284,8,-1,0,unknown,no
44,technician,divorced,secondary,no,314,yes,no,unknown,12,aug,18,1,651,1,success,no
49,services,married,tertiary,no,411,no,no,telephone,14,may,9,6,-1,0,unknown,no
33,unemployed,single,tertiary,no,4874,no,no,telephone,22,feb,363,2,-1,0,unknown,no
56,housemaid,divorced,primary,no,61,no,no,cellular,2,jun,144,1,-1,0,unknown,no
33,admin.,married,secondary,no,177,yes,no,cellular,11,may,100,1,-1,0,unknown,no
31,management,married,tertiary,no,459,no,no,cellular,28,aug,13,14,-1,0,unknown,no
42,services,married,unknown,no,1340,no,yes,cellular,30,jul,88,5,-1,0,unknown,no
41,technician,married,secondary,no,862,no,no,cellular,18,nov,474,2,-1,0,unknown,no
31,management,married,tertiary,no,607,no,no,cellular,27,aug,200,5,-1,0,unknown,no
32,management,single,tertiary,no,1966,no,no,cellular,18,aug,176,3,-1,0,unknown,no
37,technician,single,secondary,no,363,yes,no,cellular,21,nov,39,4,182,3,failure,no
59,retired,divorced,unknown,no,-49,yes,no,unknown,13,may,248,2,-1,0,unknown,no
42,blue-collar,married,primary,no,250,yes,no,unknown,4,jun,46,16,-1,0,unknown,no
38,admin.,divorced,secondary,no,407,yes,yes,cellular,19,aug,89,1,-1,0,unknown,no
39,management,married,tertiary,no,0,no,no,cellular,29,aug,94,2,-1,0,unknown,no
39,services,divorced,secondary,no,1957,yes,yes,cellular,20,nov,47,1,-1,0,unknown,no
41,entrepreneur,married,secondary,no,353,no,no,cellular,19,nov,90,2,-1,0,unknown,no
50,admin.,married,secondary,no,1138,yes,yes,cellular,31,jul,73,8,-1,0,unknown,no
33,technician,married,secondary,no,0,yes,yes,cellular,19,nov,163,2,-1,0,unknown,no
40,blue-collar,married,secondary,no,1844,yes,no,cellular,11,may,231,1,-1,0,unknown,no
45,blue-collar,married,secondary,no,603,no,no,cellular,22,may,204,1,-1,0,unknown,no
47,management,married,tertiary,no,0,no,no,unknown,5,jun,265,2,-1,0,unknown,no
55,services,married,secondary,no,283,yes,no,unknown,19,may,156,1,-1,0,unknown,no
45,blue-collar,single,secondary,no,0,yes,no,cellular,16,oct,283,1,165,3,failure,no
47,blue-collar,married,secondary,no,3630,yes,no,unknown,14,may,133,4,-1,0,unknown,no
36,blue-collar,divorced,primary,no,17,yes,no,cellular,16,jul,329,1,-1,0,unknown,no
31,technician,single,secondary,no,433,no,no,cellular,11,aug,1504,2,-1,0,unknown,no
41,technician,married,secondary,no,335,no,no,cellular,18,aug,169,3,-1,0,unknown,no
67,management,married,secondary,no,1287,no,no,cellular,2,feb,511,1,-1,0,unknown,no
37,blue-collar,divorced,secondary,no,719,yes,no,cellular,13,may,118,1,365,1,failure,no
29,admin.,single,secondary,no,1261,no,no,cellular,5,feb,605,1,-1,0,unknown,no
53,housemaid,married,primary,no,1903,no,no,unknown,5,jun,827,1,-1,0,unknown,no
50,entrepreneur,married,primary,no,199,no,no,cellular,11,may,228,2,363,2,failure,no
35,management,married,tertiary,no,4943,yes,no,cellular,18,nov,295,1,124,2,failure,no
34,technician,single,secondary,no,664,yes,yes,cellular,11,may,88,2,343,2,other,no
41,retired,single,primary,no,2579,no,no,cellular,13,oct,213,1,-1,0,unknown,no
52,technician,married,secondary,no,851,no,no,unknown,17,jun,87,2,-1,0,unknown,no
35,housemaid,married,tertiary,no,2880,no,no,cellular,29,jan,42,1,-1,0,unknown,no
40,admin.,married,secondary,no,1597,yes,no,unknown,30,may,633,1,-1,0,unknown,no
35,management,divorced,tertiary,no,771,yes,yes,cellular,18,aug,221,5,-1,0,unknown,no
33,technician,married,secondary,no,346,yes,yes,cellular,24,jul,379,1,-1,0,unknown,no
41,admin.,divorced,secondary,no,1967,yes,no,cellular,18,may,115,1,341,1,failure,no
59,management,divorced,tertiary,no,0,no,no,telephone,30,jul,196,3,-1,0,unknown,no
29,technician,single,tertiary,no,940,yes,no,cellular,15,may,757,1,330,1,failure,no
29,blue-collar,married,primary,no,-235,yes,no,cellular,22,jul,189,1,-1,0,unknown,no
45,management,divorced,tertiary,no,6269,yes,no,cellular,29,jul,20,2,-1,0,unknown,no
39,blue-collar,married,secondary,no,142,no,yes,cellular,14,jul,424,4,-1,0,unknown,no
40,entrepreneur,married,tertiary,no,-164,no,no,cellular,7,may,87,1,-1,0,unknown,no
59,entrepreneur,married,primary,no,0,no,no,unknown,19,jun,239,1,-1,0,unknown,no
54,services,married,secondary,no,4482,yes,no,unknown,20,may,97,2,-1,0,unknown,no
56,management,married,tertiary,no,-6,no,no,telephone,31,jul,29,16,-1,0,unknown,no
28,management,married,secondary,no,3,yes,no,cellular,14,sep,112,2,24,2,other,no
39,management,married,tertiary,no,756,yes,no,unknown,2,jun,268,1,-1,0,unknown,no
32,blue-collar,married,secondary,no,4996,yes,no,unknown,20,may,205,2,-1,0,unknown,no
35,blue-collar,married,secondary,no,74,no,no,cellular,23,jul,248,2,-1,0,unknown,no
47,blue-collar,married,secondary,no,2128,yes,no,telephone,17,apr,98,1,-1,0,unknown,no
40,blue-collar,single,primary,no,1780,no,yes,unknown,11,jun,114,1,-1,0,unknown,no
55,services,married,tertiary,no,606,no,yes,cellular,18,nov,114,2,-1,0,unknown,no
37,management,married,tertiary,no,26,no,no,cellular,17,jun,151,7,62,4,failure,no
40,technician,married,secondary,no,503,yes,no,unknown,14,may,127,3,-1,0,unknown,no
35,blue-collar,married,primary,no,4319,no,no,cellular,16,apr,266,1,-1,0,unknown,no
42,management,married,tertiary,no,0,no,no,cellular,6,aug,81,3,-1,0,unknown,no
48,blue-collar,married,primary,no,1080,yes,no,cellular,11,may,197,2,-1,0,unknown,no
43,blue-collar,married,primary,no,8,no,no,telephone,7,jul,245,5,-1,0,unknown,no
43,entrepreneur,married,tertiary,no,13342,yes,no,cellular,18,nov,465,1,-1,0,unknown,no
41,blue-collar,married,secondary,no,4910,yes,no,cellular,3,apr,1090,1,-1,0,unknown,no
25,blue-collar,single,primary,no,-221,yes,no,unknown,23,may,250,1,-1,0,unknown,no
59,retired,divorced,primary,no,20,no,no,cellular,10,jul,298,1,-1,0,unknown,no
49,entrepreneur,married,tertiary,no,313,yes,no,cellular,17,nov,42,2,188,2,failure,no
67,technician,married,secondary,no,0,no,no,cellular,13,aug,1152,2,188,1,success,no
31,admin.,married,secondary,no,54,yes,no,cellular,21,nov,226,1,-1,0,unknown,no
51,unknown,married,unknown,no,2642,no,no,cellular,29,jul,52,6,-1,0,unknown,no
47,blue-collar,married,secondary,no,3237,yes,no,unknown,15,may,198,3,-1,0,unknown,no
30,self-employed,married,tertiary,no,163,yes,no,cellular,18,may,149,1,362,8,other,no
37,technician,married,secondary,no,177,yes,no,cellular,16,jul,464,3,-1,0,unknown,no
24,student,single,secondary,no,493,yes,no,cellular,13,may,85,4,358,1,other,no
55,management,married,tertiary,no,13578,no,no,cellular,29,oct,247,2,-1,0,unknown,no
34,blue-collar,divorced,secondary,no,0,yes,no,cellular,5,may,150,1,-1,0,unknown,no
58,services,married,secondary,no,688,no,no,cellular,6,aug,152,2,-1,0,unknown,no
44,housemaid,single,secondary,no,299,no,no,cellular,20,nov,186,1,-1,0,unknown,no
32,management,married,secondary,no,6217,yes,yes,cellular,18,nov,486,2,181,2,failure,no
38,technician,married,secondary,no,183,yes,no,cellular,16,apr,256,3,339,2,failure,no
30,management,single,tertiary,no,114,no,no,cellular,14,aug,65,4,-1,0,unknown,no
31,services,married,secondary,no,1783,yes,yes,cellular,6,may,219,1,-1,0,unknown,no
43,blue-collar,married,secondary,no,1311,yes,no,unknown,14,may,746,1,-1,0,unknown,no
54,management,married,secondary,no,2895,yes,no,cellular,9,feb,20,2,256,1,failure,no
43,blue-collar,married,primary,no,377,no,yes,unknown,20,jun,11,5,-1,0,unknown,no
42,unemployed,married,secondary,no,-165,yes,yes,unknown,27,may,179,3,-1,0,unknown,no
32,student,single,secondary,no,14,no,no,cellular,19,aug,144,3,136,1,other,no
37,management,married,tertiary,no,2672,yes,no,cellular,11,aug,549,1,-1,0,unknown,no
52,blue-collar,married,primary,no,4793,yes,no,unknown,6,jun,176,2,-1,0,unknown,no
30,admin.,divorced,secondary,no,370,yes,no,unknown,15,may,160,1,-1,0,unknown,no
38,management,single,tertiary,no,6836,yes,no,unknown,29,may,374,4,-1,0,unknown,no
41,blue-collar,married,primary,no,865,no,yes,unknown,19,may,19,5,-1,0,unknown,no
47,management,married,secondary,no,1144,no,yes,cellular,29,jan,324,1,-1,0,unknown,no
49,self-employed,married,secondary,no,2061,yes,yes,unknown,30,may,137,3,-1,0,unknown,no
44,blue-collar,married,secondary,no,879,yes,no,cellular,3,apr,383,1,-1,0,unknown,no
40,admin.,married,secondary,no,0,yes,no,unknown,23,may,193,2,-1,0,unknown,no
33,management,single,tertiary,no,275,no,no,cellular,18,nov,348,1,-1,0,unknown,no
54,management,married,tertiary,no,6525,yes,no,cellular,19,nov,133,1,170,3,failure,no
32,management,single,tertiary,no,9317,no,no,cellular,2,nov,92,3,-1,0,unknown,no
36,admin.,single,secondary,no,115,no,no,cellular,4,may,134,3,91,1,failure,no
41,admin.,divorced,secondary,no,1076,yes,no,cellular,3,jun,77,2,391,2,other,no
57,housemaid,divorced,primary,no,8278,no,no,cellular,17,nov,408,3,-1,0,unknown,no
43,technician,divorced,tertiary,no,101,no,no,cellular,19,aug,173,3,-1,0,unknown,no
33,services,married,secondary,no,403,yes,no,unknown,20,may,274,2,-1,0,unknown,no
50,management,divorced,tertiary,no,299,no,no,cellular,17,nov,666,3,-1,0,unknown,no
41,admin.,married,secondary,no,124,yes,no,cellular,12,may,191,3,-1,0,unknown,no
31,technician,single,secondary,no,31868,no,no,telephone,14,aug,34,6,-1,0,unknown,no
58,admin.,married,primary,no,879,yes,no,unknown,16,may,242,7,-1,0,unknown,no
33,technician,single,tertiary,no,34,no,no,cellular,28,aug,13,30,-1,0,unknown,no
47,blue-collar,married,secondary,no,2548,yes,no,cellular,11,may,577,1,368,1,other,no
28,blue-collar,married,primary,no,-196,no,no,cellular,7,jul,209,1,-1,0,unknown,no
33,admin.,married,secondary,no,393,yes,no,unknown,28,may,383,1,-1,0,unknown,no
28,blue-collar,married,secondary,no,-185,yes,yes,unknown,13,may,170,1,-1,0,unknown,no
32,technician,single,secondary,no,930,yes,no,unknown,21,may,122,1,-1,0,unknown,no
38,admin.,married,primary,no,-175,yes,no,telephone,21,jul,86,9,-1,0,unknown,no
57,management,married,secondary,no,0,no,no,cellular,28,jan,132,1,-1,0,unknown,no
32,technician,married,secondary,no,2556,no,no,cellular,6,aug,269,3,-1,0,unknown,no
39,technician,married,secondary,no,-1451,yes,yes,cellular,30,jul,65,5,-1,0,unknown,no
53,services,married,unknown,no,257,yes,no,unknown,5,may,209,2,-1,0,unknown,no
35,management,married,tertiary,no,3168,no,no,cellular,22,aug,24,30,-1,0,unknown,no
56,management,married,tertiary,no,-45,yes,no,unknown,30,may,116,6,-1,0,unknown,no
41,admin.,single,secondary,no,0,no,no,telephone,25,jul,286,2,-1,0,unknown,no
41,unemployed,married,primary,no,183,yes,no,cellular,29,jul,271,1,-1,0,unknown,no
60,retired,married,secondary,no,8590,no,no,unknown,5,jun,85,1,-1,0,unknown,no
30,technician,married,secondary,no,1011,yes,no,unknown,16,may,109,1,-1,0,unknown,no
28,blue-collar,single,secondary,no,75,no,no,unknown,1,jun,7,1,-1,0,unknown,no
42,admin.,married,secondary,no,12,yes,no,cellular,16,apr,466,4,-1,0,unknown,no
58,blue-collar,married,secondary,no,381,no,no,cellular,11,nov,79,4,-1,0,unknown,no
36,blue-collar,married,unknown,no,722,yes,no,unknown,20,may,268,2,-1,0,unknown,no
31,technician,single,tertiary,yes,24,no,no,cellular,21,aug,246,2,-1,0,unknown,no
40,housemaid,married,primary,no,0,no,no,cellular,28,aug,16,20,-1,0,unknown,no
53,self-employed,married,primary,no,4576,no,no,telephone,30,jul,82,2,-1,0,unknown,no
53,technician,divorced,unknown,no,629,yes,no,cellular,8,may,298,1,-1,0,unknown,no
33,blue-collar,married,primary,no,-132,yes,yes,cellular,18,may,170,6,-1,0,unknown,no
25,services,married,secondary,no,10,yes,no,cellular,7,may,51,1,294,1,failure,no
43,unemployed,divorced,secondary,no,0,yes,no,cellular,24,jul,229,2,-1,0,unknown,no
34,unemployed,married,secondary,no,200,yes,no,unknown,26,may,155,6,-1,0,unknown,no
25,technician,single,secondary,no,173,yes,no,cellular,15,may,186,2,-1,0,unknown,no
47,services,married,unknown,no,4822,yes,no,unknown,21,may,154,5,-1,0,unknown,no
26,services,single,secondary,no,531,yes,yes,cellular,6,feb,184,1,-1,0,unknown,no
37,self-employed,married,secondary,yes,0,yes,no,cellular,17,jul,158,1,-1,0,unknown,no
34,technician,married,secondary,no,4,yes,no,cellular,2,feb,105,2,263,1,failure,no
40,management,divorced,tertiary,no,205,no,no,cellular,25,jul,357,1,-1,0,unknown,no
45,unemployed,divorced,secondary,no,-44,yes,no,cellular,7,jul,256,2,-1,0,unknown,no
39,admin.,single,secondary,no,0,no,yes,unknown,19,jun,142,1,-1,0,unknown,no
33,entrepreneur,married,secondary,no,137,yes,no,cellular,15,jul,136,3,-1,0,unknown,no
31,blue-collar,married,secondary,no,435,yes,no,unknown,21,may,204,1,-1,0,unknown,no
35,technician,single,unknown,no,726,yes,no,cellular,5,may,163,1,-1,0,unknown,no
55,retired,married,tertiary,no,2929,no,no,unknown,16,jun,556,3,-1,0,unknown,no
28,technician,single,secondary,no,2000,no,no,telephone,3,feb,226,2,-1,0,unknown,no
40,management,married,tertiary,no,143,no,no,cellular,13,aug,832,6,-1,0,unknown,no
54,retired,divorced,tertiary,no,6102,yes,yes,unknown,21,may,86,6,-1,0,unknown,no
25,services,single,secondary,no,199,no,no,cellular,16,aug,111,2,95,3,other,no
33,management,married,tertiary,no,584,yes,no,cellular,7,aug,269,3,-1,0,unknown,no
50,management,single,tertiary,no,490,no,no,cellular,14,aug,273,5,-1,0,unknown,no
60,technician,married,primary,no,4243,yes,no,cellular,4,feb,387,1,251,1,failure,no
42,admin.,married,secondary,no,6445,yes,no,unknown,2,jun,20,8,-1,0,unknown,no
27,management,single,tertiary,no,390,no,no,cellular,28,oct,190,1,82,1,success,no
34,housemaid,married,tertiary,no,677,no,no,cellular,9,feb,37,2,-1,0,unknown,no
31,student,single,secondary,no,0,no,no,cellular,22,sep,173,1,-1,0,unknown,no
40,technician,married,tertiary,no,1034,yes,no,cellular,18,may,368,2,-1,0,unknown,no
54,blue-collar,married,primary,no,6242,yes,no,cellular,7,may,162,1,-1,0,unknown,no
51,management,married,primary,no,98,yes,no,unknown,7,may,114,2,-1,0,unknown,no
30,blue-collar,single,secondary,no,971,yes,no,cellular,17,apr,283,1,317,2,other,no
32,technician,divorced,secondary,no,1097,yes,no,unknown,12,may,298,2,-1,0,unknown,no
54,admin.,married,primary,no,0,no,no,cellular,30,jul,255,2,-1,0,unknown,no
42,blue-collar,married,primary,no,784,no,no,cellular,28,apr,428,3,-1,0,unknown,no
37,technician,married,secondary,no,95,no,no,cellular,6,feb,454,3,-1,0,unknown,no
43,admin.,married,secondary,no,616,yes,no,unknown,9,may,168,2,-1,0,unknown,no
45,unemployed,single,secondary,no,382,yes,yes,cellular,18,may,182,1,-1,0,unknown,no
39,management,married,tertiary,no,-974,no,yes,cellular,13,aug,130,4,-1,0,unknown,no
35,unemployed,married,secondary,yes,1054,yes,yes,cellular,21,nov,106,1,-1,0,unknown,no
40,blue-collar,married,primary,no,2171,yes,no,unknown,9,may,97,1,-1,0,unknown,no
31,management,single,tertiary,no,0,yes,no,cellular,8,sep,76,1,-1,0,unknown,no
49,retired,married,unknown,no,247,no,no,unknown,15,may,213,2,-1,0,unknown,no
32,blue-collar,married,secondary,no,130,yes,no,cellular,6,may,302,2,-1,0,unknown,no
52,admin.,divorced,secondary,no,48,no,yes,cellular,17,nov,591,1,-1,0,unknown,no
38,unemployed,divorced,secondary,no,189,yes,yes,cellular,21,jul,105,2,-1,0,unknown,no
60,retired,married,secondary,no,0,yes,no,unknown,15,may,229,1,-1,0,unknown,no
30,admin.,married,secondary,yes,23,no,yes,cellular,4,feb,149,2,-1,0,unknown,no
44,unemployed,married,secondary,no,0,no,no,cellular,21,nov,175,4,-1,0,unknown,no
46,entrepreneur,married,secondary,no,3317,no,no,cellular,19,nov,231,2,-1,0,unknown,no
43,admin.,single,secondary,no,35,no,no,telephone,9,nov,208,1,-1,0,unknown,no
32,technician,single,secondary,no,29,no,no,cellular,19,aug,156,2,-1,0,unknown,no
